Run,Raw_Material_USD_kWh,CVD_Coating_USD_kWh,Cell_Assembly_USD_kWh,BOS_USD_kWh,Overhead_USD_kWh,Cumulative_Production_GWh,Learning_Rate,LR_Multiplier,Total_System_Cost_USD_kWh
1,42.56,45.65,29.8,24.12,17.4,91.45,0.1215,0.8806,140.48
2,48.92,31.09,23.15,15.38,14.85,27.12,0.1495,0.8917,118.94
3,27.96,34.08,22.1,22.3,13.66,2.26,0.1711,0.9561,114.83
4,53.92,32.63,29.67,17.52,15.5,92.64,0.134,0.8679,129.53
5,42.64,42.99,11.34,18.69,8.62,24.62,0.1893,0.8667,107.72
6,40.88,39.24,18.62,20.19,9.35,66.58,0.134,0.8774,112.57
7,32.39,75.03,26.21,19.52,16.23,4.5,0.1041,0.9614,162.85
8,34.91,30.01,29.19,13.3,10.54,62.06,0.1738,0.8436,99.5
9,36.98,71.7,29.23,25.53,12.75,27.68,0.1163,0.9152,161.25
10,28.59,16.96,11.38,24.54,15.63,20.75,0.1917,0.8718,84.65
11,37.48,42.57,22.58,19.41,17.66,7.24,0.1656,0.9241,129.1
12,32.86,18.56,29.3,23.74,16.15,89.39,0.1302,0.8727,105.26
13,45.46,23.24,19.87,18.41,14.73,92.94,0.1431,0.8588,104.53
14,15.63,23.7,23.83,16.07,14.94,82.88,0.1417,0.8637,81.35
15,38.02,22.97,27.26,20.22,13.76,30.11,0.1548,0.8844,108.1
16,32.26,27.44,25.33,15.32,15.03,1.01,0.1224,0.9814,113.24
17,40.02,84.4,27.45,22.44,14.65,24.86,0.1109,0.9217,174.15
18,58.83,24.63,24.14,17.19,17.63,59.18,0.1607,0.8571,122.06
19,53.39,18.35,27.85,13.6,14.94,33.67,0.1583,0.8781,112.52
20,36.04,42.64,27.97,5.49,13.86,14.17,0.137,0.9191,115.81
21,38.52,38.56,29.27,19.49,17.57,20.79,0.1877,0.8744,125.4
22,33.3,84.93,28.99,21.28,15.48,80.72,0.1765,0.8313,152.94
23,38.79,34.43,29.93,25.35,16.15,32.05,0.1213,0.9079,131.33
24,45.89,14.02,22.58,13.06,10.64,14.32,0.1545,0.9085,96.47
25,29.49,29.5,22.86,24.04,12.08,60.07,0.1111,0.9008,106.27
26,52.53,29.27,26.01,18.05,15.25,57.52,0.1287,0.8863,125.06
27,47.32,21.37,34.79,19.75,17.67,40.7,0.1915,0.8449,119.06
28,46.97,27.95,26.14,20.02,17.1,51.26,0.1893,0.8374,115.71
29,43.06,32.97,33.39,19.96,12.86,26.58,0.1277,0.908,129.15
30,32.77,34.16,32.4,11.87,16.07,69.87,0.1285,0.8811,112.14
31,48.1,20.15,32.44,22.86,18.35,22.94,0.1955,0.8652,122.77
32,37.44,44.66,32.06,23.34,13.76,58.77,0.1522,0.8648,130.81
33,26.49,67.34,20.26,23.83,13.36,48.48,0.1943,0.8354,126.37
34,40.64,39.16,19.61,21.95,17.08,14.72,0.1387,0.917,126.94
35,30.73,54.48,20.7,19.17,18.94,40.47,0.1644,0.867,124.87
36,35.16,37.63,30.59,14.13,15.47,52.1,0.1801,0.8446,112.32
37,45.65,23.03,23.62,21.79,11.11,4.21,0.1268,0.9546,119.52
38,39.04,39.01,21.99,20.15,16.53,80.29,0.1693,0.8383,114.61
39,39.7,28.63,22.91,19.99,16.5,72.67,0.1031,0.9037,115.44
40,49.35,22.46,27.39,21.76,16.35,26.35,0.1072,0.923,126.74
41,21.95,33.92,21.52,19.82,13.29,25.4,0.1259,0.9105,100.61
42,49.0,48.59,22.5,18.22,21.58,32.21,0.1413,0.8925,142.71
43,41.18,30.54,23.48,15.28,19.85,80.28,0.1374,0.8687,113.22
44,39.45,76.05,29.59,19.98,14.6,90.18,0.148,0.855,153.61
45,39.7,51.2,16.71,25.89,11.81,18.17,0.1794,0.8849,128.59
46,45.12,28.11,25.04,15.59,13.29,1.63,0.1769,0.9629,122.44
47,48.21,27.77,23.21,24.01,17.04,74.54,0.1548,0.8546,119.86
48,38.11,82.54,28.04,22.86,16.44,44.32,0.114,0.9056,170.24
49,38.93,30.6,24.43,13.15,16.81,65.78,0.1647,0.8497,105.3
50,44.87,40.49,20.41,22.43,16.06,87.51,0.1885,0.8165,117.79
51,23.22,41.43,35.75,20.07,17.66,93.0,0.1471,0.8549,118.08
52,39.21,17.56,32.72,19.67,12.9,41.19,0.1172,0.9047,110.44
53,43.98,17.65,26.23,27.98,12.61,25.36,0.1275,0.9094,116.83
54,36.05,49.3,27.96,23.77,15.67,80.18,0.1627,0.8446,129.02
55,33.61,23.02,21.28,16.29,11.82,38.37,0.1651,0.8684,92.06
56,38.78,35.17,26.04,22.56,10.36,10.71,0.1121,0.9401,124.95
57,35.32,19.13,38.28,16.33,15.56,72.85,0.1709,0.8404,104.73
58,38.03,30.69,31.2,16.5,13.02,74.45,0.1969,0.8152,105.52
59,36.22,38.12,19.72,20.64,15.33,21.07,0.1251,0.9159,119.11
60,52.49,15.35,27.02,24.69,15.74,3.53,0.1013,0.9668,130.81
61,30.88,35.77,25.41,14.05,12.67,12.85,0.1487,0.9151,108.7
62,46.68,36.56,27.6,17.98,15.09,32.1,0.1976,0.8499,122.31
63,35.3,29.02,33.91,24.7,13.32,36.73,0.1045,0.9176,125.03
64,42.61,22.54,20.45,16.24,10.5,88.79,0.1533,0.8503,95.52
65,45.18,30.11,23.99,20.13,16.41,51.76,0.1332,0.8853,120.23
66,52.24,30.12,19.38,18.76,18.67,88.29,0.1472,0.8565,119.2
67,43.14,75.59,26.07,25.11,15.72,19.57,0.1881,0.8765,162.71
68,36.83,33.35,25.54,21.28,19.18,77.86,0.1455,0.862,117.38
69,40.53,29.07,35.42,18.81,16.86,10.07,0.1731,0.9096,127.96
70,55.35,33.32,20.74,16.65,13.05,82.13,0.1789,0.8283,115.23
71,41.31,41.46,29.53,28.42,15.15,37.96,0.1665,0.8676,135.23
72,29.54,40.86,11.89,19.7,20.66,67.33,0.1145,0.895,109.77
73,36.93,41.9,34.66,19.09,13.02,94.31,0.1958,0.8063,117.4
74,36.73,44.55,25.14,22.0,15.25,80.39,0.1184,0.8869,127.43
75,45.84,19.52,25.7,22.88,18.0,21.71,0.1602,0.8914,117.6
76,30.22,43.03,23.89,14.4,17.57,71.44,0.1136,0.8943,115.47
77,35.94,37.68,27.37,19.24,13.13,36.21,0.1021,0.9198,122.65
78,41.71,27.28,22.03,15.71,20.86,65.97,0.104,0.9051,115.47
79,37.76,36.52,25.72,17.74,15.12,9.62,0.1387,0.9288,123.41
80,40.73,33.49,31.74,25.09,14.6,1.82,0.1435,0.9677,140.95
81,41.18,34.71,23.05,24.61,13.03,93.25,0.1579,0.8441,115.29
82,41.72,37.53,23.48,22.36,19.02,94.52,0.1345,0.8668,124.92
83,32.58,17.89,23.6,14.38,11.43,15.6,0.1412,0.9139,91.27
84,46.38,38.88,29.79,20.75,14.02,94.03,0.1902,0.8119,121.65
85,35.72,45.4,24.24,17.7,18.65,57.24,0.1345,0.8813,124.89
86,39.91,38.58,22.77,23.97,16.91,57.4,0.1315,0.8839,125.64
87,30.3,26.19,25.9,17.75,20.06,73.65,0.1719,0.839,100.84
88,40.32,24.78,30.32,16.69,18.5,76.46,0.1978,0.8131,106.2
89,41.52,37.65,18.48,21.44,12.18,24.55,0.1024,0.9279,121.81
90,40.29,48.26,28.74,24.85,16.51,80.8,0.1068,0.8978,142.44
91,33.76,59.07,26.76,24.27,11.46,81.92,0.1767,0.8305,129.0
92,49.02,47.53,26.98,25.2,16.89,19.37,0.1059,0.9307,154.15
93,44.67,42.95,25.09,25.23,11.86,63.53,0.1748,0.8418,126.12
94,38.89,12.66,25.16,26.53,15.05,74.64,0.1377,0.8707,102.99
95,38.82,27.38,28.52,20.72,11.27,59.03,0.151,0.8657,109.7
96,34.09,39.67,17.25,18.22,13.57,31.31,0.1028,0.9224,113.28
97,35.02,26.66,20.96,16.7,13.59,28.98,0.1302,0.9039,102.07
98,51.65,24.13,16.56,24.78,14.62,97.4,0.1837,0.8169,107.62
99,37.13,22.88,34.06,19.31,17.67,83.93,0.1954,0.8116,106.36
100,62.11,70.9,31.3,16.36,12.88,26.98,0.155,0.8878,171.84
101,30.72,20.81,14.14,22.09,11.63,81.4,0.1985,0.8099,80.5
102,42.95,32.15,26.81,14.21,15.42,31.01,0.1098,0.9174,120.67
103,41.81,26.16,23.9,15.68,17.31,94.75,0.187,0.8148,101.74
104,40.29,24.77,27.97,20.87,14.38,80.81,0.1754,0.8322,106.77
105,27.26,41.26,26.67,23.53,16.81,81.34,0.1115,0.8932,121.07
106,29.03,48.64,24.29,18.68,14.68,5.71,0.1698,0.9298,125.82
107,41.56,21.86,24.69,19.07,14.45,7.51,0.1648,0.9234,112.32
108,31.81,35.74,30.09,23.15,17.23,81.52,0.1947,0.8134,112.27
109,49.67,33.45,22.03,23.32,18.51,45.63,0.1228,0.8976,131.92
110,38.21,29.21,23.08,11.7,16.81,93.68,0.1329,0.8686,103.38
111,42.04,24.09,28.24,25.93,15.38,69.31,0.1191,0.89,120.75
112,39.68,54.53,29.28,18.69,11.03,34.21,0.1931,0.8506,130.32
113,39.45,23.14,26.47,17.01,15.02,27.19,0.186,0.8651,104.77
114,52.17,20.78,22.6,18.13,12.12,93.37,0.1278,0.8738,109.92
115,48.67,54.32,16.64,14.54,16.0,17.0,0.186,0.8832,132.64
116,41.23,37.91,16.85,30.19,13.65,55.91,0.1961,0.8279,115.77
117,45.4,21.82,23.98,14.78,19.67,33.7,0.1128,0.9131,114.74
118,49.38,33.94,25.83,14.01,18.67,90.26,0.1952,0.8086,114.69
119,35.22,27.27,23.24,18.95,16.81,99.06,0.1886,0.8113,98.57
120,27.56,63.49,19.74,14.48,10.75,55.77,0.1902,0.8332,113.34
121,44.42,31.78,18.97,20.49,12.51,7.15,0.1058,0.9518,121.99
122,49.97,43.29,25.81,26.57,18.27,97.09,0.1939,0.8069,132.26
123,26.28,34.68,31.78,20.66,14.56,43.84,0.1995,0.8353,106.89
124,35.15,62.19,21.27,21.36,16.59,44.82,0.1712,0.8578,134.29
125,38.07,37.97,24.88,18.84,11.19,41.63,0.1837,0.8503,111.34
126,32.14,55.61,21.45,15.84,10.32,31.26,0.1487,0.8878,120.17
127,38.84,43.46,28.01,18.83,14.13,10.82,0.1097,0.9412,134.85
128,31.09,28.05,24.37,24.22,16.81,83.14,0.1473,0.8582,106.89
129,37.45,35.03,29.94,25.43,10.65,26.25,0.19,0.8637,119.61
130,45.59,32.14,25.59,20.17,17.09,46.99,0.1445,0.8785,123.51
131,23.44,27.83,25.6,23.51,16.57,22.62,0.1339,0.9081,106.2
132,31.59,22.75,20.73,16.9,18.31,2.5,0.1635,0.9556,105.39
133,51.21,60.29,20.82,17.54,13.1,52.81,0.1969,0.8296,135.19
134,33.41,15.35,27.3,13.6,19.12,19.59,0.1568,0.897,97.57
135,19.21,59.62,26.15,24.44,12.49,34.94,0.1533,0.8808,124.99
136,41.37,20.5,35.07,17.7,9.22,23.4,0.1469,0.8981,111.23
137,39.4,43.49,19.52,14.69,15.23,59.8,0.1414,0.8739,115.63
138,41.19,27.69,29.96,22.01,17.48,83.76,0.1419,0.8632,119.4
139,40.46,17.97,25.65,25.37,13.03,7.38,0.1971,0.909,111.34
140,50.18,55.34,20.13,18.52,15.76,13.74,0.128,0.9252,147.97
141,34.38,13.4,11.63,12.92,18.16,52.17,0.1478,0.8725,78.94
142,39.25,48.13,21.82,18.7,19.25,24.97,0.112,0.9208,135.5
143,36.54,36.87,22.45,20.96,17.38,85.59,0.1472,0.8574,115.06
144,45.41,53.29,22.44,22.38,14.32,66.23,0.1336,0.8779,138.57
145,46.22,44.97,29.51,23.11,14.41,77.32,0.1484,0.8594,135.97
146,42.98,44.72,22.71,20.3,13.89,83.25,0.1433,0.862,124.66
147,57.23,50.12,26.36,18.97,15.16,3.12,0.189,0.9418,158.09
148,44.43,48.93,18.03,22.74,17.29,91.36,0.1608,0.842,127.5
149,50.04,41.91,26.94,14.71,12.21,91.4,0.1408,0.8616,125.63
150,32.92,30.62,18.5,16.12,13.25,2.39,0.1393,0.9631,107.3
151,34.41,31.93,28.38,17.09,17.15,4.48,0.1053,0.9611,123.95
152,55.84,36.53,29.83,18.23,14.54,17.17,0.1232,0.9224,142.95
153,29.17,31.46,17.5,14.47,15.53,97.09,0.1888,0.812,87.8
154,46.14,83.91,34.62,23.89,16.92,55.68,0.1371,0.8798,180.79
155,50.29,33.81,22.73,15.15,14.56,44.6,0.1958,0.8376,114.36
156,49.4,22.1,26.81,9.25,12.48,89.99,0.1164,0.886,106.36
157,27.24,33.35,28.82,23.95,19.89,74.78,0.1144,0.8925,118.93
158,37.19,25.03,21.63,22.06,16.18,5.85,0.1876,0.9216,112.53
159,44.98,76.59,21.5,19.76,17.85,93.26,0.1518,0.8502,153.6
160,45.94,36.4,22.88,21.87,14.34,86.76,0.1853,0.82,115.97
161,39.93,45.12,27.29,20.43,15.93,42.36,0.1308,0.8929,132.77
162,34.43,43.01,27.92,24.65,18.64,8.35,0.1239,0.9399,139.72
163,37.81,51.09,31.98,16.93,15.99,77.1,0.163,0.8458,130.07
164,35.05,38.5,31.22,26.94,15.14,8.16,0.1315,0.9367,137.56
165,30.06,29.84,31.15,23.79,11.93,36.69,0.1034,0.9185,116.44
166,37.61,35.67,29.37,17.57,8.95,5.35,0.1901,0.9237,119.32
167,54.79,21.43,28.99,16.94,20.49,57.13,0.182,0.8394,119.73
168,37.77,32.96,22.98,20.59,15.06,37.97,0.1526,0.8786,113.67
169,27.9,71.73,22.23,15.51,22.33,85.54,0.1257,0.8782,140.25
170,37.13,46.97,17.29,19.18,16.76,57.47,0.1327,0.8828,121.22
171,53.82,33.54,31.99,25.38,13.17,66.79,0.1034,0.9053,142.96
172,27.26,78.26,25.24,20.73,14.51,17.86,0.1126,0.9282,154.07
173,39.99,27.43,26.67,28.38,19.74,81.76,0.1335,0.8719,123.99
174,45.9,40.14,10.94,16.92,19.27,91.97,0.1827,0.8202,109.23
175,30.87,31.01,21.71,21.81,17.81,74.94,0.1779,0.8327,102.6
176,41.53,32.25,29.87,17.87,10.46,8.23,0.1411,0.9319,122.98
177,32.69,40.97,26.65,19.17,10.4,81.08,0.1865,0.8215,106.7
178,30.19,44.07,21.69,22.0,18.88,73.21,0.1562,0.854,116.85
179,44.98,32.27,24.41,17.07,16.82,19.82,0.1924,0.8731,118.36
180,54.58,25.05,34.89,16.55,19.7,19.72,0.1023,0.9327,140.63
181,36.9,72.84,23.82,18.14,14.79,87.99,0.1864,0.8183,136.24
182,44.65,36.45,25.61,17.85,12.17,13.76,0.1708,0.9001,123.06
183,43.87,23.12,24.97,15.96,15.97,3.1,0.1339,0.959,118.8
184,41.39,23.25,26.04,25.78,16.39,26.76,0.1698,0.8774,116.57
185,34.49,77.61,31.02,18.78,12.7,46.22,0.1702,0.8575,149.73
186,31.89,93.78,37.41,23.32,11.26,50.95,0.1603,0.8625,170.48
187,33.62,40.04,32.38,23.03,17.0,65.82,0.1911,0.8257,120.61
188,38.57,27.38,26.17,24.1,12.44,88.97,0.1898,0.8145,104.79
189,36.65,39.98,30.96,14.66,21.04,84.0,0.123,0.8814,126.29
190,30.81,30.97,17.53,18.6,19.92,85.73,0.1236,0.8802,103.72
191,38.36,44.03,24.91,22.75,17.33,8.72,0.1459,0.9279,136.75
192,34.91,40.26,21.5,17.54,20.05,3.91,0.1678,0.9421,126.48
193,44.46,34.55,22.15,25.95,16.75,47.24,0.1757,0.8521,122.58
194,36.87,33.84,29.8,15.09,14.34,27.1,0.1989,0.8559,111.22
195,46.75,32.05,31.83,23.28,19.84,81.59,0.1262,0.8791,135.16
196,41.84,51.15,18.35,18.21,16.63,87.39,0.1538,0.8503,124.3
197,36.03,32.4,24.12,24.2,13.79,47.21,0.1208,0.8983,117.27
198,38.69,79.64,21.74,21.08,11.98,65.09,0.1854,0.8313,143.93
199,38.92,82.67,28.34,16.62,12.96,24.0,0.1373,0.904,162.27
200,41.33,30.09,30.56,23.28,18.45,58.25,0.1956,0.8266,118.78
201,42.89,30.3,36.33,13.09,14.79,68.58,0.1721,0.8414,115.61
202,36.4,34.32,30.99,18.61,20.34,37.31,0.1744,0.8619,121.23
203,38.09,27.08,30.73,18.18,16.95,62.75,0.1066,0.9038,118.42
204,40.91,49.2,19.99,21.73,17.41,4.48,0.1583,0.9415,140.52
205,16.34,56.21,21.62,9.25,13.08,78.88,0.1044,0.9007,104.93
206,44.42,58.49,25.28,20.93,13.64,55.94,0.1075,0.9056,147.4
207,32.37,32.2,37.84,21.49,10.89,5.95,0.195,0.9179,123.74
208,37.69,32.05,25.38,16.82,12.73,46.14,0.1066,0.9108,113.55
209,34.58,15.78,32.16,18.78,13.28,60.65,0.1936,0.8267,94.74
210,45.99,26.91,22.91,20.14,14.42,8.74,0.1254,0.938,122.28
211,48.2,24.11,24.88,23.78,20.95,98.56,0.102,0.8981,127.46
212,39.1,22.48,24.89,11.34,13.36,74.53,0.1971,0.8149,90.59
213,39.2,28.81,22.53,19.77,18.98,26.64,0.1464,0.8945,115.65
214,39.69,30.95,28.44,21.92,11.71,80.13,0.1318,0.8742,116.01
215,39.87,34.66,18.53,22.5,13.36,76.59,0.14,0.8677,111.87
216,48.01,60.29,15.86,19.13,15.65,23.78,0.1926,0.8657,137.59
217,64.08,55.79,23.69,22.29,17.99,79.13,0.1252,0.8808,161.92
218,38.62,22.32,27.75,19.71,15.05,9.1,0.1929,0.9031,111.49
219,44.55,41.54,21.2,24.51,14.44,68.1,0.1082,0.9005,131.69
220,33.23,25.42,36.63,16.66,17.3,62.53,0.1093,0.9014,116.49
221,33.96,37.13,24.99,17.35,15.59,95.49,0.1494,0.8517,109.88
222,31.84,59.13,25.39,21.85,10.65,64.2,0.1335,0.8789,130.83
223,50.72,28.81,19.99,22.59,19.69,35.55,0.102,0.9203,130.49
224,45.63,23.58,28.14,22.01,16.07,53.33,0.1543,0.8662,117.3
225,36.92,35.73,30.13,18.3,15.61,98.27,0.1275,0.8727,119.29
226,41.7,59.35,25.99,18.36,15.62,14.82,0.1533,0.9081,146.22
227,46.12,78.06,26.57,19.95,10.77,67.3,0.159,0.8542,155.0
228,49.57,27.36,26.22,15.59,10.55,74.57,0.1204,0.8869,114.66
229,43.27,36.89,20.49,16.73,20.47,79.89,0.1819,0.8265,113.94
230,40.74,39.08,32.21,25.85,14.03,87.18,0.1488,0.8552,129.91
231,50.55,19.82,23.44,19.33,14.81,66.44,0.1728,0.8419,107.73
232,31.17,19.39,33.64,17.9,14.09,51.53,0.1596,0.8627,100.24
233,24.63,39.85,18.97,17.68,15.71,45.41,0.1558,0.8702,101.67
234,50.05,30.12,29.53,21.16,13.09,30.41,0.1805,0.8649,124.5
235,36.41,19.98,25.93,28.43,13.83,91.81,0.1327,0.8695,108.32
236,50.7,46.07,25.46,24.6,14.47,22.84,0.1696,0.8832,142.46
237,55.36,35.87,22.04,14.76,16.35,85.11,0.1204,0.8835,127.56
238,54.83,35.16,28.35,25.13,16.87,51.56,0.1675,0.8559,137.25
239,15.9,22.58,27.68,16.66,14.95,12.99,0.1367,0.9217,90.12
240,46.41,17.69,33.93,17.41,9.58,70.84,0.1016,0.9057,113.23
241,35.93,27.55,28.35,18.13,17.92,59.59,0.1881,0.8323,106.44
242,34.78,35.69,22.96,15.3,16.95,10.51,0.1092,0.9421,118.4
243,42.98,26.36,22.85,25.14,10.88,2.49,0.1497,0.9594,123.0
244,34.99,22.57,26.62,17.68,14.74,13.06,0.1746,0.8998,104.91
245,45.99,30.16,32.43,11.61,14.1,66.37,0.1093,0.9001,120.87
246,50.57,35.49,26.94,16.61,18.4,47.81,0.1466,0.8762,129.69
247,38.38,61.64,30.11,20.79,16.96,9.48,0.1144,0.9416,158.08
248,42.87,37.17,26.48,13.12,11.46,64.05,0.1912,0.8267,108.37
249,36.34,19.46,15.61,21.08,21.14,43.03,0.1499,0.8768,99.63
250,43.74,15.59,27.27,16.45,14.99,65.18,0.1463,0.8668,102.32
251,51.34,13.12,24.04,24.46,17.2,78.29,0.1595,0.8485,110.44
252,43.28,40.1,31.14,21.82,14.55,3.36,0.1446,0.9537,143.91
253,39.05,22.98,33.26,20.32,12.47,6.5,0.1959,0.9143,117.1
254,50.48,42.71,34.02,13.8,13.5,75.13,0.1722,0.838,129.48
255,36.74,56.11,24.14,14.84,9.51,6.19,0.1847,0.9209,130.17
256,36.94,44.32,22.64,17.69,9.19,56.41,0.1113,0.9021,117.98
257,34.69,31.96,23.4,19.08,14.21,80.21,0.188,0.8205,101.2
258,27.45,73.31,24.42,26.12,13.01,6.92,0.1492,0.933,153.29
259,33.12,29.11,25.83,21.19,14.14,68.56,0.1644,0.8485,104.69
260,40.44,24.39,20.39,18.47,12.24,12.05,0.1616,0.9099,105.48
261,41.83,40.0,25.11,25.9,21.85,70.88,0.163,0.8487,131.28
262,32.26,47.69,14.84,19.64,16.03,79.48,0.1691,0.8389,109.44
263,35.92,12.44,35.76,21.74,15.15,11.76,0.1207,0.9333,112.93
264,24.86,54.58,23.85,26.21,18.99,88.28,0.1515,0.8522,126.55
265,57.5,18.27,22.87,22.87,21.54,74.57,0.123,0.8845,126.52
266,51.73,15.4,27.73,21.77,11.14,34.61,0.1106,0.9142,116.81
267,34.27,30.5,29.19,22.32,16.08,3.73,0.1708,0.9424,124.75
268,41.1,22.88,14.85,19.74,13.8,14.84,0.1533,0.908,102.04
269,32.96,41.33,21.57,20.17,16.75,39.73,0.1061,0.9146,121.43
270,48.2,40.36,32.11,13.66,15.55,52.64,0.1719,0.8514,127.6
271,45.14,39.6,29.37,17.16,12.47,75.86,0.1212,0.8857,127.32
272,29.49,57.12,19.14,19.81,18.0,67.38,0.1531,0.8595,123.38
273,32.21,30.85,30.93,21.85,14.8,94.51,0.1186,0.8826,115.31
274,39.44,40.54,28.79,18.26,16.07,61.43,0.1679,0.8493,121.53
275,51.07,17.95,20.96,29.56,17.56,47.35,0.1098,0.9075,124.41
276,36.97,51.4,24.98,23.14,17.53,52.83,0.1572,0.864,133.07
277,50.46,28.64,16.5,20.99,13.41,19.58,0.1928,0.8734,113.53
278,42.49,31.24,29.06,14.22,14.12,70.5,0.1738,0.8388,109.99
279,33.34,30.52,32.7,19.77,14.02,41.52,0.1752,0.8573,111.76
280,36.66,33.63,23.3,22.04,11.63,84.13,0.1802,0.8261,105.13
281,45.06,30.19,24.97,19.63,14.64,26.18,0.1986,0.8576,115.34
282,46.73,14.72,27.11,19.47,16.4,56.32,0.1002,0.9119,113.47
283,47.45,57.48,23.87,19.37,12.04,26.3,0.1547,0.8889,142.41
284,41.71,26.98,14.67,17.19,15.29,66.58,0.1902,0.826,95.68
285,43.57,30.13,30.39,15.0,17.86,82.41,0.1836,0.8236,112.8
286,58.05,32.4,31.03,28.74,18.29,41.94,0.1091,0.9109,153.5
287,59.26,43.17,28.43,15.99,9.82,34.17,0.1304,0.8992,140.87
288,40.38,28.74,31.98,18.13,7.22,90.24,0.1157,0.8866,112.12
289,25.86,53.61,24.34,21.01,14.62,47.09,0.1862,0.8434,117.6
290,41.03,74.08,27.22,11.78,13.73,21.91,0.1589,0.892,149.7
291,40.93,67.34,21.5,26.21,11.26,19.65,0.1821,0.8803,147.21
292,29.9,38.73,20.62,24.68,14.18,20.33,0.1668,0.8892,113.92
293,41.0,27.79,18.49,13.99,13.05,31.41,0.1474,0.8887,101.59
294,31.64,27.5,26.72,18.71,12.49,13.77,0.1966,0.885,103.6
295,43.01,30.19,25.44,23.83,12.6,69.6,0.1834,0.8304,112.17
296,44.76,24.9,30.49,19.91,15.05,48.07,0.1846,0.8439,114.03
297,44.22,41.33,16.3,24.0,8.28,69.24,0.1975,0.8176,109.66
298,47.91,31.97,26.32,26.11,14.51,32.26,0.1149,0.9126,133.98
299,43.75,34.77,33.63,16.68,23.58,42.36,0.1864,0.8474,129.17
300,46.31,30.94,25.59,21.87,17.47,54.9,0.174,0.848,120.57
301,50.34,41.92,29.5,15.18,13.71,44.97,0.1048,0.9129,137.53
302,36.46,38.77,36.72,18.14,18.24,9.13,0.1098,0.9448,140.14
303,38.85,30.39,31.82,20.28,19.3,22.84,0.1943,0.8662,121.81
304,37.16,32.98,17.87,20.59,15.87,53.12,0.131,0.8864,110.34
305,34.04,32.97,23.44,16.6,11.45,92.43,0.1152,0.8865,105.05
306,37.61,45.77,26.8,22.39,12.57,29.65,0.1912,0.8579,124.52
307,46.68,25.64,24.68,14.13,12.32,49.36,0.1793,0.8474,104.61
308,45.82,29.06,31.57,16.48,10.2,22.25,0.1512,0.8967,119.36
309,26.45,16.37,24.9,24.29,18.07,41.66,0.1696,0.8618,94.86
310,53.72,22.77,24.65,16.8,21.3,11.81,0.1999,0.8893,123.83
311,46.78,31.84,30.42,21.09,15.13,33.02,0.1232,0.9057,131.56
312,41.82,29.39,17.96,26.54,12.91,14.12,0.1278,0.9246,118.92
313,28.95,15.96,27.44,19.93,17.07,14.82,0.1193,0.9284,101.53
314,30.52,43.18,21.84,25.38,18.49,11.34,0.1276,0.9304,129.7
315,52.02,24.61,28.88,14.58,12.91,73.52,0.1108,0.8963,119.21
316,48.04,18.31,23.17,17.64,15.79,45.05,0.1842,0.8468,104.11
317,49.03,40.49,27.56,20.88,9.84,16.63,0.1163,0.9275,137.1
318,38.94,48.86,22.27,15.87,15.38,94.38,0.1383,0.8632,121.99
319,50.45,13.2,15.1,18.15,12.0,54.42,0.1573,0.8629,93.97
320,29.04,45.99,26.8,20.58,15.9,54.46,0.1858,0.838,115.91
321,30.13,32.11,18.51,20.67,13.36,53.58,0.1129,0.902,103.52
322,48.07,31.6,32.48,18.75,15.04,39.18,0.1646,0.868,126.67
323,32.66,22.36,27.82,12.67,21.47,15.16,0.1822,0.8899,104.1
324,39.68,32.89,28.63,17.41,15.3,41.15,0.1872,0.8479,113.55
325,25.8,33.75,23.59,14.39,16.44,47.76,0.192,0.838,95.5
326,17.25,86.2,24.9,19.7,14.5,79.38,0.1074,0.8977,145.92
327,31.83,43.13,13.17,19.84,9.72,73.37,0.1466,0.8629,101.55
328,36.97,34.97,26.96,19.49,13.09,71.28,0.1436,0.8665,113.93
329,32.6,56.16,19.29,16.23,13.37,31.43,0.1003,0.9242,127.21
330,44.96,49.87,26.58,13.31,16.74,89.01,0.1727,0.8312,125.9
331,48.09,19.57,19.52,25.72,16.15,63.99,0.1763,0.8402,108.42
332,44.88,45.6,28.08,20.08,15.95,4.32,0.1218,0.9558,147.75
333,30.75,36.39,25.91,18.75,17.69,63.44,0.1858,0.8319,107.72
334,44.2,26.45,18.43,19.73,11.53,68.64,0.1316,0.8787,105.74
335,30.17,23.14,31.76,14.63,21.15,86.37,0.1311,0.8727,105.47
336,54.91,33.0,24.02,25.15,9.96,86.93,0.1559,0.8484,124.76
337,40.39,34.86,20.59,17.14,11.02,34.36,0.1218,0.9057,112.31
338,33.15,55.41,30.18,19.55,16.12,4.58,0.1753,0.9345,144.3
339,40.42,14.22,22.25,21.94,11.74,41.82,0.1261,0.8972,99.2
340,41.35,21.15,24.15,22.87,15.15,63.07,0.158,0.8573,106.88
341,45.66,37.85,32.65,19.91,12.82,43.36,0.1244,0.8975,133.64
342,24.9,33.11,26.99,15.88,16.52,35.02,0.1343,0.8954,105.12
343,34.43,36.58,28.09,22.39,14.89,44.94,0.1933,0.8393,114.47
344,43.85,29.14,24.44,23.4,13.27,60.35,0.1466,0.869,116.53
345,46.23,38.66,21.69,24.69,14.92,76.5,0.168,0.8413,123.0
346,66.16,18.53,23.35,22.17,21.07,2.4,0.122,0.9676,146.39
347,51.03,81.0,13.18,28.38,14.75,62.79,0.1699,0.8466,159.45
348,34.49,41.36,28.36,20.6,10.82,13.47,0.1978,0.8853,120.06
349,54.19,42.02,27.96,20.8,9.55,85.15,0.1707,0.8348,129.0
350,44.64,22.85,17.57,24.92,12.97,55.93,0.1489,0.8693,106.88
351,50.93,27.66,26.89,26.44,15.73,40.38,0.1119,0.9096,134.31
352,43.73,42.94,10.04,25.55,19.37,80.66,0.1537,0.8531,120.83
353,51.5,30.42,35.68,19.68,17.67,73.45,0.1241,0.8839,136.95
354,48.66,38.96,22.14,23.05,12.66,91.68,0.1744,0.8285,120.53
355,44.42,25.62,22.43,24.25,10.99,72.76,0.1328,0.876,111.88
356,36.49,20.49,28.73,20.25,14.38,18.06,0.1155,0.9261,111.44
357,36.47,54.58,27.33,16.61,14.66,87.26,0.1141,0.8889,133.03
358,32.4,24.45,17.35,15.99,13.79,10.35,0.1148,0.9395,97.69
359,39.4,50.36,25.23,21.51,16.92,80.47,0.1695,0.8381,128.59
360,48.86,25.03,27.14,23.51,12.17,94.08,0.105,0.8962,122.51
361,44.65,32.85,20.82,18.17,14.44,95.11,0.1963,0.8054,105.45
362,33.8,29.98,28.95,16.94,15.86,68.08,0.1198,0.8898,111.7
363,47.74,32.18,18.63,17.94,10.3,90.66,0.133,0.8695,110.25
364,30.59,47.4,28.0,20.6,15.96,96.47,0.117,0.8836,125.96
365,42.66,67.23,17.53,23.12,17.89,77.69,0.1883,0.8215,138.35
366,51.16,32.42,22.88,21.49,17.31,36.94,0.1036,0.9182,133.37
367,30.59,36.74,16.85,20.03,14.92,30.95,0.1716,0.8709,103.75
368,41.36,31.42,29.01,25.56,11.69,25.58,0.1112,0.9208,128.02
369,34.41,36.23,31.25,30.89,12.39,47.06,0.2,0.8318,120.77
370,53.03,26.26,33.53,20.05,14.37,67.14,0.1388,0.8728,128.5
371,58.0,23.13,22.93,26.43,15.45,5.3,0.1322,0.9472,138.23
372,44.44,39.86,21.14,17.25,12.02,69.5,0.1391,0.8715,117.39
373,47.03,38.27,30.07,24.57,16.03,33.33,0.1366,0.8951,139.61
374,50.93,55.13,25.3,16.71,13.11,35.61,0.1175,0.9082,146.38
375,46.12,35.7,21.8,18.58,13.99,23.49,0.1871,0.87,118.49
376,33.41,34.35,21.74,19.84,16.97,14.17,0.1633,0.9036,114.13
377,36.44,43.05,25.15,12.31,7.6,68.56,0.1348,0.8758,109.08
378,36.38,51.9,31.11,12.71,14.87,15.31,0.1375,0.9167,134.72
379,26.14,32.85,19.72,16.6,14.3,62.88,0.1074,0.903,98.98
380,47.82,12.5,31.59,25.3,11.81,87.53,0.1389,0.8648,111.57
381,29.99,23.0,24.1,19.04,20.62,84.44,0.1767,0.8294,96.82
382,46.63,53.7,31.08,23.66,11.82,36.78,0.1407,0.889,148.37
383,34.19,69.24,23.97,13.42,17.35,73.78,0.1451,0.8641,136.66
384,38.22,59.66,29.19,21.44,17.07,59.66,0.1186,0.8943,148.08
385,44.46,29.37,20.85,21.76,16.13,20.62,0.1153,0.923,122.36
386,52.22,30.69,27.12,16.16,11.67,27.38,0.1706,0.8761,120.77
387,46.96,47.05,28.26,27.45,17.2,49.58,0.1681,0.8568,143.01
388,39.06,44.5,15.7,14.97,12.85,92.63,0.1624,0.84,106.74
389,39.73,12.95,33.18,19.03,8.29,63.26,0.1773,0.8398,95.05
390,30.58,35.61,17.74,29.82,14.72,51.74,0.1468,0.8736,112.23
391,45.09,34.25,30.42,16.19,15.39,64.96,0.1125,0.8977,126.89
392,39.34,22.08,22.53,17.51,17.25,15.99,0.1546,0.9049,107.43
393,32.56,27.56,28.84,20.62,12.8,13.32,0.1254,0.9276,113.51
394,46.23,38.9,27.13,14.69,20.49,97.1,0.1701,0.8306,122.45
395,51.35,32.08,23.27,22.07,14.91,83.88,0.1656,0.8403,120.74
396,38.57,50.81,20.57,12.88,17.82,55.38,0.1252,0.8904,125.23
397,35.5,70.78,23.77,20.0,17.1,47.22,0.1865,0.843,140.91
398,35.37,51.08,22.6,25.79,16.45,34.82,0.1894,0.8528,129.02
399,43.21,41.85,26.84,22.56,18.57,53.88,0.1687,0.8533,130.58
400,30.46,32.98,25.43,19.84,14.27,95.78,0.142,0.8591,105.64
401,40.6,48.13,21.02,18.71,16.71,7.5,0.1598,0.9257,134.4
402,36.75,27.28,18.86,19.66,14.76,59.05,0.1333,0.8815,103.42
403,44.04,28.12,22.93,18.85,14.74,95.09,0.1343,0.8669,111.56
404,44.65,21.39,24.59,21.59,13.05,77.33,0.149,0.8589,107.6
405,31.02,18.83,21.23,22.58,14.78,78.88,0.1312,0.8752,94.91
406,45.34,58.42,26.9,20.57,19.08,64.69,0.1721,0.8436,143.68
407,43.66,38.99,23.89,22.8,17.02,93.0,0.1141,0.8875,129.89
408,38.48,43.29,29.92,22.06,16.29,93.31,0.1088,0.8926,133.9
409,36.56,33.27,26.87,15.02,13.18,52.23,0.153,0.8679,108.4
410,36.6,74.53,27.98,10.66,13.13,74.87,0.1459,0.8628,140.56
411,38.63,70.73,22.14,20.69,12.74,98.82,0.1354,0.8647,142.61
412,32.55,34.77,31.42,18.2,18.9,45.42,0.1888,0.8426,114.45
413,34.53,34.61,26.28,20.81,17.58,36.43,0.1521,0.8803,117.79
414,41.63,32.05,31.59,26.69,10.4,11.89,0.1834,0.8982,127.86
415,35.43,22.41,29.38,18.93,17.89,67.07,0.1762,0.8385,104.0
416,47.03,29.71,23.98,21.24,18.64,14.89,0.1527,0.9083,127.71
417,38.95,30.85,21.97,16.62,15.7,55.74,0.1842,0.8384,104.04
418,36.2,14.42,25.51,21.97,19.81,6.97,0.1602,0.9278,109.39
419,42.65,14.07,23.57,16.87,11.86,99.49,0.1216,0.8783,95.75
420,36.75,34.11,21.48,24.0,15.67,66.57,0.1389,0.8729,115.24
421,33.76,48.83,19.71,20.49,19.18,6.46,0.1894,0.9174,130.24
422,37.3,25.72,34.62,19.42,16.97,71.99,0.1322,0.8768,117.52
423,23.66,70.47,18.23,13.45,20.66,61.29,0.1051,0.9057,132.66
424,24.23,31.28,15.38,14.51,13.08,69.91,0.1917,0.8226,81.0
425,32.64,24.94,26.93,22.32,12.14,81.41,0.1521,0.8543,101.63
426,30.45,19.8,21.39,24.65,13.05,70.86,0.1773,0.8354,91.35
427,45.2,36.39,23.51,20.97,14.18,17.82,0.1459,0.907,127.22
428,50.08,15.66,18.15,19.09,21.6,27.45,0.1632,0.8813,109.79
429,42.6,25.93,27.04,20.19,13.07,19.49,0.1587,0.896,115.42
430,24.83,35.63,26.42,19.43,14.24,71.23,0.1097,0.898,108.25
431,28.72,20.01,29.75,17.19,11.46,40.78,0.1154,0.9065,97.12
432,42.8,28.4,27.76,14.6,13.15,7.26,0.1834,0.9159,116.05
433,38.63,35.35,23.55,14.63,15.46,49.18,0.1125,0.9043,115.41
434,25.15,21.51,16.94,17.25,8.34,45.42,0.1298,0.8918,79.54
435,33.14,45.41,21.01,20.37,14.41,56.7,0.1603,0.8589,115.38
436,31.4,51.01,20.75,14.69,12.31,91.44,0.1917,0.8116,105.63
437,51.66,23.36,19.49,19.71,15.67,81.04,0.1389,0.8671,112.61
438,45.64,32.3,31.47,17.0,18.42,76.14,0.152,0.8566,124.07
439,37.7,33.3,31.95,13.31,13.69,21.41,0.1967,0.8672,112.7
440,41.83,40.21,22.44,17.43,15.42,90.81,0.1752,0.8281,113.71
441,41.17,31.07,29.05,20.95,13.52,37.35,0.1326,0.895,121.49
442,40.63,26.22,26.3,17.48,17.89,44.72,0.1746,0.8551,109.89
443,54.61,22.93,22.08,25.91,14.25,4.31,0.1344,0.9513,132.98
444,51.27,48.91,25.48,22.49,18.13,65.49,0.1668,0.848,141.01
445,52.2,27.77,15.18,24.22,15.66,94.36,0.1181,0.8831,119.24
446,42.65,25.66,17.14,32.43,19.75,26.63,0.1094,0.9212,126.77
447,37.3,53.21,27.11,17.71,16.52,22.83,0.1393,0.9041,137.29
448,30.07,37.08,29.71,14.27,15.25,20.19,0.1198,0.9205,116.34
449,32.04,23.25,29.53,16.86,17.84,31.41,0.1826,0.8621,103.04
450,48.11,32.37,19.73,20.27,20.16,74.69,0.1612,0.8485,119.35
451,29.81,23.75,29.41,21.57,19.74,84.41,0.1069,0.8967,111.44
452,38.56,21.83,28.31,20.74,22.05,73.49,0.1382,0.8706,114.48
453,28.92,28.14,27.29,18.21,14.72,31.58,0.1431,0.8918,104.59
454,39.22,32.25,24.3,21.65,15.84,65.74,0.1828,0.8332,111.03
455,31.51,27.34,22.38,24.57,14.09,60.78,0.1889,0.8309,99.61
456,45.31,43.47,28.67,16.99,12.31,49.5,0.1411,0.8798,129.12
457,38.05,45.42,28.99,16.28,16.76,52.37,0.1803,0.8443,122.84
458,33.53,26.37,23.96,27.86,7.6,53.0,0.1765,0.8471,101.07
459,32.35,32.63,27.14,15.5,16.19,19.01,0.1076,0.93,115.14
460,41.07,28.99,27.32,23.39,19.13,92.86,0.1119,0.8896,124.46
461,40.41,23.56,24.48,19.21,17.48,67.25,0.1282,0.8824,110.43
462,35.58,37.27,21.53,25.94,17.3,89.75,0.1697,0.8339,114.77
463,37.45,16.5,25.35,18.84,9.5,31.31,0.1101,0.9169,98.7
464,36.06,23.85,29.33,21.59,19.98,41.77,0.163,0.8671,113.42
465,22.57,21.98,20.67,14.75,13.86,34.84,0.1,0.9223,86.53
466,39.69,24.38,30.79,17.29,16.67,85.18,0.1668,0.8386,108.04
467,27.55,22.67,21.32,20.99,13.69,59.31,0.1957,0.8258,87.72
468,32.9,18.34,34.09,17.33,14.47,24.01,0.1874,0.869,101.79
469,42.57,31.15,29.0,14.86,17.39,51.34,0.1774,0.8475,114.37
470,38.08,30.17,22.79,28.5,18.69,55.76,0.1284,0.8874,122.67
471,52.22,34.86,18.23,19.92,14.3,85.71,0.105,0.8982,125.33
472,33.62,38.46,22.25,24.58,15.51,27.21,0.1886,0.8633,116.05
473,36.71,41.17,23.47,27.63,11.61,27.63,0.1123,0.9182,129.09
474,41.3,25.37,23.35,17.91,18.19,15.16,0.1041,0.9371,118.18
475,39.7,35.87,21.64,19.66,8.62,14.89,0.1575,0.9054,113.62
476,48.38,31.52,25.17,20.31,10.74,11.1,0.1534,0.9169,124.81
477,45.12,33.52,24.55,21.89,7.99,3.43,0.118,0.9618,128.0
478,51.11,29.15,21.06,24.47,14.08,23.04,0.1521,0.895,125.17
479,27.07,25.39,30.29,23.9,14.63,26.53,0.1254,0.9097,110.33
480,46.29,31.73,30.61,22.88,16.13,57.42,0.1767,0.8439,124.59
481,32.15,28.93,25.07,18.71,18.21,27.04,0.1837,0.867,106.71
482,43.56,39.45,29.73,19.97,13.98,92.63,0.1323,0.8696,127.56
483,38.05,51.08,28.21,14.99,16.41,5.49,0.1954,0.9207,136.94
484,34.49,24.03,21.99,22.85,10.65,43.15,0.1392,0.8855,100.96
485,49.39,28.23,27.17,29.24,16.77,18.15,0.193,0.8763,132.15
486,26.58,88.48,20.6,21.05,13.86,5.4,0.1571,0.9367,159.77
487,54.5,16.9,20.3,25.59,13.98,38.79,0.1161,0.9071,119.08
488,45.05,18.38,28.05,23.35,14.87,67.61,0.1429,0.8688,112.68
489,41.35,53.34,27.57,17.82,12.77,90.62,0.1339,0.8686,132.76
490,38.81,75.24,27.25,16.46,14.43,4.25,0.1796,0.9354,161.06
491,37.04,62.58,25.71,15.45,18.86,80.83,0.1798,0.8281,132.19
492,43.75,39.69,16.43,20.48,18.52,15.97,0.1837,0.887,123.18
493,28.85,29.46,17.51,22.23,15.61,38.39,0.1089,0.9131,103.77
494,15.41,31.36,26.87,22.44,14.23,65.13,0.1049,0.9045,99.78
495,40.69,41.09,28.68,15.46,12.87,28.73,0.1912,0.8591,119.23
496,34.03,50.88,21.44,24.93,12.02,91.09,0.1222,0.88,126.11
497,32.67,43.38,33.48,17.78,18.52,54.15,0.1375,0.8803,128.37
498,27.4,15.63,21.8,20.49,14.98,62.86,0.1503,0.8643,86.69
499,49.63,21.86,30.93,17.43,9.29,19.03,0.195,0.8731,112.76
500,54.56,39.11,16.7,15.27,11.06,45.03,0.1671,0.8611,117.71
501,39.59,20.12,20.83,14.96,11.93,1.16,0.1319,0.978,105.06
502,38.75,16.34,26.74,22.84,6.12,50.89,0.1643,0.8591,95.19
503,43.39,49.65,23.42,19.96,12.79,50.06,0.1968,0.8319,124.12
504,42.91,38.8,29.13,15.6,8.23,39.56,0.1022,0.9178,123.61
505,35.84,65.03,26.32,17.52,15.8,59.82,0.1204,0.8926,143.26
506,49.7,51.62,32.21,25.69,14.97,75.19,0.1622,0.8474,147.61
507,49.06,27.28,22.5,23.53,17.96,6.45,0.1021,0.9555,134.09
508,45.94,38.63,19.53,22.45,16.09,28.17,0.1867,0.8632,123.14
509,54.22,25.5,23.87,28.44,22.87,15.93,0.1402,0.9139,141.57
510,46.19,18.36,22.96,26.01,13.95,27.04,0.1784,0.8709,111.0
511,34.75,56.46,21.65,20.14,13.25,16.83,0.1734,0.8915,130.39
512,40.63,32.38,20.66,17.83,18.25,80.42,0.1618,0.8454,109.69
513,47.52,60.01,17.84,30.34,15.76,6.83,0.1599,0.9285,159.21
514,31.59,36.55,31.46,24.82,15.09,13.35,0.1994,0.8847,123.43
515,37.82,39.12,17.58,17.82,17.99,60.62,0.1059,0.9053,117.98
516,27.33,44.08,24.58,14.67,18.21,99.36,0.1418,0.8581,110.6
517,56.09,32.52,25.65,11.01,9.55,92.1,0.183,0.8199,110.54
518,43.26,31.83,26.79,14.88,14.56,61.88,0.1435,0.871,114.38
519,44.77,38.56,24.77,18.08,16.34,40.48,0.1745,0.8589,122.4
520,27.93,57.61,17.82,25.36,7.19,39.3,0.1763,0.8585,116.68
521,48.9,42.83,21.04,23.96,12.6,86.73,0.1128,0.8905,132.97
522,42.49,35.24,24.73,21.07,16.53,4.38,0.1922,0.9298,130.23
523,25.61,29.7,24.96,22.46,17.95,29.67,0.1489,0.8893,107.32
524,43.65,33.38,19.01,16.87,13.92,14.96,0.1746,0.895,113.52
525,32.18,24.78,28.14,14.77,11.72,21.21,0.1952,0.8686,96.92
526,40.45,23.63,20.49,19.08,15.3,8.86,0.1582,0.9214,109.6
527,46.02,31.83,33.36,23.95,14.6,26.56,0.1643,0.8817,132.04
528,41.56,35.08,15.37,20.18,13.16,24.89,0.1325,0.9064,113.61
529,25.25,46.82,27.67,22.84,10.66,26.74,0.1661,0.8802,117.26
530,42.12,22.28,25.7,20.15,13.56,23.22,0.1098,0.924,114.39
531,46.82,35.15,24.12,14.81,10.26,23.27,0.1254,0.9132,119.76
532,38.4,41.52,28.09,21.15,12.76,81.91,0.1823,0.8251,117.09
533,44.13,23.64,21.36,18.46,14.77,73.29,0.1485,0.861,105.36
534,44.26,29.12,23.39,24.34,13.0,68.84,0.1091,0.8994,120.62
535,23.83,47.42,19.54,13.68,20.7,24.59,0.1796,0.8736,109.35
536,50.0,34.18,31.68,26.13,14.55,60.27,0.1774,0.8415,131.73
537,35.52,15.62,22.29,15.07,17.71,75.14,0.1128,0.8939,94.94
538,34.2,47.7,22.12,18.87,15.34,21.83,0.1571,0.8933,123.48
539,34.44,36.27,31.54,14.06,11.41,42.34,0.1684,0.8622,110.11
540,49.84,18.41,16.46,24.06,13.08,57.7,0.1249,0.8896,108.39
541,51.79,24.64,33.27,15.54,14.49,25.84,0.1906,0.8639,120.7
542,43.78,33.28,24.48,17.82,13.05,73.22,0.1541,0.8559,113.32
543,36.15,39.66,30.07,24.16,14.92,58.43,0.1978,0.8245,119.52
544,63.27,52.81,27.59,17.96,13.03,31.23,0.1931,0.8544,149.23
545,39.86,24.41,15.25,19.69,15.27,36.89,0.1931,0.8476,97.02
546,34.78,29.22,28.34,22.34,17.88,37.19,0.1188,0.906,120.1
547,48.2,49.84,19.65,21.41,17.46,47.51,0.1392,0.8827,138.19
548,39.03,53.16,23.78,20.86,16.01,54.87,0.1018,0.9111,139.24
549,56.72,30.75,33.48,17.66,15.46,48.39,0.1828,0.8452,130.23
550,33.23,28.28,22.19,18.43,11.73,16.02,0.1558,0.9041,102.93
551,38.55,42.75,30.59,21.74,18.32,66.87,0.1244,0.8861,134.64
552,52.26,15.28,20.18,18.85,9.6,11.29,0.1757,0.9043,105.06
553,43.91,34.81,32.36,21.02,13.97,17.58,0.1929,0.8776,128.2
554,37.63,34.63,24.41,12.32,12.29,65.83,0.1575,0.8562,103.84
555,32.62,29.03,27.2,19.89,16.81,45.36,0.1551,0.8708,109.33
556,30.91,42.27,24.52,22.13,20.16,57.46,0.1522,0.8656,121.18
557,29.64,54.17,25.12,22.65,13.94,28.44,0.1989,0.854,124.27
558,47.77,23.69,18.22,19.16,19.9,7.75,0.1724,0.9188,118.29
559,46.28,26.16,22.45,21.28,13.49,94.02,0.1725,0.8294,107.54
560,44.17,45.69,21.38,17.58,13.15,52.45,0.1216,0.895,127.06
561,31.16,19.58,18.46,25.66,12.97,46.48,0.1693,0.8581,92.53
562,37.67,28.29,25.39,18.64,18.67,93.48,0.1816,0.8206,105.57
563,42.61,83.32,32.01,25.1,18.52,98.39,0.1113,0.8888,179.16
564,50.09,37.75,20.54,19.56,14.02,6.48,0.1802,0.9213,130.78
565,42.89,31.24,33.37,15.35,16.85,32.65,0.1973,0.8494,118.65
566,41.06,17.56,24.3,19.07,13.35,64.11,0.1608,0.8542,98.52
567,32.57,13.37,22.73,16.01,18.25,89.47,0.1838,0.8202,84.43
568,47.21,53.55,23.65,18.91,13.53,58.88,0.1601,0.8577,134.54
569,37.77,21.98,36.23,15.89,17.77,98.41,0.1002,0.8999,116.67
570,28.72,35.64,26.87,19.09,17.35,68.5,0.1563,0.8561,109.3
571,32.92,58.27,26.88,23.93,16.39,2.05,0.1947,0.9529,150.93
572,45.47,28.68,28.06,25.73,8.44,49.61,0.1632,0.861,117.42
573,45.73,29.12,18.41,17.54,17.31,95.59,0.1628,0.8385,107.42
574,18.55,46.24,30.51,22.9,18.62,18.78,0.1775,0.8849,121.08
575,39.27,60.18,20.85,26.08,15.7,93.63,0.1491,0.8527,138.21
576,29.66,49.11,20.25,15.35,17.75,27.56,0.1861,0.8645,114.22
577,43.17,63.02,22.67,13.15,14.83,91.39,0.1355,0.8668,135.94
578,44.71,13.91,23.79,14.47,12.65,61.39,0.1499,0.8655,94.79
579,31.41,41.43,25.01,19.81,14.71,37.41,0.1924,0.8475,112.18
580,40.08,58.5,23.47,11.3,19.67,91.16,0.1856,0.8177,125.12
581,46.69,41.91,22.25,24.59,16.16,9.7,0.1162,0.9402,142.53
582,48.19,33.04,21.72,11.07,12.83,74.09,0.1624,0.8477,107.53
583,33.24,21.44,25.18,19.96,17.72,59.75,0.1864,0.8338,98.0
584,48.63,26.1,16.17,21.28,17.38,38.49,0.1992,0.841,108.97
585,42.06,63.76,25.13,22.77,18.92,54.07,0.1997,0.8262,142.63
586,36.05,34.5,31.36,24.52,11.7,76.51,0.1399,0.8679,119.88
587,39.28,27.2,26.54,26.56,12.93,12.59,0.1784,0.8989,119.11
588,46.4,18.82,28.7,21.57,19.35,27.2,0.1984,0.8561,115.44
589,46.26,42.17,31.9,17.62,14.29,38.72,0.176,0.8593,130.82
590,47.26,25.36,28.13,20.75,7.01,73.51,0.1376,0.8711,111.96
591,34.62,34.55,22.1,21.59,10.34,90.29,0.1581,0.845,104.1
592,41.79,69.8,22.51,20.96,17.61,93.35,0.184,0.8183,141.31
593,38.08,48.14,25.57,18.09,13.51,38.64,0.1844,0.8527,122.26
594,41.7,59.1,18.84,24.83,13.02,46.32,0.1684,0.859,135.28
595,35.94,37.07,37.63,18.45,19.95,90.82,0.1325,0.8699,129.66
596,52.7,46.55,25.03,19.52,15.7,6.53,0.1837,0.9194,146.65
597,39.86,59.58,32.49,16.64,18.2,73.64,0.1177,0.8898,148.38
598,38.89,25.12,24.18,23.71,15.65,60.0,0.1732,0.8454,107.83
599,43.55,34.49,25.35,28.78,13.8,19.04,0.1994,0.8702,127.02
600,48.87,26.57,24.77,24.8,10.09,80.25,0.1981,0.8108,109.55
601,40.36,27.44,31.38,15.71,13.6,8.43,0.1243,0.9394,120.7
602,37.5,32.99,37.43,16.77,13.92,13.46,0.1863,0.892,123.63
603,47.12,23.9,17.69,13.76,11.54,55.32,0.1056,0.9076,103.48
604,53.93,30.18,23.78,21.22,17.2,31.47,0.1534,0.8841,129.35
605,51.37,46.05,27.12,21.93,12.75,11.64,0.1123,0.9381,149.36
606,32.13,33.68,16.27,17.3,15.34,70.27,0.1757,0.8372,96.04
607,46.18,25.66,21.86,17.79,13.48,16.7,0.1295,0.9192,114.86
608,39.44,47.94,27.12,12.39,12.37,98.06,0.1035,0.8967,124.87
609,50.19,24.26,22.53,19.55,10.63,93.82,0.1477,0.854,108.59
610,54.67,22.5,25.12,17.21,13.13,41.12,0.1572,0.8723,115.7
611,21.01,56.58,27.5,17.25,14.3,74.98,0.1906,0.8208,112.16
612,40.11,49.08,22.39,29.15,15.35,80.88,0.1855,0.8226,128.39
613,36.35,30.55,20.21,22.67,13.67,56.34,0.1763,0.845,104.31
614,34.31,74.71,20.07,19.89,15.16,81.22,0.1041,0.9003,147.77
615,32.62,27.91,13.79,20.9,15.74,79.75,0.1519,0.8551,94.88
616,36.42,45.98,27.7,17.99,17.3,98.77,0.1774,0.8227,119.6
617,37.68,18.6,24.18,23.88,18.45,29.6,0.1902,0.8587,105.45
618,37.19,23.32,31.05,18.91,18.15,87.83,0.1597,0.8444,108.61
619,23.82,52.82,28.22,15.66,12.02,67.25,0.174,0.8405,111.4
620,41.02,61.78,25.39,26.52,15.28,18.15,0.1342,0.9139,155.37
621,48.44,32.96,26.79,16.85,19.6,16.78,0.1333,0.9167,132.59
622,35.54,87.11,16.34,28.21,13.52,78.96,0.1514,0.856,154.69
623,26.87,59.08,26.8,23.63,18.98,41.39,0.1608,0.8692,135.03
624,40.76,26.49,23.96,22.72,15.97,87.81,0.1972,0.8079,104.94
625,48.49,30.09,21.41,16.16,10.68,51.9,0.1094,0.9058,114.87
626,41.26,20.1,22.87,25.88,20.91,31.44,0.1878,0.8581,112.44
627,34.18,29.32,28.32,29.57,17.5,85.53,0.1526,0.8522,118.36
628,31.61,38.51,22.15,15.94,16.21,91.47,0.1008,0.9009,112.1
629,45.65,35.57,23.79,19.67,16.17,48.12,0.1585,0.866,121.98
630,38.14,35.43,27.86,16.41,15.88,49.47,0.1673,0.8575,114.68
631,35.85,52.16,23.72,18.62,13.5,91.62,0.1348,0.8674,124.78
632,35.14,37.41,25.89,19.32,17.15,34.73,0.1373,0.8934,120.53
633,41.76,46.03,24.47,25.18,13.91,63.91,0.1763,0.8402,127.17
634,40.94,41.85,30.53,14.3,11.76,5.27,0.1439,0.9426,131.37
635,40.43,39.26,25.86,22.88,12.68,99.91,0.1053,0.8945,126.21
636,32.28,50.6,16.8,23.04,9.88,14.41,0.1037,0.9384,124.44
637,31.8,48.24,28.98,16.33,14.28,18.61,0.1057,0.9317,130.1
638,34.79,22.31,21.75,20.1,11.75,16.19,0.1186,0.9267,102.58
639,42.32,72.45,22.43,17.71,13.14,5.65,0.1809,0.9256,155.54
640,44.4,36.73,23.93,20.49,10.63,77.81,0.191,0.8189,111.5
641,51.73,23.93,36.01,27.4,10.28,45.62,0.1326,0.8894,132.83
642,33.31,34.1,27.62,16.51,20.87,47.07,0.1754,0.8525,112.88
643,45.8,38.85,34.6,21.19,15.28,97.3,0.1992,0.8016,124.82
644,26.24,44.28,25.3,16.32,14.04,22.7,0.1847,0.8731,110.16
645,42.8,51.4,28.67,22.9,13.12,6.59,0.1621,0.9286,147.55
646,27.9,47.59,33.96,21.29,16.04,61.19,0.1095,0.9018,132.36
647,30.2,73.02,29.1,22.38,15.1,44.58,0.1853,0.8463,143.7
648,46.02,36.51,27.06,17.89,14.11,20.92,0.1098,0.9264,131.17
649,41.22,32.84,18.15,15.44,16.17,48.02,0.1223,0.8966,111.03
650,37.46,19.46,19.93,13.64,16.73,19.56,0.1492,0.902,96.72
651,28.85,51.59,26.49,20.04,8.41,95.66,0.1102,0.8906,120.57
652,42.95,44.66,30.06,22.15,15.08,89.59,0.1434,0.8596,133.17
653,40.69,27.91,24.32,21.58,16.16,52.75,0.1341,0.884,115.52
654,45.79,38.57,28.37,22.94,14.27,45.48,0.1239,0.8967,134.45
655,26.11,34.86,20.77,17.84,10.51,28.88,0.1476,0.8911,98.1
656,44.96,37.54,21.82,19.62,13.93,72.64,0.1169,0.8909,122.83
657,35.66,31.36,27.4,10.62,14.67,14.64,0.1073,0.9359,112.04
658,42.33,36.62,25.29,19.45,15.68,74.03,0.177,0.834,116.24
659,39.5,19.06,23.1,26.96,17.67,46.15,0.1422,0.881,111.26
660,33.19,29.76,22.33,20.74,17.92,56.94,0.114,0.8995,111.48
661,36.7,39.59,17.5,28.01,14.25,69.09,0.188,0.8265,112.44
662,32.98,26.4,24.88,21.74,16.06,73.28,0.1902,0.8221,100.35
663,35.8,40.89,17.71,23.99,14.66,68.34,0.1161,0.8932,118.84
664,32.73,79.95,23.46,22.85,17.7,31.51,0.1041,0.9213,162.78
665,43.21,22.05,24.16,23.33,17.31,15.76,0.1906,0.8833,114.89
666,33.12,16.81,32.15,21.31,17.02,30.51,0.1646,0.8767,105.57
667,44.46,56.7,19.74,23.41,14.46,18.28,0.189,0.8786,139.49
668,66.13,80.85,27.4,17.97,18.66,86.08,0.1077,0.8955,188.95
669,37.94,40.6,25.87,25.36,16.73,7.44,0.109,0.9495,139.11
670,27.34,35.09,19.72,26.23,13.84,57.62,0.1878,0.8339,101.93
671,56.83,27.04,25.31,21.58,15.35,92.34,0.1754,0.8272,120.87
672,42.79,43.43,18.38,18.56,12.96,97.44,0.1458,0.8547,116.34
673,38.96,34.78,25.31,15.17,16.39,88.66,0.1776,0.8266,107.97
674,37.0,49.16,23.91,21.54,15.98,50.53,0.1658,0.858,126.65
675,31.59,17.64,29.44,19.92,14.72,61.76,0.1758,0.842,95.4
676,37.29,39.89,21.43,17.42,11.89,15.62,0.1014,0.9381,120.0
677,33.76,25.07,13.89,16.06,16.75,21.99,0.1399,0.9047,95.48
678,33.83,51.13,22.11,15.79,15.82,22.89,0.1918,0.8678,120.35
679,44.69,22.14,28.11,20.25,11.07,53.92,0.1677,0.8541,107.83
680,47.77,45.02,25.74,21.93,16.97,55.88,0.1045,0.9083,142.99
681,38.19,27.73,22.13,22.09,14.21,22.41,0.1996,0.8633,107.36
682,44.02,29.41,31.05,32.83,11.87,19.84,0.1993,0.8685,129.57
683,56.76,49.17,23.6,22.91,16.59,75.72,0.1461,0.8623,145.76
684,33.27,25.45,28.92,24.45,12.4,25.42,0.1892,0.8655,107.75
685,26.93,19.2,25.12,20.02,10.13,58.8,0.1418,0.8741,88.63
686,46.66,36.03,28.36,14.44,15.52,21.52,0.1279,0.9135,128.81
687,34.13,26.87,28.85,18.31,12.63,51.43,0.1976,0.8301,100.26
688,35.78,20.23,31.7,27.16,15.69,62.44,0.1783,0.8393,109.58
689,40.98,40.26,21.1,16.7,19.39,97.66,0.1491,0.8514,117.85
690,49.91,39.3,27.85,20.33,18.41,12.62,0.1443,0.9182,143.06
691,41.05,36.67,18.84,20.2,14.06,70.85,0.1084,0.8994,117.66
692,23.04,42.88,27.8,26.18,14.63,73.7,0.1833,0.8283,111.44
693,42.87,15.76,16.57,22.18,9.33,23.01,0.1248,0.9139,97.51
694,41.85,25.79,34.63,22.44,12.01,41.17,0.1113,0.9096,124.36
695,33.12,39.11,26.67,19.42,18.16,71.21,0.1708,0.8413,114.8
696,26.38,52.97,26.13,11.06,18.29,71.46,0.1561,0.8548,115.25
697,36.94,38.53,16.78,18.43,20.73,50.6,0.1678,0.8563,112.52
698,21.58,55.85,30.06,19.92,12.57,70.05,0.1137,0.8947,125.24
699,25.71,26.69,31.23,20.69,14.67,54.71,0.1122,0.902,107.33
700,29.19,27.37,23.86,17.28,11.46,12.51,0.1164,0.9342,101.97
701,29.98,30.16,22.82,14.37,15.07,77.96,0.1564,0.8516,95.72
702,47.03,33.86,23.12,23.07,18.7,26.93,0.126,0.9089,132.51
703,38.79,17.21,33.64,18.72,16.8,97.39,0.1605,0.8401,105.14
704,42.79,34.71,24.51,19.97,13.49,80.72,0.1506,0.856,115.95
705,41.66,34.52,25.83,13.07,14.98,76.0,0.1396,0.8683,112.94
706,27.69,27.39,29.75,19.04,10.81,79.57,0.1028,0.902,103.44
707,35.49,25.73,12.81,22.87,12.51,39.36,0.1816,0.8542,93.46
708,38.17,39.02,24.59,21.26,16.24,7.86,0.1067,0.9495,132.24
709,38.94,44.3,23.59,18.36,19.06,40.4,0.1652,0.8664,124.98
710,43.83,37.08,25.76,17.85,15.08,33.19,0.1362,0.8956,125.02
711,47.4,37.06,29.03,19.26,20.27,22.55,0.1728,0.8815,134.88
712,42.96,34.49,29.87,21.45,19.26,34.48,0.1275,0.9012,133.4
713,54.09,35.21,23.82,21.41,17.73,66.6,0.1355,0.876,133.39
714,43.51,45.95,24.28,22.23,15.22,7.28,0.1981,0.9091,137.44
715,35.72,66.94,25.12,23.29,14.82,31.9,0.1388,0.8947,148.43
716,50.27,63.59,28.79,20.45,11.59,30.03,0.1612,0.8797,153.69
717,30.24,22.69,30.74,26.9,14.15,21.79,0.195,0.8676,108.22
718,44.27,15.04,17.97,22.65,9.14,89.88,0.1709,0.8326,90.82
719,38.8,43.27,26.88,17.03,12.38,85.7,0.1385,0.8658,119.79
720,33.13,35.3,24.0,21.34,15.96,65.81,0.1389,0.8732,113.29
721,41.67,34.17,35.24,22.14,15.15,81.03,0.1427,0.8634,128.11
722,37.72,40.76,19.49,23.04,19.96,71.14,0.1418,0.8683,122.39
723,25.23,31.74,19.2,18.29,10.72,7.83,0.1352,0.936,98.46
724,41.47,18.31,22.03,12.19,20.87,81.74,0.1562,0.8502,97.67
725,31.74,22.17,27.97,25.8,15.79,46.4,0.18,0.8492,104.85
726,40.98,22.72,28.02,19.6,16.97,51.2,0.1588,0.8637,110.8
727,38.98,45.7,22.26,11.61,19.69,97.89,0.1249,0.8754,121.01
728,43.44,74.41,30.08,18.9,16.99,95.31,0.1703,0.8311,152.78
729,21.82,29.0,22.82,22.97,6.53,29.51,0.1515,0.8875,91.55
730,32.07,99.07,29.26,15.72,21.18,37.87,0.162,0.8713,171.9
731,40.86,16.39,18.03,15.67,13.51,3.49,0.1707,0.9443,98.64
732,63.06,28.57,20.18,19.0,13.38,42.88,0.1463,0.8799,126.87
733,41.11,37.66,22.93,20.42,17.71,29.77,0.14,0.8959,125.27
734,36.48,12.61,24.7,17.68,12.23,5.51,0.1867,0.924,95.81
735,46.99,64.34,20.81,18.53,16.34,33.01,0.1861,0.8575,143.2
736,35.29,26.54,20.73,23.25,8.73,59.42,0.171,0.8477,97.09
737,43.46,35.47,27.26,20.06,14.76,39.88,0.1332,0.8927,125.87
738,40.42,41.87,29.09,14.07,16.17,23.97,0.1722,0.8797,124.58
739,48.58,18.52,21.12,24.75,12.5,8.4,0.1433,0.9303,116.71
740,45.29,92.6,18.29,19.26,12.18,80.69,0.1696,0.8378,157.2
741,36.17,36.92,25.49,16.37,17.92,22.85,0.121,0.9167,121.79
742,27.98,30.54,27.32,19.25,14.95,85.74,0.1006,0.9025,108.34
743,31.45,22.44,19.75,14.7,12.86,37.68,0.1124,0.9107,92.17
744,42.37,37.99,33.37,20.04,16.62,93.05,0.1601,0.842,126.63
745,39.59,18.63,20.61,22.19,12.34,99.22,0.1428,0.8571,97.17
746,40.22,37.0,23.68,17.71,9.46,56.01,0.1353,0.8812,112.85
747,42.03,61.19,23.76,18.77,10.05,53.66,0.1885,0.8362,130.29
748,33.45,55.78,20.93,17.63,14.81,36.67,0.1174,0.9075,129.41
749,39.16,28.03,34.07,22.9,14.08,89.86,0.1869,0.817,112.94
750,39.92,31.31,20.33,19.02,14.03,29.76,0.1497,0.8886,110.74
751,28.5,43.46,33.68,17.67,16.02,59.52,0.1975,0.824,114.81
752,35.11,56.16,23.5,20.58,8.84,62.72,0.1311,0.8817,127.12
753,43.13,64.62,23.5,18.89,16.6,94.59,0.1819,0.8198,136.7
754,45.59,67.17,21.76,19.44,12.75,43.1,0.1517,0.8753,145.92
755,33.54,24.1,28.41,16.78,15.14,27.19,0.1241,0.91,107.35
756,44.0,47.3,34.92,22.48,17.21,37.32,0.1859,0.8529,141.5
757,35.08,20.13,22.18,18.38,19.25,70.36,0.1558,0.8557,98.42
758,32.97,29.08,23.49,18.82,12.12,23.89,0.1801,0.8743,101.83
759,55.28,21.88,32.31,20.75,17.83,49.96,0.1625,0.8613,127.52
760,36.68,22.07,19.41,27.85,16.71,5.55,0.1071,0.9563,117.34
761,28.2,38.56,21.09,23.34,14.41,61.35,0.1606,0.8559,107.5
762,36.5,26.54,31.85,17.32,16.61,50.17,0.1016,0.9132,117.62
763,37.87,39.25,27.11,14.98,13.49,47.14,0.1742,0.8535,113.26
764,47.3,21.58,20.68,21.29,11.73,23.18,0.1284,0.9112,111.69
765,37.13,42.48,28.11,17.66,18.24,71.05,0.1451,0.8652,124.26
766,43.03,29.47,17.3,19.08,14.29,90.46,0.1131,0.8891,109.5
767,48.5,31.15,30.43,19.27,20.29,31.54,0.1129,0.9146,136.85
768,35.33,20.8,15.16,19.56,19.56,98.74,0.1693,0.8308,91.73
769,42.33,52.61,19.89,19.14,11.24,11.79,0.1085,0.94,136.49
770,39.5,37.02,26.87,18.09,19.95,28.67,0.149,0.8903,125.91
771,41.8,43.43,18.69,11.43,14.55,29.17,0.1632,0.8793,114.22
772,40.81,21.0,25.05,20.74,16.4,68.5,0.14,0.8711,108.02
773,41.17,45.86,27.83,22.48,16.07,9.86,0.151,0.9218,141.41
774,37.72,35.58,21.31,16.23,12.05,59.34,0.1912,0.8297,101.96
775,40.2,28.7,24.4,22.88,13.84,93.08,0.174,0.8283,107.71
776,37.82,60.71,29.19,21.23,18.61,92.5,0.1761,0.8265,138.49
777,58.65,41.22,27.24,20.48,15.89,99.1,0.1854,0.8146,133.17
778,44.84,41.95,32.59,20.73,11.16,83.78,0.1383,0.8666,131.1
779,40.02,15.95,20.8,22.96,17.89,27.09,0.121,0.9124,107.31
780,37.3,53.94,20.02,22.17,11.41,17.35,0.1078,0.9319,134.97
781,47.83,41.86,31.58,13.68,17.84,6.93,0.1749,0.9214,140.79
782,33.48,57.42,26.9,25.18,19.62,33.64,0.1264,0.9027,146.77
783,29.73,27.61,23.74,22.22,11.91,94.55,0.1446,0.8569,98.72
784,29.13,26.31,22.08,16.03,18.37,56.8,0.1239,0.8909,99.71
785,50.38,66.77,29.07,12.85,17.9,35.01,0.159,0.8763,155.07
786,49.96,51.35,23.07,15.16,20.34,1.59,0.1213,0.9749,155.88
787,41.28,19.76,28.9,24.99,11.4,57.96,0.164,0.8548,107.99
788,35.52,35.23,31.33,19.55,11.06,96.56,0.1723,0.8286,109.95
789,35.6,52.69,25.52,23.15,13.15,99.54,0.1104,0.8895,133.52
790,56.34,37.58,18.21,28.12,11.57,55.23,0.1907,0.8331,126.48
791,39.27,28.09,27.84,15.38,23.07,82.92,0.1864,0.8207,109.7
792,42.74,26.78,30.54,15.22,15.17,12.81,0.196,0.8883,115.89
793,36.48,35.91,31.0,19.93,15.26,99.13,0.1177,0.8823,122.27
794,40.72,52.66,25.82,21.19,19.91,54.18,0.1942,0.8308,133.19
795,43.02,23.5,16.42,23.07,13.28,39.23,0.1993,0.8401,100.23
796,54.45,14.9,22.73,16.29,16.41,37.75,0.1389,0.8897,111.01
797,39.3,29.76,22.52,17.35,10.32,81.28,0.1096,0.8951,106.73
798,44.13,41.91,29.27,25.52,14.06,93.41,0.1895,0.8129,125.91
799,37.14,45.79,27.06,21.62,20.21,97.24,0.1179,0.8826,134.0
800,41.49,23.33,29.5,21.26,18.93,60.18,0.1382,0.8765,117.89
801,42.74,38.99,21.6,18.22,16.43,54.32,0.1505,0.8688,119.87
802,38.36,27.11,26.06,25.27,14.55,30.62,0.1506,0.8871,116.52
803,41.9,46.97,13.53,24.25,15.2,69.57,0.1638,0.8486,120.37
804,34.33,33.2,22.95,19.88,16.36,15.49,0.1228,0.9252,117.25
805,44.02,48.95,17.58,13.34,9.33,99.12,0.1331,0.8669,115.49
806,40.45,35.96,33.69,23.76,20.02,88.58,0.1351,0.8681,133.59
807,35.58,42.75,27.34,22.14,10.33,62.17,0.1281,0.8846,122.2
808,39.06,29.32,27.13,20.36,11.49,43.62,0.1993,0.8356,106.42
809,50.46,26.35,18.88,24.68,8.99,85.46,0.186,0.8199,106.06
810,39.16,31.24,24.35,21.82,17.11,61.43,0.1846,0.8342,111.53
811,43.42,44.79,28.3,18.81,20.87,90.24,0.1384,0.8644,135.01
812,43.4,96.06,20.64,24.0,11.12,36.95,0.1551,0.8776,171.32
813,44.64,57.94,22.72,20.88,13.22,85.44,0.1065,0.8968,142.95
814,31.16,64.29,30.53,23.69,13.35,1.41,0.1184,0.9774,159.33
815,31.72,33.57,19.64,20.56,12.68,19.28,0.1982,0.8705,102.86
816,34.01,28.24,22.84,22.24,14.54,78.9,0.1424,0.8646,105.37
817,44.86,14.5,20.91,25.91,14.5,77.88,0.1482,0.8595,103.72
818,42.1,27.55,26.69,25.59,17.64,45.44,0.1558,0.8702,121.45
819,41.69,20.16,28.88,17.86,14.94,18.22,0.189,0.8787,108.54
820,39.03,47.6,33.03,23.71,10.66,6.07,0.1891,0.9197,141.67
821,29.4,32.35,26.98,17.56,18.94,33.67,0.1758,0.8646,108.28
822,35.2,20.64,31.24,23.18,19.25,64.14,0.1569,0.8577,111.08
823,41.69,43.55,26.83,19.47,13.39,39.85,0.1545,0.8755,126.9
824,38.64,39.73,18.17,13.97,17.68,86.27,0.1557,0.8489,108.81
825,41.43,22.24,25.2,21.16,18.51,11.94,0.1809,0.8994,115.6
826,27.54,64.11,25.28,24.2,14.84,23.05,0.1993,0.8624,134.5
827,39.89,25.9,30.33,22.41,13.66,73.66,0.1184,0.8891,117.54
828,23.3,44.43,24.53,16.55,19.57,67.0,0.1879,0.8279,106.28
829,29.57,33.29,23.14,21.08,14.82,45.65,0.1721,0.8564,104.4
830,32.23,67.65,20.74,19.47,18.54,92.94,0.1379,0.864,137.06
831,25.26,50.59,23.69,23.25,22.38,5.54,0.1274,0.9481,137.63
832,33.59,22.56,24.55,24.14,17.61,10.45,0.1104,0.9416,115.3
833,42.22,72.47,27.98,14.82,10.69,3.6,0.1159,0.9616,161.72
834,49.33,21.09,20.92,20.39,12.42,61.64,0.1568,0.8591,106.66
835,35.72,22.91,36.7,16.39,12.3,12.41,0.1109,0.9375,116.27
836,34.75,67.0,20.48,20.79,16.41,84.75,0.1675,0.8381,133.62
837,39.04,34.62,18.61,14.45,8.96,56.05,0.1554,0.8635,99.88
838,37.86,39.65,27.55,19.76,15.02,18.02,0.1515,0.9031,126.29
839,31.9,41.45,18.61,21.13,12.84,66.82,0.1328,0.8784,110.61
840,44.33,22.75,25.13,10.85,8.28,71.15,0.1618,0.8497,94.61
841,37.65,74.26,21.54,18.93,14.85,93.82,0.1102,0.8911,149.01
842,34.73,84.2,28.26,14.01,10.67,16.23,0.1702,0.8948,153.79
843,35.45,16.58,25.77,23.32,12.36,27.8,0.1896,0.8617,97.79
844,58.81,29.24,30.71,12.23,17.33,8.82,0.168,0.9166,135.96
845,46.2,45.94,27.12,18.59,14.37,72.13,0.1819,0.8304,126.4
846,37.28,33.47,25.24,25.26,18.39,97.92,0.1207,0.8796,122.83
847,20.51,28.16,26.02,15.81,17.5,20.59,0.1364,0.909,98.18
848,26.37,43.82,20.16,17.06,18.41,89.81,0.187,0.8169,102.78
849,40.69,45.57,21.5,19.7,18.77,78.73,0.1269,0.8793,128.59
850,37.67,68.87,26.1,20.21,13.88,16.17,0.1607,0.9008,150.18
851,30.78,17.49,27.97,10.71,14.23,66.78,0.1584,0.855,86.51
852,38.94,23.38,23.37,18.95,11.9,13.05,0.1529,0.9123,106.33
853,34.04,25.89,23.94,22.77,16.08,38.9,0.1711,0.863,105.91
854,34.87,91.29,23.03,28.61,15.25,76.8,0.168,0.8412,162.39
855,38.61,64.03,26.88,16.95,11.72,93.74,0.1486,0.8531,134.96
856,31.87,39.07,25.02,18.82,15.34,72.27,0.1713,0.8403,109.33
857,28.91,33.84,28.1,21.63,17.78,23.46,0.1584,0.89,115.94
858,29.17,41.75,21.91,16.74,13.94,78.55,0.1909,0.8186,101.1
859,36.76,55.99,24.73,25.93,15.36,58.2,0.1696,0.8497,134.9
860,27.34,31.63,32.55,19.86,16.05,44.26,0.1528,0.8735,111.3
861,57.52,39.05,35.18,20.88,16.66,22.55,0.1328,0.9089,153.87
862,47.47,30.59,23.82,22.15,16.7,73.95,0.1586,0.8513,119.8
863,45.76,20.03,31.58,13.16,13.86,43.75,0.1941,0.8398,104.46
864,32.92,17.11,31.34,21.1,8.3,29.04,0.1978,0.8538,94.58
865,33.21,26.55,29.1,17.48,13.11,15.31,0.1251,0.9242,110.39
866,28.67,30.15,16.12,16.52,13.6,63.4,0.1191,0.8923,93.74
867,54.71,41.68,17.9,21.84,19.06,60.43,0.1739,0.8445,131.05
868,50.75,38.97,22.47,24.52,11.55,97.72,0.1884,0.8122,120.4
869,45.38,20.06,22.5,20.0,19.43,71.86,0.1911,0.822,104.7
870,39.03,35.13,20.43,26.15,16.65,53.0,0.1521,0.8683,119.3
871,36.89,28.13,27.78,19.06,17.39,35.32,0.1446,0.8872,114.68
872,44.05,31.68,28.06,13.11,12.87,71.7,0.1603,0.8508,110.41
873,52.78,36.14,33.96,15.34,11.88,32.54,0.1436,0.8905,133.66
874,45.14,58.43,21.97,26.1,19.99,27.74,0.1634,0.8808,151.17
875,31.1,29.12,21.75,27.13,12.1,80.69,0.1518,0.8548,103.6
876,33.87,68.49,25.93,21.45,12.17,29.13,0.144,0.8935,144.67
877,43.74,20.81,18.56,17.53,10.96,15.29,0.1137,0.9311,103.92
878,33.09,24.64,34.35,18.77,10.85,19.11,0.1748,0.8861,107.84
879,36.23,33.68,23.21,19.83,15.41,55.16,0.1457,0.8726,112.0
880,52.08,21.93,24.6,20.06,19.03,80.25,0.1523,0.8545,117.67
881,37.49,20.65,25.68,22.23,15.5,23.91,0.1026,0.9284,112.84
882,27.4,36.04,24.26,21.37,16.59,60.43,0.1808,0.8383,105.35
883,63.09,20.6,23.62,15.23,17.56,4.17,0.1277,0.9545,133.73
884,48.7,23.84,36.78,15.49,7.76,45.7,0.1662,0.8613,114.18
885,39.49,33.86,25.43,22.17,15.63,12.94,0.1322,0.9244,126.26
886,39.94,69.17,27.41,18.4,16.28,98.2,0.1683,0.832,142.44
887,22.99,32.41,22.53,19.68,11.03,42.97,0.1978,0.8375,90.99
888,36.86,36.87,28.08,20.07,17.07,18.87,0.1924,0.8751,121.59
889,34.05,22.1,25.16,17.83,13.48,76.1,0.1356,0.8721,98.21
890,40.78,23.01,26.25,20.53,14.5,20.92,0.102,0.9316,116.51
891,53.02,13.99,27.39,22.76,20.65,2.46,0.1227,0.9669,133.25
892,43.52,23.62,29.41,19.48,18.06,38.78,0.1306,0.8955,120.08
893,56.24,47.53,28.5,25.49,16.82,62.03,0.1196,0.8924,155.79
894,28.83,27.81,24.88,26.25,16.28,29.87,0.1886,0.8595,106.63
895,27.66,37.18,25.03,16.62,12.37,43.14,0.1309,0.8924,106.07
896,49.94,38.27,19.44,21.63,13.34,30.07,0.1375,0.8974,127.98
897,40.83,46.98,24.13,19.04,15.34,88.59,0.1263,0.8767,128.29
898,43.74,67.98,25.54,16.95,11.95,25.3,0.1519,0.8922,148.24
899,39.78,44.62,29.58,19.85,12.53,13.52,0.1588,0.9078,132.87
900,41.56,31.82,13.16,11.46,13.11,37.89,0.1888,0.8499,94.43
901,45.5,48.14,26.55,23.11,21.33,33.25,0.1695,0.8699,143.22
902,42.02,39.53,21.14,23.47,18.54,59.44,0.1474,0.8687,125.69
903,35.43,14.3,28.88,20.92,15.23,74.16,0.1335,0.8748,100.39
904,58.64,21.66,31.65,23.87,11.58,84.45,0.1,0.9034,133.15
905,40.75,31.99,24.76,17.21,15.23,64.87,0.1597,0.8548,111.07
906,38.4,27.7,32.17,8.86,14.67,99.06,0.1124,0.8876,108.12
907,37.24,33.32,29.34,18.07,20.18,60.06,0.167,0.8508,117.55
908,42.73,13.26,25.7,15.13,19.65,2.59,0.1894,0.9474,110.34
909,38.06,49.0,16.98,20.04,12.24,16.49,0.141,0.9124,124.38
910,23.77,34.31,26.92,25.76,17.1,36.06,0.1308,0.8974,114.74
911,37.97,56.93,20.86,21.18,13.27,33.35,0.1525,0.8828,132.61
912,31.33,35.36,10.7,18.97,12.11,31.14,0.1284,0.9033,97.98
913,42.14,37.93,19.5,24.44,18.7,66.23,0.1111,0.8984,128.22
914,39.76,23.13,31.74,26.77,15.91,29.19,0.1785,0.8679,119.17
915,34.69,21.61,25.65,21.78,23.19,34.52,0.1263,0.9021,114.49
916,47.53,36.91,31.14,17.41,14.2,91.2,0.1087,0.8933,131.48
917,39.44,35.03,32.87,20.49,12.2,94.36,0.1208,0.8804,123.29
918,36.98,18.15,26.39,20.63,12.81,1.26,0.1334,0.9763,112.23
919,37.1,50.98,22.11,19.25,15.17,47.8,0.1747,0.8525,123.28
920,36.92,35.71,19.73,25.16,11.54,40.11,0.1962,0.8416,108.62
921,44.05,28.59,24.68,23.38,13.75,49.66,0.1288,0.8903,119.69
922,33.76,24.72,20.54,15.39,11.49,95.87,0.1775,0.8237,87.23
923,40.56,47.37,19.33,14.95,12.88,72.08,0.1146,0.8932,120.66
924,35.97,26.5,21.77,17.86,12.92,95.73,0.1978,0.8036,92.43
925,34.86,38.47,23.66,16.02,16.44,35.69,0.1196,0.9065,117.34
926,43.78,32.72,23.8,18.13,14.06,15.86,0.1658,0.8983,119.01
927,32.52,28.31,24.55,19.99,14.27,65.96,0.1005,0.9083,108.67
928,44.17,20.82,27.13,19.29,13.28,56.65,0.1807,0.8409,104.85
929,42.48,58.9,24.1,20.69,10.41,85.34,0.1749,0.8307,130.06
930,50.62,23.41,28.77,18.66,12.8,87.57,0.1284,0.875,117.48
931,25.93,24.8,28.57,14.42,19.51,40.5,0.108,0.9126,103.32
932,48.15,59.79,30.0,16.13,10.84,84.91,0.1437,0.8611,142.0
933,37.58,33.6,24.41,15.78,13.9,32.7,0.1047,0.9201,115.26
934,25.7,39.78,18.8,16.82,12.16,21.29,0.105,0.9292,105.25
935,34.73,64.13,23.8,21.62,16.26,46.74,0.1832,0.8462,135.85
936,44.1,63.51,20.16,18.41,13.02,83.75,0.1541,0.8515,135.55
937,39.31,28.1,28.98,16.28,15.5,47.67,0.1097,0.9074,116.31
938,50.78,55.49,17.61,19.64,18.31,47.04,0.1945,0.8364,135.36
939,37.29,18.43,26.7,21.16,14.74,6.59,0.1615,0.9289,109.92
940,39.73,17.32,26.01,21.03,12.95,11.81,0.1825,0.899,105.22
941,38.52,35.63,28.67,29.62,19.02,46.16,0.1652,0.8617,130.52
942,31.83,33.84,26.36,17.62,13.92,48.96,0.1848,0.843,104.17
943,39.77,45.35,24.77,21.5,16.74,10.6,0.1263,0.9328,138.16
944,38.25,43.48,19.53,24.27,13.45,9.66,0.1309,0.9327,129.63
945,40.7,46.15,33.53,26.26,16.96,61.11,0.1438,0.8711,142.51
946,40.47,66.44,24.74,19.0,17.14,54.56,0.1574,0.8627,144.75
947,40.01,76.75,23.24,12.81,19.95,73.45,0.1166,0.8908,153.9
948,40.77,49.72,25.58,18.77,13.9,71.41,0.1644,0.8471,126.0
949,48.8,34.7,30.64,21.42,18.23,29.11,0.1954,0.8555,131.57
950,32.18,32.24,23.74,30.57,17.12,66.79,0.1872,0.8286,112.57
951,34.21,34.8,30.75,14.45,14.43,57.6,0.1272,0.8876,114.18
952,51.33,27.82,26.03,19.78,12.04,1.92,0.1479,0.9655,132.28
953,50.17,50.64,28.67,17.29,10.19,42.83,0.155,0.8728,136.99
954,42.07,53.07,26.29,23.66,14.33,69.81,0.1632,0.849,135.35
955,56.19,27.16,28.37,17.53,13.42,91.14,0.1693,0.8337,118.94
956,43.91,32.76,29.39,13.87,15.26,13.55,0.1747,0.8984,121.46
957,54.99,17.25,27.16,11.77,12.92,22.27,0.1814,0.876,108.71
958,51.68,33.75,32.98,21.04,17.02,76.2,0.1095,0.8967,140.29
959,53.02,35.54,24.42,20.31,14.26,10.07,0.1855,0.9032,133.27
960,30.81,22.48,30.92,22.08,15.42,3.54,0.1269,0.9583,116.63
961,45.35,28.34,21.89,20.54,10.41,33.32,0.1326,0.8982,113.65
962,39.33,22.07,27.03,21.23,14.95,32.16,0.1245,0.9054,112.82
963,29.29,18.64,20.86,21.85,17.72,48.74,0.1481,0.8744,94.76
964,50.69,63.31,20.94,16.67,14.23,25.72,0.1262,0.91,150.91
965,49.55,18.66,31.57,20.0,9.9,1.85,0.1657,0.9623,124.8
966,38.84,36.63,35.44,22.03,13.81,91.51,0.1343,0.8679,127.38
967,35.06,51.71,24.19,16.19,17.92,97.76,0.1707,0.8297,120.37
968,40.46,61.81,19.97,12.96,10.74,99.3,0.1811,0.8188,119.5
969,25.48,22.89,24.94,21.39,6.86,96.99,0.1494,0.8512,86.46
970,29.22,58.35,21.15,19.26,14.79,81.93,0.1677,0.8391,119.81
971,37.6,37.33,31.49,25.36,10.79,58.55,0.1916,0.83,118.34
972,44.92,44.02,28.01,22.63,9.82,52.92,0.1869,0.8382,125.23
973,38.52,70.75,27.91,18.73,14.68,7.18,0.1376,0.9372,159.88
974,35.55,44.69,24.43,14.6,19.59,88.21,0.1809,0.8236,114.37
975,33.38,24.14,21.41,25.39,13.23,23.72,0.1517,0.8944,105.13
976,59.51,15.38,30.28,23.13,10.08,74.44,0.1279,0.88,121.77
977,31.41,45.21,24.45,25.15,7.87,70.05,0.1384,0.8718,116.91
978,25.38,41.19,19.82,23.86,15.56,75.4,0.1577,0.8515,107.13
979,35.39,25.47,32.76,15.12,15.63,13.41,0.1619,0.9062,112.72
980,44.14,37.67,37.36,21.85,14.53,44.81,0.1894,0.8427,131.07
981,40.87,20.35,25.79,23.81,17.83,71.1,0.1072,0.9004,115.84
982,33.99,40.42,26.78,20.44,17.47,2.35,0.1347,0.9646,134.18
983,41.54,20.48,34.06,18.71,11.57,42.03,0.1235,0.8991,113.61
984,48.87,56.78,23.51,18.14,18.3,32.73,0.1102,0.9158,151.66
985,41.63,81.1,30.63,16.94,15.24,80.88,0.1169,0.8882,164.8
986,41.23,39.29,22.14,19.57,13.84,52.48,0.1334,0.8848,120.39
987,41.26,40.87,27.4,14.99,11.36,57.28,0.1613,0.8576,116.54
988,34.03,44.27,20.18,12.69,12.25,9.15,0.1732,0.9128,112.67
989,43.6,39.1,23.72,17.8,11.66,17.73,0.1497,0.9048,122.93
990,48.33,22.57,16.71,17.66,19.1,75.18,0.109,0.8975,111.62
991,50.82,61.59,27.46,28.95,13.67,49.99,0.1772,0.8487,154.87
992,43.44,41.91,27.0,25.46,15.15,17.02,0.1516,0.9048,138.39
993,40.12,43.79,19.9,19.18,8.58,1.46,0.1773,0.9654,127.01
994,55.01,52.4,35.98,19.88,11.34,36.36,0.1253,0.9015,157.41
995,40.96,51.49,25.38,24.21,12.73,33.64,0.1272,0.9021,139.61
996,36.13,57.35,24.3,19.94,20.89,38.83,0.1209,0.9033,143.26
997,34.49,41.98,20.11,19.25,14.08,3.15,0.12,0.9629,125.08
998,33.57,24.82,28.91,18.99,13.99,91.94,0.149,0.8534,102.64
999,35.97,41.35,20.51,19.42,10.84,41.19,0.1539,0.875,112.09
1000,55.41,34.65,28.82,15.53,13.06,74.1,0.1159,0.8913,131.45
1001,33.95,24.67,20.62,24.59,13.08,20.69,0.1995,0.8667,101.32
1002,52.21,62.55,27.17,18.95,18.28,3.03,0.1482,0.9552,171.13
1003,38.36,32.96,24.03,25.03,7.96,73.45,0.1353,0.8733,112.09
1004,48.34,38.35,28.92,24.32,9.77,90.26,0.185,0.8187,122.55
1005,31.37,26.16,18.5,21.88,15.54,57.17,0.1814,0.8399,95.28
1006,39.86,34.25,27.28,24.93,17.24,17.72,0.1234,0.9215,132.29
1007,27.07,50.78,20.1,19.17,12.05,70.02,0.1843,0.8294,107.14
1008,40.18,79.34,21.77,17.78,18.42,94.38,0.1283,0.873,154.93
1009,46.29,19.52,27.9,17.41,14.54,96.67,0.1068,0.8938,112.31
1010,47.73,35.31,25.23,20.29,11.53,52.51,0.1034,0.9107,127.58
1011,39.96,10.01,26.87,22.79,11.09,85.03,0.1521,0.8529,94.43
1012,37.13,29.48,28.76,21.53,15.71,75.89,0.134,0.8737,115.87
1013,40.7,36.68,25.83,27.67,16.53,37.35,0.1764,0.8603,126.82
1014,35.42,37.36,24.31,22.02,7.52,41.33,0.1536,0.8751,110.82
1015,35.41,67.39,20.0,17.8,13.08,41.79,0.1779,0.8549,131.38
1016,36.73,31.96,35.98,20.65,10.11,5.61,0.1687,0.9308,126.06
1017,41.82,65.37,27.74,23.6,14.89,65.52,0.1986,0.819,142.04
1018,51.49,38.63,25.0,18.11,14.45,56.51,0.1482,0.8696,128.43
1019,50.39,28.54,23.4,17.47,13.81,76.05,0.1339,0.8737,116.74
1020,37.45,37.77,26.04,24.59,21.75,33.95,0.1182,0.9088,134.13
1021,33.48,36.85,24.97,23.1,19.39,5.94,0.1658,0.9303,128.19
1022,34.14,37.9,27.64,20.15,16.06,55.49,0.1539,0.8652,117.56
1023,28.17,26.48,22.13,17.94,12.03,82.33,0.1708,0.836,89.24
1024,45.82,26.35,33.4,18.85,12.32,83.87,0.1783,0.8281,113.23
1025,28.85,55.12,28.45,21.19,18.65,80.18,0.1652,0.8423,128.26
1026,21.94,53.37,15.96,22.93,10.97,56.32,0.1818,0.8401,105.16
1027,45.83,25.13,26.44,24.15,15.71,73.51,0.1212,0.8865,121.68
1028,45.48,33.16,29.03,20.7,20.84,12.94,0.1901,0.8912,132.99
1029,31.35,40.8,18.4,15.18,9.89,20.17,0.1239,0.9179,106.12
1030,42.42,48.48,30.51,25.79,18.52,97.23,0.1332,0.8673,143.73
1031,29.45,37.74,28.15,24.73,16.86,41.94,0.1126,0.9081,124.35
1032,39.22,55.53,18.46,23.9,15.98,40.81,0.1177,0.9046,138.49
1033,42.87,33.93,24.14,25.47,15.75,8.65,0.1705,0.9161,130.23
1034,45.55,64.98,19.29,23.29,15.87,45.38,0.1147,0.9044,152.82
1035,43.17,97.13,29.18,20.46,16.38,66.23,0.1988,0.8184,168.86
1036,24.85,36.03,19.91,15.61,13.2,74.3,0.1943,0.8176,89.62
1037,42.42,40.67,20.33,16.89,16.31,37.89,0.1068,0.9151,125.02
1038,57.45,24.03,25.41,18.45,13.52,95.58,0.1789,0.8224,114.2
1039,43.14,32.68,35.35,23.12,12.5,46.67,0.1378,0.8844,129.82
1040,28.92,37.6,31.11,26.35,13.78,49.19,0.1807,0.8463,116.59
1041,34.32,46.28,20.05,25.54,14.2,66.25,0.1066,0.9026,126.71
1042,35.91,32.25,18.88,18.19,20.22,13.12,0.1624,0.9066,113.72
1043,21.35,47.18,22.04,19.49,18.35,67.12,0.1717,0.8426,108.2
1044,40.8,30.12,17.99,14.59,15.47,37.01,0.1847,0.8541,101.62
1045,37.2,52.4,28.94,26.67,10.82,3.79,0.1889,0.9358,146.01
1046,37.57,41.32,28.29,14.18,12.47,78.15,0.1011,0.904,120.99
1047,39.0,40.58,29.57,19.3,19.97,93.99,0.1747,0.8272,122.78
1048,34.22,29.11,25.24,25.54,11.16,57.89,0.1146,0.8985,112.57
1049,46.84,33.85,25.6,21.57,17.03,36.94,0.1535,0.8788,127.33
1050,41.47,30.14,19.67,22.27,13.1,69.95,0.1371,0.8731,110.58
1051,35.73,49.55,26.37,20.99,16.81,90.6,0.1224,0.8799,131.51
1052,43.56,20.35,31.32,13.06,15.48,32.18,0.1303,0.9009,111.51
1053,42.84,26.38,22.85,21.78,15.54,56.54,0.1261,0.889,115.04
1054,32.36,56.72,27.03,22.47,11.74,24.82,0.1227,0.9134,137.3
1055,38.62,37.73,25.34,17.75,16.11,64.59,0.1651,0.85,115.21
1056,38.6,57.08,22.33,22.99,14.88,79.26,0.1346,0.8718,135.91
1057,35.32,48.78,27.57,18.15,14.41,22.15,0.1894,0.8708,125.6
1058,29.15,50.82,34.09,25.5,12.59,55.91,0.154,0.8648,131.58
1059,35.07,41.42,31.88,19.83,13.67,18.69,0.1518,0.9018,127.93
1060,50.13,26.91,20.79,22.27,11.93,47.91,0.1924,0.8375,110.57
1061,34.81,36.07,25.59,21.19,13.99,67.87,0.1878,0.8274,108.93
1062,47.19,21.24,28.66,22.89,16.37,4.24,0.1029,0.963,131.31
1063,39.72,32.76,25.42,20.44,10.65,74.54,0.1609,0.8489,109.49
1064,41.34,28.14,18.58,22.87,14.91,36.29,0.1607,0.8737,109.95
1065,30.21,16.62,21.22,22.83,13.22,56.63,0.1924,0.8306,86.47
1066,49.31,41.51,28.14,15.11,18.79,46.99,0.1713,0.856,130.85
1067,56.48,39.91,34.64,22.61,13.85,78.14,0.1448,0.8626,144.48
1068,34.41,57.99,21.76,18.19,14.75,74.53,0.1054,0.901,132.54
1069,50.43,21.45,20.24,19.37,16.14,1.25,0.1086,0.9809,125.19
1070,29.85,53.93,30.64,19.0,20.11,15.49,0.1466,0.9108,139.83
1071,39.57,13.84,26.17,18.38,16.13,24.68,0.1984,0.8602,98.14
1072,30.62,33.0,23.06,25.58,22.18,51.84,0.1991,0.8284,111.37
1073,43.02,77.16,24.03,14.51,18.46,30.83,0.1477,0.889,157.51
1074,38.37,34.6,24.29,9.1,14.66,12.73,0.1884,0.8928,108.05
1075,39.59,26.09,28.76,17.76,6.78,9.27,0.1213,0.9387,111.68
1076,50.5,33.85,26.14,19.24,12.76,39.31,0.1313,0.8946,127.47
1077,49.95,49.14,17.35,16.77,16.94,39.93,0.1382,0.8886,133.42
1078,38.62,31.27,24.36,16.2,11.21,67.74,0.1699,0.8439,102.68
1079,48.86,40.95,34.18,22.77,9.18,14.99,0.1824,0.8902,138.82
1080,49.2,40.76,30.55,20.45,15.78,39.35,0.1392,0.8882,139.22
1081,48.88,43.6,31.27,30.1,10.21,32.22,0.1466,0.8885,145.76
1082,41.18,52.98,20.82,16.84,15.25,48.52,0.1074,0.909,133.69
1083,42.64,77.26,26.81,21.53,14.41,81.92,0.1278,0.8774,160.25
1084,37.73,36.25,29.75,22.22,10.5,34.3,0.1805,0.8603,117.39
1085,58.67,39.82,25.37,18.85,20.68,99.37,0.1042,0.8958,146.36
1086,43.19,21.77,30.92,15.71,12.97,94.69,0.1755,0.8262,102.91
1087,39.34,51.07,20.72,19.62,17.93,23.0,0.1507,0.896,133.22
1088,44.03,60.32,26.07,22.21,18.87,51.99,0.1271,0.8905,152.71
1089,42.17,46.09,22.03,17.34,12.72,91.35,0.1468,0.8558,120.12
1090,56.5,20.1,32.38,19.03,21.23,71.71,0.1451,0.8649,129.09
1091,39.82,29.77,24.72,19.49,12.43,87.48,0.1976,0.8077,101.96
1092,46.13,35.72,23.95,16.83,14.67,80.16,0.1703,0.8374,114.97
1093,39.04,24.84,19.32,25.17,15.89,62.42,0.1413,0.8727,108.44
1094,26.5,82.54,29.14,20.64,10.76,66.12,0.1934,0.8233,139.63
1095,40.01,41.23,27.21,19.2,14.47,26.54,0.1919,0.8618,122.48
1096,46.83,50.8,24.91,23.26,16.94,19.42,0.1511,0.901,146.63
1097,41.09,51.13,28.02,20.61,16.02,57.56,0.1939,0.8287,129.98
1098,30.75,36.6,30.36,24.81,18.95,9.47,0.1615,0.9177,129.82
1099,52.68,21.65,26.01,16.49,11.44,26.07,0.1728,0.8762,112.4
1100,30.48,47.98,27.22,22.41,14.27,61.22,0.1466,0.8685,123.64
1101,33.82,78.25,27.71,19.9,13.44,10.34,0.1624,0.9143,158.29
1102,31.0,30.09,16.19,25.37,12.27,63.26,0.1393,0.8741,100.45
1103,31.71,27.9,27.36,23.87,14.1,53.78,0.1156,0.8995,112.38
1104,40.36,48.95,16.81,21.16,15.66,14.62,0.1356,0.9191,131.38
1105,44.89,50.65,25.04,21.2,12.88,50.41,0.1393,0.8808,136.22
1106,35.3,55.33,27.82,19.67,12.82,71.61,0.1775,0.8349,126.01
1107,44.51,33.08,15.87,24.53,15.99,57.29,0.1402,0.8763,117.4
1108,46.15,33.05,25.26,17.86,18.66,88.63,0.1473,0.8562,120.7
1109,37.37,12.23,23.23,19.76,18.32,94.92,0.176,0.8256,91.56
1110,27.89,35.71,23.76,22.53,16.43,37.01,0.1536,0.8787,111.0
1111,52.11,27.93,28.88,17.04,11.56,26.74,0.1344,0.903,124.18
1112,34.63,14.48,34.5,15.94,12.06,41.16,0.1007,0.9182,102.48
1113,22.32,74.66,28.68,23.63,13.16,46.6,0.1746,0.8535,138.64
1114,36.89,38.55,25.13,14.26,13.52,19.43,0.1921,0.8741,112.19
1115,44.67,17.15,18.27,23.72,15.75,74.48,0.1005,0.9056,108.27
1116,45.87,40.69,31.84,18.65,13.08,91.53,0.1667,0.8361,125.53
1117,30.9,73.67,24.18,15.16,16.23,48.1,0.1513,0.8721,139.65
1118,25.21,56.65,16.57,25.46,11.92,6.4,0.183,0.9205,125.0
1119,42.45,51.52,19.22,12.8,18.39,98.45,0.1167,0.8834,127.55
1120,44.14,21.38,18.65,24.47,14.61,35.11,0.1353,0.8946,110.27
1121,48.94,28.15,19.43,31.55,16.51,22.72,0.1094,0.9248,133.71
1122,48.03,24.73,30.07,26.81,15.18,38.44,0.1271,0.8986,130.13
1123,41.17,35.25,25.99,18.77,11.3,46.49,0.148,0.8759,116.05
1124,32.65,47.73,27.7,26.15,17.12,30.62,0.1918,0.8561,129.58
1125,36.14,41.69,10.99,24.55,12.49,44.29,0.1208,0.8999,113.28
1126,38.06,24.34,28.84,16.7,13.54,92.94,0.169,0.8333,101.22
1127,32.68,32.52,28.15,16.1,9.52,63.23,0.1707,0.8457,100.6
1128,48.65,53.13,16.04,21.0,12.65,32.92,0.112,0.9143,138.49
1129,48.22,42.93,18.78,22.18,12.7,1.73,0.1975,0.957,138.58
1130,28.83,41.07,30.69,24.16,13.08,61.52,0.1171,0.8948,123.34
1131,37.43,24.64,22.02,23.98,15.91,40.64,0.1056,0.9145,113.37
1132,56.5,37.31,30.05,20.89,15.91,47.21,0.1968,0.8344,134.05
1133,49.3,22.23,25.05,18.0,21.78,87.36,0.1376,0.8661,118.09
1134,41.51,25.15,22.44,23.64,17.68,45.31,0.1287,0.8928,116.43
1135,48.77,19.37,24.3,24.51,20.57,14.81,0.1292,0.9226,126.87
1136,53.2,69.88,15.04,20.56,11.47,54.59,0.1015,0.9115,155.08
1137,40.76,71.01,26.9,19.24,14.84,70.83,0.1672,0.8448,145.96
1138,29.14,23.42,19.0,18.08,19.45,30.73,0.1761,0.8678,94.68
1139,46.88,25.66,15.85,14.08,15.72,25.66,0.1444,0.897,106.02
1140,47.29,30.82,17.59,17.1,15.54,37.97,0.1214,0.9034,115.95
1141,31.95,56.98,20.46,25.78,16.88,40.09,0.1451,0.8829,134.25
1142,42.08,44.63,27.93,20.16,10.75,19.19,0.1942,0.8733,127.11
1143,33.67,60.82,21.0,17.63,19.11,63.87,0.1161,0.8948,136.22
1144,26.84,68.73,28.76,19.89,12.06,77.44,0.1067,0.8989,140.48
1145,41.77,42.47,29.43,18.53,13.07,62.27,0.1357,0.8778,127.51
1146,51.62,39.44,29.82,21.76,12.41,50.83,0.1906,0.8366,129.7
1147,42.57,60.35,34.19,18.58,15.26,57.74,0.1371,0.8788,150.23
1148,41.42,53.92,27.36,19.8,16.14,51.84,0.1723,0.8515,135.08
1149,29.34,53.8,27.91,11.85,13.65,46.92,0.1038,0.9128,124.64
1150,45.03,42.33,21.78,16.07,11.2,3.79,0.1339,0.9545,130.19
1151,35.57,53.09,13.44,21.24,11.25,54.55,0.1586,0.8617,115.97
1152,33.78,31.04,26.62,19.4,13.01,8.41,0.1518,0.9261,114.7
1153,47.06,27.89,18.16,22.33,17.29,55.11,0.1553,0.8642,114.71
1154,30.28,30.56,18.01,21.0,8.56,50.14,0.1423,0.8784,95.23
1155,38.31,86.85,19.18,25.62,19.8,85.6,0.1615,0.8436,160.07
1156,30.82,23.06,28.24,8.38,12.8,41.72,0.1826,0.8511,87.91
1157,37.6,51.03,29.83,19.76,16.27,95.35,0.1081,0.8928,137.93
1158,22.46,77.29,25.8,22.56,15.79,46.37,0.1388,0.8837,144.84
1159,44.33,41.03,19.46,20.32,13.3,94.88,0.1721,0.8294,114.83
1160,43.12,30.82,23.58,18.96,16.63,16.56,0.1791,0.8886,118.28
1161,57.41,43.72,32.05,18.24,8.58,87.57,0.1623,0.842,134.72
1162,41.94,28.73,23.67,17.43,15.1,78.13,0.1393,0.8678,110.1
1163,32.78,24.32,22.49,18.24,9.11,25.0,0.1264,0.9105,97.38
1164,47.93,59.96,31.76,16.33,15.39,99.62,0.1493,0.8505,145.75
1165,47.75,58.45,36.4,18.93,17.43,26.86,0.1345,0.9029,161.57
1166,50.45,30.81,23.36,16.67,12.42,50.19,0.1675,0.8569,114.57
1167,24.31,28.79,16.85,24.39,23.57,72.73,0.1714,0.8399,99.05
1168,34.39,38.16,25.39,16.56,17.79,1.39,0.153,0.9711,128.46
1169,32.74,33.69,23.31,26.29,17.49,35.49,0.1807,0.8588,114.67
1170,52.23,25.23,32.4,23.82,14.54,57.45,0.1123,0.9008,133.52
1171,46.44,19.03,18.59,24.72,13.69,59.86,0.1886,0.8317,101.86
1172,49.04,19.53,20.41,19.87,18.71,76.58,0.1126,0.8936,113.99
1173,31.32,21.65,23.15,15.46,21.45,54.71,0.1684,0.853,96.42
1174,41.06,23.09,28.47,13.2,12.33,99.0,0.1401,0.8599,101.6
1175,26.98,38.1,19.71,23.35,13.58,65.53,0.1446,0.8682,105.68
1176,31.18,25.38,30.36,19.61,16.29,65.21,0.1925,0.8248,101.31
1177,40.99,25.64,22.54,18.21,19.28,44.81,0.1532,0.8727,110.54
1178,41.77,21.2,17.43,22.63,12.01,46.78,0.1157,0.9029,103.87
1179,43.15,21.36,20.77,30.54,11.38,49.75,0.1709,0.8543,108.66
1180,34.8,21.13,18.17,20.15,10.63,96.03,0.1879,0.8133,85.3
1181,43.4,33.9,18.54,24.43,17.6,58.49,0.1925,0.8292,114.32
1182,40.04,53.1,34.63,19.37,17.57,6.37,0.1402,0.9392,154.69
1183,52.56,63.83,25.69,23.86,10.46,66.33,0.1813,0.8343,147.16
1184,36.59,35.75,30.31,20.4,20.18,17.81,0.173,0.8898,127.44
1185,25.32,53.51,22.94,23.63,10.42,42.41,0.1898,0.8446,114.71
1186,44.93,25.59,28.05,22.49,12.53,10.14,0.1742,0.9088,121.4
1187,42.69,43.93,20.97,17.43,10.57,16.42,0.1847,0.8854,120.05
1188,32.88,24.7,33.56,14.46,17.19,75.82,0.1417,0.8665,106.4
1189,37.39,41.65,23.73,10.99,19.24,37.29,0.1485,0.8825,117.36
1190,41.55,25.21,20.77,21.66,17.93,5.74,0.1207,0.95,120.78
1191,36.96,26.04,18.62,25.4,14.71,72.64,0.1647,0.8462,103.01
1192,31.12,34.27,19.27,22.35,15.2,1.63,0.1116,0.9766,119.35
1193,38.4,66.88,18.63,25.53,14.75,80.85,0.1278,0.8778,144.12
1194,47.07,49.25,33.63,26.68,15.45,56.24,0.1717,0.8491,146.12
1195,37.11,26.14,23.91,22.04,16.57,85.63,0.1905,0.8155,102.56
1196,41.69,22.96,23.54,11.08,14.28,28.69,0.1801,0.8674,98.5
1197,38.55,25.24,41.46,15.33,13.03,17.84,0.1573,0.8997,120.21
1198,30.12,45.28,32.63,17.29,17.2,7.65,0.1932,0.9095,129.61
1199,39.15,38.19,18.74,14.46,9.8,70.28,0.1636,0.8484,102.09
1200,36.44,45.43,31.73,13.4,17.31,91.07,0.1215,0.8807,127.09
1201,46.07,28.5,23.22,19.85,20.35,70.34,0.1432,0.8673,119.67
1202,49.88,40.03,24.35,15.34,13.49,61.55,0.1867,0.8323,119.09
1203,47.05,39.0,22.04,16.82,14.44,1.58,0.1925,0.9604,133.83
1204,34.12,58.06,24.25,21.1,14.67,36.86,0.1912,0.8491,129.23
1205,30.7,65.84,21.98,16.52,14.95,94.33,0.1042,0.8969,134.53
1206,27.89,50.24,23.3,20.26,15.33,55.06,0.1644,0.8562,117.32
1207,41.35,58.03,22.91,18.9,14.81,27.09,0.1498,0.8915,139.06
1208,34.33,34.72,27.35,24.3,13.4,13.02,0.1444,0.9172,122.99
1209,31.1,26.46,27.51,17.41,16.04,39.85,0.1076,0.9134,108.26
1210,55.7,34.57,25.68,14.58,17.55,14.99,0.1382,0.9168,135.76
1211,43.89,33.2,32.41,18.73,13.65,95.85,0.1465,0.8545,121.23
1212,42.69,32.31,30.34,28.6,12.04,84.2,0.1302,0.8743,127.63
1213,42.29,34.86,31.59,26.14,18.53,47.99,0.1779,0.8497,130.35
1214,52.95,32.69,21.28,26.59,15.32,99.05,0.1205,0.8794,130.89
1215,38.66,29.14,19.21,21.68,10.22,15.94,0.1374,0.9156,108.88
1216,44.94,33.22,26.4,20.76,18.01,17.08,0.1515,0.9048,129.67
1217,47.23,48.23,27.08,15.98,11.79,16.82,0.1536,0.9039,135.86
1218,54.86,24.76,20.01,21.84,13.92,14.79,0.1152,0.9309,126.04
1219,39.99,59.95,26.66,14.57,14.24,49.79,0.1069,0.9089,141.24
1220,49.88,53.96,16.4,19.23,13.25,77.55,0.1878,0.8221,125.55
1221,25.37,36.23,23.29,21.62,17.27,64.58,0.1124,0.8979,111.15
1222,56.94,13.49,18.49,17.59,19.51,42.63,0.1646,0.8651,109.02
1223,43.38,14.65,27.08,21.73,17.81,3.88,0.1717,0.9409,117.28
1224,46.04,36.6,28.95,17.88,16.71,35.0,0.179,0.8607,125.82
1225,29.73,45.91,14.58,9.59,13.81,28.07,0.1093,0.92,104.52
1226,29.21,71.12,9.5,23.07,21.99,23.96,0.1299,0.9093,140.84
1227,34.83,29.76,32.92,22.53,16.37,39.86,0.1197,0.9036,123.26
1228,40.16,28.49,19.14,17.6,18.45,69.16,0.1048,0.9033,111.86
1229,37.96,21.51,22.25,19.65,13.23,74.66,0.1624,0.8474,97.12
1230,36.72,44.47,19.74,29.96,20.28,19.7,0.1151,0.9243,139.73
1231,38.42,35.1,30.82,22.85,8.95,61.94,0.1189,0.8931,121.59
1232,21.32,28.92,29.71,17.53,9.26,32.97,0.1432,0.8904,95.05
1233,43.41,35.33,23.28,21.41,17.45,24.41,0.1118,0.9215,129.81
1234,38.64,33.7,28.4,22.33,10.55,99.74,0.163,0.8368,111.82
1235,47.61,51.54,26.4,18.72,13.21,7.23,0.178,0.9185,144.65
1236,36.19,29.51,26.53,19.33,14.76,85.44,0.1607,0.8444,106.67
1237,37.02,34.96,28.14,13.03,15.09,40.47,0.1423,0.8849,113.49
1238,41.26,49.16,24.96,19.37,20.75,94.24,0.1831,0.8189,127.33
1239,45.47,31.49,22.41,14.86,15.14,20.51,0.1812,0.8792,113.75
1240,49.21,26.02,29.46,15.23,10.83,99.59,0.191,0.8088,105.74
1241,39.67,20.97,25.8,18.27,15.5,75.56,0.1905,0.8205,98.64
1242,43.43,23.08,24.94,21.88,13.12,56.72,0.1809,0.8407,106.3
1243,40.26,27.06,25.56,12.11,14.15,76.13,0.1565,0.8523,101.55
1244,37.65,51.41,21.89,18.65,15.63,73.8,0.1016,0.9048,131.41
1245,24.62,26.06,18.4,14.16,17.46,34.77,0.1726,0.8659,87.2
1246,41.65,32.12,21.83,28.5,16.58,93.35,0.1483,0.8536,120.09
1247,32.71,23.19,26.11,14.12,15.41,93.82,0.1086,0.8927,99.58
1248,46.97,35.76,24.56,19.63,18.26,28.01,0.173,0.8735,126.81
1249,33.05,39.26,19.54,15.07,16.17,26.45,0.141,0.8986,110.61
1250,35.45,40.34,17.95,21.49,16.61,86.02,0.136,0.8681,114.44
1251,33.42,70.66,18.91,10.88,9.24,31.27,0.1808,0.8636,123.59
1252,44.27,34.8,24.13,25.67,19.9,91.83,0.1292,0.8729,129.85
1253,37.57,39.35,32.99,29.76,12.63,66.44,0.1269,0.8839,134.62
1254,44.55,27.93,18.97,24.58,12.78,96.53,0.1237,0.877,112.96
1255,18.64,83.45,28.57,20.48,16.28,81.86,0.1253,0.8798,147.3
1256,55.95,49.12,18.02,18.4,12.5,84.29,0.1563,0.8491,130.75
1257,31.92,49.85,28.84,15.92,12.57,8.73,0.1812,0.9105,126.64
1258,46.15,54.11,21.58,14.9,20.25,50.37,0.196,0.8323,130.67
1259,44.0,47.22,24.55,17.47,19.78,41.22,0.1008,0.918,140.48
1260,45.69,55.15,28.52,22.18,14.42,78.42,0.1224,0.8837,146.66
1261,33.46,32.47,25.43,17.87,13.67,32.93,0.1466,0.8878,109.12
1262,37.29,86.62,26.21,19.2,13.3,68.02,0.1989,0.8171,149.22
1263,43.19,18.86,25.5,21.05,5.92,69.53,0.1864,0.8277,94.78
1264,40.03,31.36,34.25,23.84,17.97,31.33,0.1317,0.9006,132.8
1265,32.73,69.96,18.61,27.5,15.73,57.23,0.1341,0.8817,145.05
1266,44.59,32.69,24.29,13.5,13.23,70.62,0.1027,0.9047,116.07
1267,58.27,45.62,25.05,27.89,22.03,64.16,0.1728,0.8433,150.83
1268,36.63,28.98,20.55,25.49,9.2,33.55,0.1769,0.8639,104.41
1269,43.91,41.84,28.99,23.13,19.67,28.09,0.1234,0.9097,143.31
1270,41.82,30.3,22.82,18.69,11.69,31.52,0.1825,0.862,108.03
1271,37.03,55.86,29.07,18.27,20.58,6.33,0.1513,0.9346,150.29
1272,46.45,39.32,25.42,24.22,19.39,64.24,0.1466,0.867,134.21
1273,46.34,17.38,23.17,18.56,11.41,72.49,0.1418,0.8677,101.41
1274,35.6,25.28,33.61,12.15,16.8,5.54,0.1594,0.935,115.43
1275,51.46,23.7,15.84,19.41,16.5,97.33,0.1558,0.8447,107.2
1276,40.09,61.42,28.1,17.56,13.25,78.93,0.1724,0.836,134.1
1277,48.6,21.3,32.0,24.24,17.83,71.51,0.1476,0.8627,124.2
1278,42.75,31.44,17.55,14.5,18.25,83.7,0.1236,0.8809,109.66
1279,40.32,81.45,24.86,29.77,16.81,88.83,0.1143,0.8884,171.65
1280,39.93,57.65,27.37,19.73,13.16,30.02,0.1197,0.9107,143.76
1281,45.41,24.87,20.67,13.16,20.11,48.78,0.1345,0.8859,110.04
1282,31.2,24.57,27.82,20.14,12.95,64.39,0.1939,0.824,96.14
1283,42.97,23.64,32.12,21.74,14.23,88.42,0.1697,0.8344,112.4
1284,50.48,38.01,28.67,24.98,14.94,72.23,0.1422,0.8674,136.26
1285,44.08,28.7,34.4,20.28,16.25,65.15,0.1157,0.8947,128.57
1286,26.03,38.38,19.72,20.64,13.96,54.49,0.1733,0.8488,100.77
1287,28.94,39.61,23.87,20.31,14.2,32.52,0.1425,0.8913,113.13
1288,40.17,35.66,17.37,15.18,10.44,71.77,0.177,0.8353,99.25
1289,33.7,37.13,22.64,20.12,8.84,45.78,0.182,0.848,103.82
1290,47.12,36.23,27.56,19.89,17.39,11.42,0.1586,0.9132,135.31
1291,36.21,25.7,26.32,17.2,17.73,80.8,0.1814,0.8265,101.79
1292,44.41,19.63,22.24,12.43,22.82,67.79,0.1579,0.8549,103.89
1293,55.51,35.77,24.37,18.46,15.58,49.9,0.1506,0.8715,130.45
1294,40.18,25.6,15.1,22.43,11.85,88.61,0.1767,0.8275,95.3
1295,31.91,51.72,25.19,25.89,11.01,72.93,0.1417,0.8676,126.43
1296,43.17,21.23,32.77,19.17,12.73,58.98,0.1621,0.8559,110.47
1297,42.26,30.34,17.28,19.42,16.21,76.54,0.1384,0.8692,109.1
1298,42.0,37.24,24.87,18.87,12.39,86.45,0.1937,0.8119,109.91
1299,50.94,57.95,31.83,21.23,17.52,59.4,0.1706,0.848,152.21
1300,30.51,29.91,19.89,18.05,16.74,87.74,0.1871,0.8177,94.12
1301,48.0,37.68,24.01,22.25,16.17,67.39,0.1527,0.8599,127.35
1302,35.15,44.8,30.83,10.8,10.4,56.83,0.1887,0.8338,110.03
1303,51.04,47.49,37.99,22.19,18.69,45.37,0.1552,0.8707,154.47
1304,23.02,40.53,26.31,18.23,22.25,15.53,0.1755,0.8931,116.41
1305,57.84,72.14,26.73,19.51,11.79,2.62,0.1746,0.9512,178.84
1306,37.83,29.86,19.14,13.58,13.54,22.68,0.1088,0.9252,105.44
1307,30.32,69.94,26.82,19.88,11.62,20.09,0.1368,0.9094,144.22
1308,47.26,46.12,23.42,22.1,15.73,23.34,0.199,0.8621,133.3
1309,44.09,38.61,26.69,24.52,16.6,36.02,0.1214,0.9048,136.18
1310,43.63,39.83,27.41,20.04,14.79,46.74,0.1358,0.886,129.1
1311,47.44,50.93,23.85,21.3,18.54,83.31,0.1978,0.8096,131.19
1312,40.29,26.25,31.48,22.48,19.29,37.59,0.1331,0.8944,125.03
1313,37.66,37.1,27.74,16.97,10.89,24.1,0.1824,0.8723,113.72
1314,30.72,31.77,21.39,25.16,15.57,98.88,0.1434,0.8566,106.73
1315,39.09,66.44,18.84,14.57,16.24,99.79,0.1934,0.8062,125.12
1316,35.91,26.98,32.25,23.25,15.89,76.57,0.1599,0.8489,113.99
1317,39.93,77.83,30.57,15.47,13.99,37.29,0.1972,0.8439,150.04
1318,40.9,29.26,26.4,14.46,15.92,41.05,0.1111,0.9098,115.49
1319,53.9,20.08,18.51,16.64,10.47,18.84,0.1271,0.9176,109.75
1320,34.02,24.71,23.5,22.38,19.45,27.04,0.1598,0.8843,109.71
1321,38.87,24.91,27.61,15.83,14.16,67.8,0.1113,0.8977,108.97
1322,36.52,67.93,20.37,23.44,13.28,58.91,0.1742,0.8452,136.53
1323,28.78,20.44,34.42,20.14,10.04,46.58,0.1932,0.8379,95.37
1324,63.29,39.83,18.97,15.37,20.22,62.38,0.1638,0.8524,134.42
1325,32.51,62.95,19.11,18.99,20.98,48.89,0.1701,0.8556,132.23
1326,42.96,106.03,26.12,23.11,15.43,95.66,0.1157,0.8852,189.1
1327,53.6,33.49,31.3,25.17,11.0,85.72,0.1639,0.8412,130.01
1328,30.08,36.6,12.34,22.94,14.11,76.25,0.1435,0.8646,100.36
1329,47.01,21.95,20.77,23.83,14.56,10.99,0.1754,0.9054,116.0
1330,27.68,30.06,11.33,20.04,12.72,47.85,0.1306,0.8897,90.6
1331,33.58,83.9,31.55,18.31,16.06,61.69,0.1665,0.8504,155.97
1332,44.49,49.6,20.79,19.18,17.26,9.75,0.1077,0.9444,142.91
1333,37.82,56.9,33.32,25.71,15.0,91.22,0.1311,0.8712,147.02
1334,51.64,45.35,16.44,16.6,10.22,22.35,0.1599,0.8906,124.9
1335,41.03,53.66,19.66,20.21,13.62,1.51,0.1571,0.9686,143.52
1336,44.17,76.0,23.15,21.56,13.92,41.99,0.1583,0.8708,155.7
1337,34.48,29.16,27.27,19.08,13.88,13.31,0.1466,0.9153,113.37
1338,31.69,47.01,25.25,25.27,19.3,73.02,0.1605,0.85,126.25
1339,30.75,26.54,21.74,21.48,14.44,84.65,0.1281,0.8763,100.73
1340,32.52,15.5,12.76,20.81,16.55,44.04,0.1447,0.8804,86.41
1341,34.44,38.91,23.6,20.83,19.87,97.33,0.1158,0.8846,121.77
1342,49.26,36.78,24.0,24.57,14.92,51.93,0.1355,0.8833,132.07
1343,43.23,33.97,22.54,18.43,15.0,53.15,0.1659,0.8562,114.02
1344,29.78,27.1,31.68,17.32,15.37,78.36,0.1566,0.8513,103.22
1345,36.71,36.97,23.68,21.88,19.69,18.12,0.1036,0.9336,129.7
1346,39.76,41.46,32.23,22.42,23.37,20.26,0.1707,0.8867,141.2
1347,63.47,76.71,27.52,22.22,15.3,83.0,0.1597,0.8464,173.69
1348,40.07,43.36,27.76,10.7,18.92,5.81,0.139,0.9421,132.65
1349,43.63,44.27,29.27,19.93,18.84,27.08,0.1599,0.8842,137.89
1350,32.06,25.94,26.82,20.27,18.94,60.42,0.106,0.9053,112.28
1351,45.77,23.89,23.03,22.78,17.38,62.74,0.1753,0.8419,111.84
1352,51.04,23.64,27.41,15.67,15.17,66.34,0.1608,0.853,113.4
1353,38.79,31.09,29.34,22.46,19.82,92.41,0.1242,0.8777,124.19
1354,44.92,35.85,27.55,17.54,9.84,14.01,0.1023,0.9398,127.54
1355,44.6,38.15,17.59,19.73,13.21,39.99,0.1637,0.868,115.69
1356,40.56,25.23,29.05,25.57,18.62,22.79,0.1869,0.8713,121.15
1357,50.33,14.28,28.71,20.83,11.67,81.88,0.1114,0.8931,112.37
1358,33.61,29.59,29.23,20.79,21.09,20.88,0.1897,0.8729,117.24
1359,33.02,50.92,23.42,22.31,11.47,69.83,0.1837,0.8301,117.16
1360,40.04,30.11,21.29,22.82,18.07,99.68,0.1475,0.8523,112.78
1361,37.01,33.98,24.8,9.09,11.18,40.55,0.1387,0.8878,103.04
1362,16.71,18.5,29.7,23.47,17.64,47.36,0.1235,0.896,94.98
1363,34.15,36.79,17.77,25.04,12.17,42.42,0.1061,0.9131,114.98
1364,22.96,41.23,25.17,20.51,17.35,54.83,0.1274,0.8887,113.06
1365,37.44,27.86,15.04,12.76,15.14,45.29,0.1819,0.8485,91.84
1366,45.71,51.48,17.93,17.17,16.44,73.27,0.1482,0.8614,128.11
1367,40.43,56.54,30.43,15.33,16.86,1.95,0.1044,0.9755,155.68
1368,41.07,81.59,26.33,20.22,17.75,47.54,0.152,0.8719,162.99
1369,38.76,24.16,19.39,20.55,15.23,57.93,0.1732,0.8467,99.98
1370,41.69,39.25,28.2,24.53,15.25,4.04,0.1754,0.9384,139.75
1371,62.6,21.76,21.93,25.62,14.56,11.72,0.1851,0.8978,131.5
1372,37.18,44.57,27.09,30.16,14.05,38.26,0.172,0.8629,132.08
1373,39.89,42.48,27.19,17.23,18.7,34.82,0.1008,0.9217,134.11
1374,33.08,16.19,28.35,20.02,15.64,92.13,0.1417,0.8605,97.48
1375,24.77,39.03,29.52,19.94,14.23,2.19,0.1335,0.9664,123.19
1376,42.12,32.32,24.0,17.3,17.9,81.88,0.1455,0.8604,114.99
1377,49.05,21.79,23.86,21.12,17.2,6.35,0.1793,0.9223,122.68
1378,58.56,31.14,31.72,22.98,18.87,84.1,0.1038,0.8998,146.92
1379,38.5,79.85,20.61,29.24,12.73,44.21,0.1672,0.8616,155.89
1380,37.93,44.02,27.56,22.52,11.33,64.53,0.1406,0.8723,125.05
1381,47.48,25.14,21.69,15.69,15.42,18.71,0.1998,0.8706,109.2
1382,53.7,30.66,25.25,14.66,9.67,80.03,0.1292,0.8767,117.43
1383,30.11,16.14,33.86,16.73,14.43,49.2,0.149,0.8733,97.18
1384,45.32,22.72,18.84,22.7,13.23,5.65,0.1947,0.9199,112.97
1385,54.62,68.65,17.83,20.3,13.0,80.08,0.1166,0.8888,155.0
1386,38.01,50.51,32.05,14.84,9.25,74.33,0.1576,0.8521,123.27
1387,30.73,41.92,26.21,16.53,16.06,76.84,0.1624,0.8464,111.26
1388,46.28,40.91,21.48,24.33,15.52,47.81,0.1619,0.8633,128.21
1389,29.24,61.69,24.36,25.14,14.66,2.76,0.1763,0.9493,147.22
1390,49.52,39.78,24.0,11.19,17.89,87.65,0.1136,0.8894,126.64
1391,55.93,31.25,23.59,21.11,15.46,63.82,0.1713,0.8448,124.46
1392,36.0,33.74,31.77,23.43,15.5,89.02,0.1162,0.8865,124.5
1393,53.26,31.52,20.45,18.67,17.17,22.38,0.1433,0.9019,127.25
1394,45.05,31.36,23.89,24.14,15.62,69.85,0.1912,0.8231,115.28
1395,51.09,68.99,19.62,27.1,14.35,94.72,0.116,0.8851,160.33
1396,34.8,22.93,23.95,24.13,13.9,99.64,0.1703,0.8294,99.3
1397,44.99,28.6,21.73,21.71,11.62,32.88,0.1643,0.8743,112.49
1398,41.94,16.87,26.57,16.48,14.82,65.98,0.1728,0.8423,98.27
1399,33.72,52.44,24.27,26.9,18.26,41.79,0.1907,0.8444,131.39
1400,37.18,40.14,27.92,16.27,16.24,96.81,0.1807,0.8202,112.98
1401,44.61,70.16,31.71,22.23,13.61,37.27,0.1544,0.8778,160.04
1402,31.0,27.1,19.13,17.53,17.44,34.98,0.1207,0.9061,101.67
1403,30.39,25.47,25.72,15.9,16.25,3.3,0.115,0.9636,109.58
1404,29.78,21.96,17.08,25.34,13.43,36.03,0.1064,0.9166,98.62
1405,33.79,42.0,25.27,25.59,19.04,31.43,0.1487,0.8877,129.33
1406,42.29,30.43,27.75,15.68,11.18,13.76,0.1869,0.8908,113.42
1407,35.95,39.46,23.36,21.95,14.94,4.4,0.1217,0.9554,129.61
1408,50.22,29.54,26.96,19.43,12.51,2.55,0.1903,0.9476,131.4
1409,28.45,62.23,26.59,15.3,18.13,38.5,0.1154,0.9079,136.82
1410,44.1,58.05,27.91,16.47,11.46,38.26,0.189,0.8494,134.2
1411,37.06,36.23,18.99,18.46,12.24,29.92,0.1697,0.8736,107.43
1412,39.16,53.34,30.43,21.02,21.6,46.95,0.1266,0.8936,147.94
1413,45.47,33.2,23.4,28.08,15.23,92.4,0.1979,0.805,117.03
1414,18.92,34.36,16.73,24.11,17.23,30.39,0.1444,0.892,99.33
1415,22.9,14.73,20.41,21.04,15.05,78.05,0.1181,0.8879,83.57
1416,39.5,42.87,18.71,19.56,14.01,5.03,0.1685,0.9343,125.8
1417,38.22,35.32,22.32,13.51,17.08,93.14,0.1164,0.8851,111.92
1418,28.58,49.77,20.7,17.52,14.94,32.62,0.1891,0.8557,112.53
1419,56.04,46.57,17.35,24.56,13.05,35.94,0.1923,0.8493,133.82
1420,30.73,25.94,16.64,23.8,17.56,45.05,0.1071,0.9109,104.47
1421,35.74,32.41,24.88,14.92,18.34,28.55,0.1481,0.8911,112.54
1422,49.2,28.91,32.11,18.83,17.2,89.99,0.1064,0.8958,131.01
1423,34.6,53.16,25.67,14.67,17.29,5.76,0.1371,0.9431,137.12
1424,33.06,65.67,22.03,22.8,15.86,7.94,0.1708,0.9188,146.46
1425,43.11,48.17,19.7,21.61,17.31,39.32,0.1367,0.8902,133.45
1426,34.06,77.45,18.61,14.28,12.51,17.29,0.1932,0.8781,137.77
1427,43.16,43.16,23.69,22.41,16.26,75.54,0.1234,0.8837,131.39
1428,44.1,23.7,24.01,23.51,15.28,24.27,0.118,0.9172,119.8
1429,43.03,20.09,27.76,23.05,13.02,29.14,0.1653,0.8777,111.43
1430,49.43,24.22,23.22,19.04,20.46,26.53,0.1915,0.8621,117.58
1431,36.91,29.19,31.94,22.38,15.91,90.04,0.101,0.9011,122.85
1432,35.97,26.69,18.53,23.85,12.44,82.49,0.181,0.8261,97.06
1433,39.32,35.77,19.38,11.46,14.68,54.42,0.153,0.8666,104.51
1434,17.36,32.56,27.05,22.56,15.88,1.21,0.1069,0.9816,113.28
1435,41.71,36.06,22.55,12.52,18.43,33.51,0.1661,0.8722,114.51
1436,37.36,92.94,22.2,18.01,16.89,48.23,0.142,0.8798,164.89
1437,43.06,49.69,21.09,19.06,16.0,52.55,0.1421,0.8772,130.61
1438,32.83,38.98,18.07,22.31,16.42,25.43,0.1088,0.9226,118.66
1439,50.76,53.52,14.49,19.64,14.73,63.71,0.1683,0.8476,129.8
1440,38.34,25.35,21.64,22.8,14.95,19.91,0.1109,0.9268,114.07
1441,46.68,24.92,19.32,18.01,18.82,47.98,0.1485,0.8745,111.72
1442,35.94,50.49,26.48,22.71,21.49,39.03,0.1831,0.8533,134.06
1443,43.73,34.99,24.72,21.97,20.64,35.8,0.1745,0.8634,126.1
1444,27.56,36.76,21.76,20.94,11.74,38.22,0.121,0.9036,107.31
1445,22.43,22.16,22.44,18.62,12.86,45.21,0.1821,0.8485,83.58
1446,38.34,28.96,30.46,19.16,13.89,25.31,0.1881,0.8664,113.34
1447,39.84,29.71,20.9,19.8,16.23,25.52,0.174,0.8762,110.82
1448,39.23,28.87,29.69,17.03,11.17,21.37,0.1995,0.8654,109.03
1449,37.69,82.54,31.77,19.74,13.37,66.87,0.1077,0.9014,166.84
1450,36.79,81.75,26.46,21.18,16.32,26.3,0.1074,0.9229,168.43
1451,45.4,55.18,23.09,20.18,12.39,3.55,0.1627,0.9465,147.89
1452,54.27,36.38,24.01,15.82,16.36,44.18,0.1329,0.89,130.68
1453,60.7,27.67,28.85,18.95,17.93,49.98,0.1439,0.8771,135.16
1454,48.76,23.14,23.29,20.27,18.35,95.77,0.1736,0.8277,110.75
1455,21.7,40.12,36.96,18.28,16.21,63.48,0.1904,0.8277,110.31
1456,48.41,58.26,21.05,20.82,17.61,11.47,0.1238,0.9322,154.88
1457,48.31,47.78,28.49,17.97,11.55,45.6,0.1176,0.9019,138.98
1458,39.19,36.46,29.71,20.69,16.83,75.15,0.1751,0.8353,119.34
1459,47.42,45.72,16.79,22.68,20.53,82.94,0.1849,0.8221,125.9
1460,42.88,34.74,26.04,18.6,10.41,62.84,0.1774,0.8399,111.43
1461,39.88,31.32,23.47,21.49,17.76,89.74,0.1128,0.8896,119.14
1462,42.03,23.33,23.4,24.77,16.36,53.79,0.1759,0.8471,110.02
1463,35.57,30.68,30.0,19.34,19.1,38.69,0.1439,0.885,119.2
1464,25.28,39.52,23.91,22.55,11.66,49.13,0.1609,0.8632,106.1
1465,24.98,29.63,32.19,17.76,12.34,5.67,0.1402,0.9422,110.13
1466,47.34,22.15,18.71,21.0,19.27,1.96,0.1013,0.9761,125.4
1467,31.79,36.64,19.16,18.64,9.71,60.75,0.1996,0.8213,95.23
1468,27.76,39.52,23.45,12.47,9.76,23.65,0.1176,0.9182,103.73
1469,27.6,30.2,21.88,25.85,17.93,41.92,0.1673,0.8634,106.59
1470,36.19,34.69,20.87,18.57,8.02,69.02,0.1222,0.8873,105.0
1471,52.13,12.72,13.51,21.92,16.2,38.7,0.1037,0.9171,106.82
1472,38.84,47.09,30.2,19.06,9.35,66.75,0.1989,0.8179,118.22
1473,28.55,39.28,26.82,15.8,15.92,43.17,0.1006,0.9172,115.9
1474,51.85,61.65,27.57,25.03,14.55,3.94,0.1618,0.9439,170.52
1475,42.61,32.14,21.13,22.66,21.04,84.48,0.174,0.8319,116.13
1476,37.23,46.94,27.75,16.56,11.28,78.77,0.1566,0.8511,118.95
1477,43.88,56.08,35.88,23.31,13.98,61.5,0.1769,0.8412,145.63
1478,40.09,35.35,27.9,26.45,15.94,50.01,0.1171,0.9,131.17
1479,34.26,40.17,25.02,21.15,10.44,10.62,0.1024,0.9455,123.9
1480,35.63,37.06,25.51,23.82,12.22,67.62,0.1535,0.8591,115.31
1481,30.11,18.46,31.16,25.38,19.32,1.0,0.1434,0.9784,121.74
1482,36.24,40.86,19.25,16.86,14.82,35.78,0.1767,0.8617,110.33
1483,47.44,24.02,24.45,22.4,12.38,53.19,0.1061,0.908,118.66
1484,47.22,24.83,25.17,14.54,15.87,72.56,0.1054,0.9017,115.09
1485,38.59,43.17,26.87,19.68,13.88,37.19,0.1336,0.8943,127.16
1486,38.68,58.71,21.35,17.97,14.1,60.87,0.1791,0.8396,126.62
1487,31.73,47.83,15.05,18.17,19.54,7.32,0.1469,0.9324,123.38
1488,43.17,44.18,25.29,16.73,15.93,71.49,0.1787,0.8338,121.15
1489,28.93,40.06,36.83,16.48,17.98,20.68,0.1639,0.8905,124.92
1490,46.65,49.54,27.14,15.51,15.93,1.51,0.1429,0.9715,150.36
1491,43.35,68.65,19.17,13.37,13.08,65.05,0.1835,0.833,131.3
1492,37.88,27.79,22.53,18.41,15.13,7.14,0.1666,0.9241,112.49
1493,43.48,28.16,23.66,14.35,18.88,45.68,0.142,0.8815,113.29
1494,37.27,46.89,32.9,17.01,12.25,85.95,0.1112,0.8922,130.55
1495,41.51,17.7,24.34,16.19,14.32,37.13,0.1366,0.892,101.74
1496,41.72,33.64,30.49,14.21,15.38,65.87,0.1059,0.9034,122.35
1497,49.33,38.85,25.99,21.22,11.11,89.16,0.1483,0.855,125.26
1498,43.92,28.17,25.41,20.34,17.3,73.56,0.1055,0.9012,121.79
1499,48.39,16.25,19.98,20.98,16.25,52.78,0.177,0.8468,103.18
1500,43.15,60.92,28.98,20.18,10.36,39.28,0.1356,0.8912,145.78
1501,39.54,27.54,22.28,22.5,13.48,90.22,0.161,0.8422,105.56
1502,44.12,28.03,30.63,19.09,10.73,25.95,0.1305,0.9067,120.22
1503,42.76,59.54,25.14,26.3,14.67,57.01,0.1882,0.834,140.45
1504,37.11,10.74,24.53,14.57,14.13,84.2,0.1492,0.856,86.53
1505,28.74,64.06,21.3,14.05,13.49,23.44,0.1748,0.8787,124.46
1506,35.82,85.27,22.66,11.5,13.35,45.65,0.166,0.8615,145.24
1507,35.76,24.52,22.7,12.52,12.33,79.79,0.1701,0.8378,90.35
1508,44.44,28.78,25.23,18.16,14.59,48.87,0.1517,0.8713,114.31
1509,39.48,42.55,32.93,18.96,16.75,51.64,0.1999,0.828,124.75
1510,33.5,38.69,17.78,23.83,16.44,47.48,0.1101,0.9072,118.16
1511,38.68,51.9,25.66,18.81,13.74,46.52,0.1508,0.8736,129.98
1512,37.43,42.71,33.88,26.16,9.59,95.11,0.1366,0.8646,129.49
1513,32.65,48.79,19.11,21.02,15.6,79.39,0.1359,0.8705,119.4
1514,51.74,138.49,22.93,22.08,14.82,65.71,0.1754,0.84,210.04
1515,38.51,18.5,29.3,23.54,13.56,59.99,0.1007,0.9101,112.31
1516,33.67,59.88,18.96,18.45,17.18,4.38,0.1385,0.9494,140.64
1517,26.7,63.25,32.58,26.71,18.29,77.78,0.141,0.8663,145.13
1518,40.7,22.56,31.29,21.59,19.54,50.63,0.1506,0.871,118.18
1519,44.14,25.43,26.35,26.66,20.47,99.7,0.1395,0.8603,123.07
1520,34.79,42.78,10.22,24.13,14.55,52.37,0.1294,0.8883,112.34
1521,41.12,21.23,22.59,22.25,21.36,68.2,0.155,0.8574,110.22
1522,31.27,27.37,29.96,18.57,13.71,83.25,0.1908,0.8163,98.68
1523,38.17,38.51,23.17,19.68,15.2,19.39,0.1327,0.9131,123.02
1524,48.68,26.63,25.05,21.37,20.16,55.63,0.1106,0.9031,128.13
1525,38.13,31.95,35.14,15.44,12.29,97.86,0.15,0.8504,113.06
1526,34.85,24.74,26.6,11.01,16.66,25.94,0.1843,0.8682,98.85
1527,50.74,24.01,26.17,18.41,18.56,97.0,0.1138,0.8867,122.27
1528,41.58,42.27,23.11,18.68,13.89,85.24,0.1849,0.8211,114.56
1529,35.98,33.61,32.87,22.07,14.41,80.22,0.1713,0.8365,116.22
1530,33.08,36.77,30.14,25.4,19.13,15.64,0.1559,0.9048,130.76
1531,30.81,46.39,22.62,19.95,14.73,14.34,0.1447,0.9142,122.95
1532,43.41,37.67,21.39,15.22,13.98,83.66,0.1419,0.8632,113.65
1533,46.14,30.61,20.92,20.03,11.69,63.5,0.1726,0.8438,109.19
1534,40.0,24.61,22.7,20.64,13.25,54.66,0.1474,0.8713,105.6
1535,38.41,41.89,21.12,19.11,13.83,94.43,0.1654,0.8363,112.35
1536,44.71,77.72,25.61,16.35,12.64,15.71,0.1037,0.9366,165.79
1537,28.66,49.78,29.25,27.91,19.73,94.6,0.194,0.8079,125.48
1538,40.61,19.17,21.04,23.16,13.15,55.53,0.1452,0.8728,102.24
1539,40.14,15.57,21.48,22.51,20.31,15.31,0.1914,0.884,106.09
1540,43.32,26.08,21.97,12.8,20.71,44.23,0.163,0.8651,108.03
1541,43.83,18.92,26.65,15.11,18.33,76.28,0.1661,0.8432,103.58
1542,36.74,20.94,19.95,13.87,14.02,10.11,0.1196,0.9374,98.91
1543,54.84,13.53,17.57,18.84,13.39,92.17,0.1071,0.8945,105.71
1544,31.32,38.42,23.78,24.7,16.88,24.07,0.1217,0.9148,123.6
1545,36.19,22.02,25.38,19.21,15.12,1.25,0.1535,0.973,114.74
1546,46.86,21.94,24.33,18.7,15.6,69.75,0.1036,0.9042,115.23
1547,34.92,26.84,24.45,13.35,18.83,44.71,0.1878,0.8441,99.94
1548,40.89,27.07,29.18,21.21,11.26,28.99,0.1424,0.8949,115.97
1549,35.74,31.51,30.88,18.05,14.79,55.19,0.1485,0.8701,113.96
1550,36.87,19.99,24.69,24.4,14.85,25.65,0.1144,0.9185,110.95
1551,29.64,51.9,25.61,16.84,15.4,1.64,0.1859,0.9608,133.93
1552,46.09,39.13,34.18,19.26,17.73,46.11,0.166,0.8612,134.68
1553,46.26,41.3,23.74,17.63,22.2,47.63,0.1089,0.9082,137.25
1554,46.24,29.35,22.9,18.57,14.4,22.87,0.1185,0.9183,120.72
1555,36.57,53.79,18.26,22.81,17.04,41.01,0.105,0.9148,135.82
1556,42.66,42.55,28.41,15.26,12.15,75.78,0.1615,0.8478,119.55
1557,55.96,37.77,17.8,19.24,15.34,93.6,0.1124,0.889,129.89
1558,42.32,52.18,21.83,19.81,19.27,73.64,0.1485,0.861,133.8
1559,30.75,17.94,19.93,22.46,15.85,39.49,0.1708,0.8628,92.26
1560,33.17,37.82,18.59,18.46,20.42,39.3,0.1527,0.8775,112.71
1561,32.79,26.78,32.56,24.16,13.18,10.56,0.147,0.9219,119.36
1562,50.57,26.17,25.68,11.91,15.67,12.76,0.1097,0.9375,121.89
1563,43.15,48.18,17.05,21.84,10.91,91.54,0.1516,0.851,120.1
1564,27.41,60.59,26.58,19.92,18.28,93.94,0.1072,0.894,136.58
1565,50.42,58.23,30.04,23.87,11.68,58.03,0.1014,0.9102,158.59
1566,44.53,35.09,27.36,15.87,15.35,22.76,0.185,0.8727,120.62
1567,41.4,30.75,30.66,26.77,20.94,63.44,0.193,0.8254,124.24
1568,52.14,57.5,27.82,25.46,16.76,59.6,0.1002,0.9107,163.62
1569,38.17,23.63,28.93,18.14,12.59,86.73,0.1643,0.8403,102.07
1570,50.9,69.0,24.53,21.71,8.49,45.91,0.1232,0.8971,156.65
1571,22.32,29.99,32.54,15.6,11.73,19.17,0.1464,0.9045,101.47
1572,34.14,34.31,29.07,22.47,16.41,40.13,0.151,0.8781,119.78
1573,46.33,28.28,26.4,16.66,17.54,32.99,0.1504,0.8849,119.65
1574,53.43,35.49,20.77,21.23,14.82,15.47,0.1641,0.9002,131.2
1575,30.26,24.31,30.28,15.99,11.37,6.46,0.1204,0.9475,106.32
1576,36.66,30.16,30.96,24.71,14.07,28.09,0.1751,0.8718,119.05
1577,41.33,37.22,35.74,22.28,14.22,37.01,0.1222,0.9035,136.23
1578,32.48,33.54,24.75,27.95,18.5,93.03,0.1895,0.8131,111.56
1579,37.89,12.93,27.02,20.7,17.64,30.15,0.1076,0.9197,106.86
1580,52.66,94.16,26.94,13.9,15.9,79.94,0.1074,0.8975,182.68
1581,31.75,65.89,15.26,21.13,18.18,73.93,0.1088,0.898,136.68
1582,38.08,21.96,29.32,30.18,16.13,44.69,0.1665,0.8618,116.92
1583,42.18,27.3,27.4,19.06,18.25,53.47,0.1105,0.9041,121.32
1584,43.72,32.68,22.81,21.98,16.56,47.99,0.1191,0.8994,123.89
1585,33.08,45.66,20.93,22.53,16.15,55.03,0.1327,0.884,122.31
1586,38.57,42.28,19.31,14.96,14.9,51.25,0.1661,0.8573,111.47
1587,37.68,22.55,28.18,21.04,20.79,45.72,0.1621,0.8647,112.62
1588,42.43,89.33,21.61,22.82,16.35,80.84,0.1879,0.8203,157.94
1589,30.59,29.87,27.61,22.91,13.9,64.52,0.1142,0.8963,111.93
1590,50.17,72.05,24.63,18.4,11.15,39.04,0.1166,0.9066,159.92
1591,42.06,27.49,26.42,16.29,18.87,57.05,0.1236,0.891,116.84
1592,48.54,53.41,31.61,17.03,14.6,27.76,0.1304,0.9049,149.47
1593,35.43,40.68,27.65,19.01,15.71,1.23,0.171,0.9701,134.34
1594,30.24,24.86,27.19,20.45,19.56,85.81,0.1517,0.8529,104.31
1595,32.36,44.27,22.33,14.66,16.59,75.5,0.1535,0.8554,111.39
1596,45.61,37.66,27.54,24.21,16.56,3.94,0.1289,0.9553,144.8
1597,36.47,50.61,24.88,23.51,16.39,10.74,0.1741,0.9068,137.72
1598,27.04,25.66,18.51,29.99,15.5,80.1,0.1463,0.8604,100.41
1599,41.44,33.85,24.23,21.2,13.86,72.97,0.1469,0.8627,116.09
1600,37.43,48.37,31.11,19.27,16.44,28.55,0.124,0.9088,138.71
1601,37.64,16.85,20.58,13.93,12.45,14.76,0.1289,0.9228,93.61
1602,26.32,22.06,26.76,13.91,13.94,15.71,0.1533,0.9063,93.33
1603,27.93,35.57,24.49,15.83,9.48,80.72,0.1061,0.8985,101.79
1604,35.62,37.61,25.1,14.86,12.38,93.16,0.194,0.8085,101.53
1605,32.58,33.69,24.02,18.07,16.88,60.2,0.1544,0.8621,107.95
1606,35.45,48.17,26.39,16.99,16.75,30.35,0.1637,0.8776,126.14
1607,46.66,33.62,19.93,24.42,17.09,97.86,0.1028,0.8975,127.19
1608,31.49,52.69,27.8,22.12,5.89,32.12,0.1042,0.9208,128.9
1609,32.75,39.84,22.81,22.57,15.25,69.89,0.1962,0.8184,109.04
1610,35.78,22.38,25.91,13.57,18.18,92.18,0.1157,0.886,102.63
1611,32.29,37.34,26.19,20.14,17.18,73.34,0.1161,0.8913,118.67
1612,38.28,33.92,26.31,13.42,14.76,91.75,0.1883,0.8148,103.23
1613,48.22,26.76,23.85,22.37,16.98,25.4,0.1797,0.8723,120.54
1614,37.7,19.08,18.74,17.06,11.98,35.0,0.1655,0.8712,91.1
1615,42.07,21.83,22.28,14.69,17.95,68.03,0.17,0.8437,100.24
1616,21.43,24.93,23.22,18.26,14.26,49.42,0.1022,0.913,93.23
1617,40.65,53.46,16.38,17.44,12.48,19.14,0.1683,0.8902,125.0
1618,51.81,30.74,22.33,22.93,14.88,75.5,0.1228,0.8843,126.17
1619,40.79,57.07,30.53,17.81,13.11,34.91,0.1227,0.9046,144.11
1620,41.03,23.25,19.84,20.09,11.45,90.0,0.1435,0.8595,99.41
1621,42.28,26.39,28.81,16.34,14.34,73.73,0.1422,0.8668,111.1
1622,52.54,27.95,22.26,17.88,15.83,34.18,0.153,0.8817,120.33
1623,50.83,31.15,22.08,15.96,17.39,49.18,0.1728,0.853,117.21
1624,31.82,38.53,24.05,18.51,16.39,94.02,0.1899,0.8122,105.02
1625,49.62,44.97,26.56,22.09,22.2,58.94,0.1452,0.871,144.09
1626,51.01,57.84,22.82,21.31,15.8,75.77,0.1595,0.8496,143.4
1627,26.32,14.52,22.38,25.27,19.74,95.79,0.1494,0.8516,92.16
1628,40.21,78.65,31.91,14.64,15.72,77.86,0.1002,0.9049,163.9
1629,44.2,22.9,25.63,19.46,17.08,5.11,0.1826,0.9282,119.99
1630,17.6,36.43,18.0,17.74,15.11,26.38,0.1736,0.8752,91.79
1631,34.56,51.4,14.46,20.35,16.18,28.63,0.196,0.8558,117.21
1632,34.27,45.25,32.22,20.46,16.73,53.25,0.1372,0.881,131.21
1633,34.84,54.79,29.62,16.36,18.04,36.78,0.182,0.8565,131.59
1634,48.36,52.59,25.9,21.14,10.06,61.91,0.1728,0.8446,133.49
1635,39.55,41.35,25.72,19.42,14.18,92.22,0.1117,0.89,124.8
1636,43.37,47.25,24.95,25.38,12.05,74.2,0.197,0.8152,124.72
1637,40.72,21.33,25.49,14.23,8.8,1.5,0.1153,0.977,108.02
1638,59.74,26.35,26.06,17.66,16.68,94.8,0.183,0.8187,119.92
1639,47.97,23.71,30.22,25.21,14.19,19.25,0.1474,0.9037,127.69
1640,39.86,13.56,29.73,20.8,13.22,35.96,0.1601,0.8745,102.48
1641,37.89,24.04,25.98,16.31,15.55,7.62,0.1516,0.9291,111.29
1642,34.43,23.14,26.08,19.74,17.14,18.26,0.1067,0.9315,112.26
1643,32.21,24.12,29.21,12.37,16.7,94.33,0.1947,0.8073,92.52
1644,30.42,45.71,27.92,22.52,13.25,59.79,0.1873,0.8329,116.47
1645,47.86,25.76,24.57,16.53,15.39,24.14,0.1587,0.8889,115.65
1646,32.84,49.07,10.98,20.14,17.64,19.54,0.149,0.9022,117.89
1647,45.14,18.7,28.47,20.65,9.15,85.78,0.1333,0.8708,106.33
1648,35.97,26.95,30.58,18.83,12.19,13.41,0.1175,0.9319,116.04
1649,33.99,29.94,23.69,9.71,14.74,35.47,0.1783,0.8608,96.47
1650,37.36,56.25,19.45,18.73,10.49,40.02,0.1517,0.8777,124.88
1651,54.34,35.87,29.68,10.0,11.88,8.38,0.1678,0.9184,130.2
1652,64.3,39.33,29.76,26.26,18.9,41.84,0.1295,0.8943,159.68
1653,37.07,22.57,20.72,18.75,15.66,78.68,0.1891,0.8202,94.13
1654,36.33,49.2,27.37,16.37,14.9,78.32,0.1978,0.8121,117.1
1655,47.64,34.19,22.72,11.61,12.05,19.92,0.1661,0.8903,114.15
1656,41.22,17.36,26.72,22.35,13.75,76.07,0.1854,0.8251,100.17
1657,34.77,46.32,31.98,21.69,10.92,28.21,0.1234,0.9096,132.5
1658,43.93,39.33,27.36,19.22,14.12,72.63,0.1972,0.8159,117.45
1659,46.14,30.5,21.88,19.73,9.67,70.81,0.1227,0.8861,113.35
1660,38.08,30.49,22.31,16.66,18.92,84.14,0.1229,0.8814,111.47
1661,38.3,22.81,34.9,16.84,12.3,98.8,0.192,0.808,101.12
1662,53.72,55.63,31.39,24.85,11.92,10.54,0.1285,0.9317,165.4
1663,33.43,46.81,22.82,18.45,14.67,26.29,0.1364,0.9021,122.85
1664,35.68,22.92,24.48,21.37,16.22,62.41,0.1853,0.833,100.52
1665,36.3,35.72,23.29,18.42,15.25,54.92,0.1858,0.8377,108.04
1666,53.59,26.35,25.94,19.24,17.11,83.55,0.1083,0.8956,127.39
1667,24.19,21.01,28.96,28.38,12.53,11.05,0.132,0.9287,106.87
1668,46.58,65.2,27.59,25.42,15.37,49.33,0.1241,0.8944,161.14
1669,39.76,30.38,28.51,22.79,15.07,35.58,0.1898,0.8516,116.26
1670,54.51,25.0,21.48,19.63,16.27,8.24,0.1296,0.9374,128.33
1671,42.85,21.74,25.59,23.17,16.35,74.83,0.1238,0.8837,114.61
1672,22.79,31.78,29.24,12.91,17.51,47.52,0.1294,0.8909,101.77
1673,52.89,14.99,32.59,19.7,20.87,7.75,0.1876,0.9117,128.59
1674,38.11,32.93,14.28,17.0,14.6,1.79,0.1191,0.9735,113.83
1675,23.67,56.81,27.32,22.78,11.64,3.34,0.1185,0.9622,136.86
1676,36.76,50.72,31.09,23.2,13.43,39.99,0.1838,0.8518,132.2
1677,40.29,42.44,14.95,24.62,13.96,90.72,0.1172,0.885,120.59
1678,31.61,91.59,31.83,19.71,17.0,26.05,0.1503,0.8924,171.12
1679,27.75,38.78,36.05,19.64,16.96,14.18,0.1483,0.9124,126.98
1680,42.37,24.31,25.92,22.44,15.77,58.5,0.1011,0.9103,119.08
1681,30.05,48.87,27.71,25.09,15.44,47.85,0.1608,0.8642,127.18
1682,31.79,36.94,20.15,14.29,14.07,71.13,0.1672,0.8447,99.04
1683,50.86,35.56,35.24,19.35,14.99,37.75,0.1202,0.9045,141.11
1684,37.36,39.4,26.42,10.84,11.26,24.58,0.1577,0.889,111.35
1685,30.26,29.87,12.21,23.91,14.73,75.18,0.1144,0.8924,99.04
1686,32.84,73.92,29.83,17.19,15.6,49.87,0.1741,0.8515,144.23
1687,43.09,18.25,20.47,21.66,18.0,83.17,0.1536,0.8522,103.51
1688,43.38,48.51,22.48,14.63,10.44,4.54,0.1411,0.9475,132.12
1689,45.33,36.91,26.45,19.66,16.05,11.41,0.1962,0.8927,128.91
1690,46.43,41.99,25.13,17.91,20.35,39.13,0.1953,0.8434,128.04
1691,42.67,30.06,26.66,16.91,15.76,33.53,0.1038,0.9202,121.52
1692,44.86,64.13,27.23,23.86,14.48,5.73,0.1299,0.9462,165.18
1693,36.2,49.86,31.73,16.4,17.01,27.84,0.124,0.9095,137.5
1694,31.06,25.72,18.24,24.76,15.1,48.58,0.1953,0.8344,95.86
1695,50.86,54.77,27.68,26.27,11.63,71.09,0.1184,0.89,152.38
1696,47.04,39.47,25.83,17.91,14.79,25.17,0.1055,0.9252,134.19
1697,37.75,27.71,23.87,26.78,17.1,80.86,0.1202,0.885,117.89
1698,34.69,17.78,18.71,23.66,8.56,85.32,0.1752,0.8304,85.86
1699,58.29,47.6,26.98,29.07,13.83,26.59,0.1514,0.8909,156.6
1700,32.76,26.2,20.24,27.2,11.18,40.93,0.1967,0.8404,98.81
1701,41.82,43.21,16.56,20.77,14.83,96.59,0.1812,0.8198,112.47
1702,34.64,62.81,24.03,24.26,16.73,61.17,0.1197,0.8926,145.03
1703,36.71,25.3,27.96,19.08,14.39,43.03,0.1378,0.8868,109.46
1704,34.0,59.93,21.39,25.39,13.48,66.93,0.1815,0.8337,128.56
1705,22.69,22.11,15.73,15.41,12.68,40.09,0.1736,0.8599,76.2
1706,43.12,63.34,24.87,18.27,12.7,99.17,0.133,0.8669,140.71
1707,45.25,72.5,31.0,17.25,16.87,4.07,0.159,0.9439,172.62
1708,34.68,50.16,21.39,18.52,16.66,14.62,0.1585,0.9054,128.04
1709,60.85,41.71,18.16,18.68,20.07,77.54,0.1879,0.822,131.09
1710,42.27,49.98,16.99,20.0,16.44,81.54,0.1021,0.9022,131.42
1711,41.34,30.59,21.43,22.63,17.96,53.94,0.1259,0.8905,119.28
1712,43.1,20.58,25.13,20.51,11.77,30.17,0.1711,0.8722,105.6
1713,35.26,26.03,22.65,21.83,14.25,71.23,0.1648,0.8469,101.64
1714,32.18,87.42,26.27,16.08,11.44,18.86,0.1341,0.9129,158.29
1715,33.91,21.97,25.54,17.4,14.2,24.63,0.1859,0.8691,98.22
1716,35.64,51.37,29.99,18.23,13.28,79.25,0.1735,0.8348,123.98
1717,44.49,33.48,24.32,19.6,15.87,69.84,0.1599,0.8521,117.37
1718,36.98,30.34,28.1,24.98,14.82,54.72,0.1245,0.8913,120.51
1719,44.95,68.78,25.21,20.29,16.82,18.01,0.1298,0.917,161.44
1720,29.91,36.32,25.91,17.04,18.54,84.4,0.1646,0.841,107.41
1721,34.85,50.83,25.85,22.46,15.89,8.1,0.1965,0.9058,135.75
1722,34.3,91.37,19.88,20.31,14.78,66.13,0.1853,0.8307,150.06
1723,9.46,32.19,24.58,19.04,15.53,75.15,0.1209,0.8863,89.34
1724,36.34,42.3,21.84,25.51,20.52,29.73,0.1748,0.87,127.46
1725,31.7,46.39,20.83,23.14,12.56,77.45,0.1937,0.8165,109.93
1726,43.66,30.77,26.98,19.78,15.09,3.62,0.1098,0.9635,131.3
1727,45.86,42.61,27.46,19.53,12.05,93.47,0.168,0.8341,123.03
1728,28.8,54.96,21.85,18.74,14.01,38.66,0.1085,0.9133,126.36
1729,38.04,47.86,28.48,14.48,16.72,84.03,0.1005,0.9031,131.48
1730,29.76,36.68,22.76,18.87,16.09,32.56,0.1975,0.8493,105.44
1731,42.6,11.05,29.48,20.02,15.22,70.98,0.1209,0.8877,105.07
1732,34.5,19.63,35.95,14.7,10.51,57.23,0.1799,0.8412,96.98
1733,35.73,72.91,27.39,15.59,17.42,45.42,0.1558,0.8702,147.1
1734,38.27,23.89,24.45,29.31,18.94,99.17,0.163,0.837,112.86
1735,42.29,55.84,21.56,26.5,10.27,79.97,0.1152,0.8901,139.27
1736,40.44,21.43,26.01,17.06,16.8,13.81,0.1757,0.8972,109.23
1737,43.15,23.81,20.11,17.05,11.36,97.63,0.1338,0.8666,100.07
1738,45.75,45.94,23.81,22.18,17.97,47.45,0.1603,0.8649,134.63
1739,38.94,65.17,20.52,18.34,17.52,64.06,0.1399,0.8732,140.13
1740,31.72,45.41,29.2,20.34,19.09,12.71,0.1179,0.933,135.98
1741,27.19,40.37,22.35,19.82,13.46,98.75,0.1136,0.8865,109.2
1742,33.9,20.31,24.84,18.02,13.18,48.16,0.1393,0.8822,97.26
1743,41.8,14.94,16.39,14.01,20.66,46.58,0.1007,0.9155,98.7
1744,28.94,29.44,23.29,16.69,14.48,30.65,0.1964,0.8527,96.21
1745,48.59,37.23,23.15,18.44,13.53,39.29,0.1287,0.8967,126.39
1746,31.59,34.28,20.41,17.45,12.66,76.73,0.1676,0.8416,97.96
1747,39.1,84.75,23.53,14.98,10.64,10.23,0.1572,0.9174,158.72
1748,51.81,18.89,12.56,26.66,13.9,28.56,0.1731,0.8727,108.05
1749,38.54,30.98,19.23,21.99,17.66,34.94,0.1829,0.8578,110.14
1750,31.26,68.27,16.64,19.12,10.69,25.86,0.1876,0.8659,126.42
1751,19.92,45.41,28.8,22.56,14.71,22.16,0.167,0.886,116.42
1752,43.25,22.59,24.87,18.95,15.11,99.89,0.1388,0.8609,107.42
1753,42.48,14.43,12.13,29.47,11.31,81.8,0.1494,0.8567,94.09
1754,44.61,29.91,29.96,31.6,10.85,22.59,0.1367,0.9062,133.15
1755,40.9,23.35,27.13,26.78,14.59,89.69,0.195,0.8091,107.41
1756,35.71,29.29,24.46,24.0,18.11,40.02,0.132,0.8935,117.57
1757,33.71,87.38,26.7,18.49,11.9,8.89,0.1265,0.9371,166.97
1758,40.33,23.34,24.35,12.29,13.5,59.92,0.1549,0.8618,98.09
1759,47.92,27.02,23.23,25.33,14.9,53.55,0.1095,0.9049,125.24
1760,16.32,50.44,25.41,18.02,19.7,46.33,0.1884,0.8422,109.39
1761,47.51,39.37,25.29,20.1,17.09,19.01,0.1986,0.8708,130.06
1762,37.68,63.74,20.92,21.7,19.62,76.32,0.1348,0.8727,142.82
1763,38.66,48.56,28.72,22.36,17.5,52.36,0.1116,0.9036,140.79
1764,45.56,26.56,21.03,21.41,18.05,82.3,0.1277,0.8773,116.34
1765,38.63,43.0,23.48,16.9,10.27,20.01,0.1419,0.9062,119.88
1766,41.81,36.67,29.24,19.37,7.3,97.6,0.1839,0.8167,109.75
1767,26.93,17.31,30.42,18.74,17.67,67.68,0.1968,0.8193,91.0
1768,37.78,83.11,29.72,24.3,16.12,49.44,0.172,0.8536,163.06
1769,44.05,22.9,16.53,18.68,8.54,75.82,0.1932,0.8178,90.54
1770,36.87,33.53,24.06,18.92,12.57,60.13,0.1181,0.8945,112.66
1771,37.35,28.98,19.2,20.38,13.63,42.93,0.1929,0.8415,100.6
1772,41.31,36.67,19.77,18.82,17.29,77.95,0.1579,0.8502,113.81
1773,43.45,37.81,21.8,19.97,15.24,34.31,0.1449,0.8879,122.77
1774,52.17,44.11,23.55,15.74,17.53,3.53,0.1454,0.9523,145.81
1775,43.52,28.94,22.22,15.49,11.35,79.4,0.1953,0.814,98.9
1776,50.81,53.96,11.79,17.68,9.94,30.64,0.1365,0.8976,129.41
1777,39.22,26.68,26.28,21.31,9.19,61.34,0.1155,0.8963,109.96
1778,21.05,28.29,24.54,16.46,16.47,89.43,0.1592,0.8443,90.18
1779,36.58,17.59,31.16,21.05,14.59,26.69,0.1111,0.9199,111.27
1780,33.52,38.37,24.56,23.87,15.35,89.49,0.1712,0.8325,112.94
1781,39.5,64.28,15.55,14.06,15.52,18.82,0.1001,0.9351,139.25
1782,37.43,31.69,18.19,16.19,8.82,25.69,0.1408,0.8996,101.04
1783,42.11,70.9,16.5,14.53,14.71,56.42,0.18,0.8417,133.62
1784,34.64,22.63,23.65,14.39,18.06,53.82,0.1409,0.8775,99.47
1785,41.73,20.33,32.92,10.81,18.26,88.32,0.1766,0.8278,102.69
1786,42.96,60.99,27.5,20.74,12.88,24.5,0.1704,0.8802,145.29
1787,40.28,32.71,25.7,16.41,13.08,96.02,0.167,0.8341,106.93
1788,28.29,23.7,19.51,20.78,16.28,58.63,0.1414,0.8745,94.94
1789,47.15,38.88,27.14,23.81,15.09,63.27,0.1918,0.8266,125.69
1790,44.96,39.98,23.54,16.14,11.22,2.35,0.136,0.9643,130.99
1791,38.47,51.08,26.33,23.09,13.69,99.63,0.1382,0.8617,131.54
1792,25.51,30.66,27.57,24.53,17.13,35.38,0.1697,0.8675,108.78
1793,42.42,20.35,22.66,17.32,11.91,48.97,0.1746,0.8517,97.65
1794,35.78,31.37,26.41,12.08,20.78,5.32,0.1315,0.9474,119.76
1795,35.6,34.73,34.23,15.17,14.92,47.87,0.1796,0.8483,114.22
1796,39.37,54.92,31.31,29.8,13.71,9.93,0.1827,0.9051,153.06
1797,51.64,19.14,29.54,18.99,17.8,96.66,0.1045,0.896,122.86
1798,41.18,30.11,36.9,24.07,16.04,84.28,0.147,0.8581,127.25
1799,39.11,39.36,34.79,20.07,17.07,71.83,0.166,0.8455,127.16
1800,35.83,64.95,32.61,12.99,10.15,54.35,0.1251,0.891,139.46
1801,40.25,26.78,19.78,22.02,15.51,79.33,0.1662,0.8417,104.66
1802,39.99,25.28,19.06,17.52,17.12,18.17,0.1177,0.9245,109.99
1803,44.82,45.67,18.67,27.87,15.57,12.62,0.101,0.9427,143.85
1804,35.75,14.08,29.27,17.03,17.48,2.84,0.1581,0.9538,108.35
1805,33.5,27.9,28.77,26.8,19.53,50.57,0.1067,0.9087,124.04
1806,36.46,44.33,27.28,26.73,17.29,69.05,0.1452,0.866,131.71
1807,39.3,40.3,19.69,14.22,15.16,33.01,0.1434,0.8902,114.55
1808,39.83,37.95,29.82,22.77,19.99,3.34,0.1952,0.9377,141.0
1809,39.92,18.16,23.52,18.57,19.04,7.62,0.1121,0.9476,112.96
1810,32.07,21.02,23.94,24.65,18.04,16.45,0.1501,0.9068,108.57
1811,39.32,59.88,28.58,21.62,13.55,45.44,0.1786,0.8512,138.7
1812,45.47,33.7,24.18,20.75,12.47,43.62,0.1106,0.9088,124.11
1813,50.18,32.07,24.54,18.3,14.21,14.51,0.1641,0.9023,125.68
1814,47.88,25.52,17.89,22.34,16.2,81.48,0.1959,0.8123,105.46
1815,39.51,35.26,17.42,14.36,13.5,65.06,0.1015,0.9076,108.97
1816,38.73,28.79,30.12,23.78,15.46,46.94,0.1468,0.8767,120.0
1817,49.94,49.31,26.61,23.35,16.03,73.04,0.1855,0.8266,136.6
1818,39.12,22.96,20.4,22.05,18.64,96.84,0.1183,0.8823,108.67
1819,46.94,48.88,26.74,16.23,20.12,6.77,0.1614,0.9281,147.48
1820,39.77,67.57,25.13,16.13,15.1,99.46,0.1565,0.8433,138.05
1821,20.81,44.81,18.89,17.37,12.66,98.36,0.1689,0.8313,95.22
1822,45.31,21.36,24.45,16.38,17.42,14.42,0.1729,0.8973,112.1
1823,47.73,48.61,26.35,21.21,13.05,90.1,0.1597,0.8435,132.39
1824,37.38,28.77,16.58,17.95,11.74,73.32,0.177,0.8344,93.81
1825,30.74,28.39,29.45,18.47,18.8,21.57,0.1229,0.9168,115.37
1826,52.17,36.94,26.05,18.13,13.33,80.79,0.1874,0.8208,120.35
1827,38.83,31.7,33.51,15.34,18.7,14.69,0.1912,0.8857,122.31
1828,37.25,29.07,31.35,17.84,11.37,15.61,0.1228,0.9251,117.37
1829,43.59,46.05,33.07,24.42,17.39,16.54,0.199,0.8762,144.15
1830,61.89,36.66,21.48,23.34,20.74,70.55,0.1786,0.8344,136.92
1831,43.87,16.29,27.96,21.95,11.06,2.86,0.11,0.9677,117.22
1832,41.43,52.7,25.37,25.98,16.74,51.51,0.1387,0.8807,142.86
1833,40.56,56.54,32.73,17.87,13.69,43.67,0.1007,0.9169,147.97
1834,53.23,44.52,31.85,18.62,12.22,18.27,0.1452,0.9067,145.47
1835,44.22,45.58,33.42,24.0,24.2,9.05,0.1688,0.9154,156.93
1836,46.91,32.02,23.79,19.88,11.75,36.1,0.1363,0.893,119.98
1837,42.43,21.69,18.86,16.34,16.62,33.78,0.116,0.9106,105.58
1838,44.29,37.58,20.51,15.24,12.36,97.37,0.1958,0.8049,104.62
1839,37.77,65.01,27.08,16.3,15.42,20.4,0.1153,0.9233,149.2
1840,41.35,39.04,18.9,25.11,15.3,49.83,0.1973,0.8317,116.19
1841,34.51,68.03,26.05,20.84,16.83,49.55,0.167,0.8578,142.62
1842,35.94,69.36,23.99,21.25,14.85,49.51,0.1137,0.9031,149.37
1843,43.92,34.5,13.59,20.19,14.95,94.9,0.1841,0.8175,103.96
1844,34.37,29.07,26.29,17.2,16.05,37.28,0.1878,0.8514,104.71
1845,41.04,29.48,28.4,9.46,16.44,9.69,0.1149,0.9409,117.44
1846,37.06,33.27,31.02,13.42,17.83,9.04,0.1582,0.9208,122.1
1847,31.01,23.71,22.28,24.94,13.73,85.24,0.1885,0.8176,94.56
1848,41.82,43.73,19.74,23.04,11.09,57.6,0.1773,0.8433,117.58
1849,46.2,51.32,23.05,26.44,12.68,21.5,0.1207,0.9184,146.66
1850,29.48,16.7,18.97,21.05,16.46,85.6,0.1097,0.8937,91.75
1851,44.87,71.45,27.74,22.81,11.5,77.56,0.1582,0.8501,151.64
1852,31.08,28.34,25.55,14.87,11.37,38.15,0.1482,0.882,98.09
1853,50.84,31.1,19.01,13.65,12.06,52.12,0.1969,0.8302,105.14
1854,44.54,39.59,22.88,24.29,12.99,64.06,0.1431,0.8703,125.57
1855,29.48,25.03,32.8,21.16,12.33,23.88,0.1144,0.9202,111.16
1856,46.82,27.63,24.69,20.01,15.17,65.04,0.1379,0.8745,117.47
1857,35.09,25.1,21.37,17.99,14.59,60.9,0.1048,0.9061,103.43
1858,32.28,34.98,22.37,27.23,16.69,38.4,0.1472,0.8826,117.86
1859,45.77,27.74,25.87,16.63,12.81,60.82,0.1989,0.8219,105.87
1860,49.65,40.7,34.11,26.0,17.16,30.03,0.1697,0.8734,146.4
1861,43.81,20.68,19.75,20.1,12.14,57.13,0.1383,0.878,102.27
1862,37.03,41.81,32.14,11.97,21.07,58.31,0.1906,0.8311,119.68
1863,41.36,22.3,23.46,22.49,10.69,98.39,0.1298,0.8704,104.69
1864,35.34,52.44,31.43,19.72,15.1,12.1,0.1509,0.9157,141.06
1865,38.6,48.45,19.22,18.27,16.15,8.41,0.1821,0.9113,128.22
1866,43.26,14.87,32.76,20.44,17.28,29.58,0.1697,0.8739,112.4
1867,28.59,49.03,33.9,9.66,9.72,31.2,0.1051,0.9208,120.54
1868,43.57,12.32,34.32,20.77,11.42,96.64,0.189,0.8119,99.38
1869,28.7,21.9,24.98,20.39,14.57,99.88,0.1627,0.837,92.53
1870,29.81,52.91,25.01,27.42,13.21,72.3,0.1988,0.8146,120.86
1871,45.23,28.19,21.31,29.34,16.72,14.95,0.1907,0.8853,124.64
1872,33.25,65.34,20.12,18.88,13.63,57.43,0.1464,0.8707,131.66
1873,32.07,46.46,29.5,23.95,17.04,87.64,0.1766,0.8281,123.39
1874,37.64,29.48,25.08,25.38,9.95,46.88,0.1753,0.8527,108.73
1875,35.27,27.83,27.4,20.38,18.6,55.07,0.1038,0.9092,117.73
1876,41.85,63.86,27.13,20.99,19.77,59.32,0.1526,0.8642,150.02
1877,41.4,28.9,18.53,18.5,18.8,66.74,0.1434,0.8687,109.57
1878,32.12,16.63,18.92,14.76,16.6,63.25,0.1245,0.8875,87.87
1879,26.31,24.14,28.93,24.45,11.45,51.19,0.1054,0.9095,104.85
1880,38.38,36.77,27.16,16.09,14.41,35.84,0.1618,0.8733,115.97
1881,48.8,25.56,24.4,18.97,13.98,38.28,0.1423,0.8866,116.78
1882,39.47,91.06,26.99,24.22,14.99,33.51,0.1022,0.9214,181.27
1883,37.22,27.02,32.25,14.47,13.56,78.09,0.1983,0.8118,101.09
1884,53.84,27.27,29.62,18.8,15.81,47.41,0.1995,0.8319,120.91
1885,46.02,23.6,26.32,25.7,12.3,11.41,0.1917,0.8952,119.89
1886,26.18,49.79,27.24,14.32,11.01,29.15,0.1309,0.9032,116.1
1887,37.77,31.3,32.37,18.26,16.24,19.66,0.1686,0.8892,120.87
1888,41.78,48.47,22.94,14.88,16.63,9.4,0.1801,0.9084,131.46
1889,31.46,55.55,26.15,23.91,11.64,31.91,0.1157,0.9122,135.66
1890,37.66,40.48,24.88,27.76,15.64,4.84,0.1484,0.9431,138.08
1891,40.17,39.6,21.82,24.82,18.56,35.92,0.1738,0.8638,125.23
1892,38.21,21.65,24.0,21.47,14.97,1.99,0.1298,0.9691,116.58
1893,30.31,19.1,19.91,19.26,16.93,62.2,0.1098,0.9011,95.08
1894,51.75,19.24,30.31,23.1,9.87,35.65,0.155,0.8788,117.98
1895,42.13,36.03,22.82,22.62,14.33,1.28,0.1411,0.9747,134.44
1896,33.13,87.98,26.06,14.98,14.33,81.61,0.1451,0.8609,151.92
1897,47.01,27.9,30.23,15.58,16.77,10.08,0.1828,0.9046,124.37
1898,39.35,52.74,31.9,13.75,15.41,41.87,0.1406,0.8853,135.57
1899,47.93,43.18,25.3,20.97,17.58,2.44,0.1584,0.9575,148.38
1900,39.17,35.48,24.52,18.9,11.61,85.64,0.1879,0.818,106.08
1901,28.19,31.76,28.52,22.42,12.89,26.88,0.1645,0.8811,109.07
1902,31.46,29.47,27.06,24.93,17.48,71.9,0.1732,0.8387,109.36
1903,49.13,29.25,19.28,21.37,17.16,19.12,0.1644,0.8929,121.6
1904,48.26,44.59,33.23,19.65,13.16,95.57,0.1384,0.8626,137.07
1905,29.37,49.38,26.19,25.15,14.38,81.95,0.1111,0.8934,129.06
1906,51.14,29.54,29.09,13.89,13.46,6.68,0.1385,0.9387,128.71
1907,48.21,29.38,26.77,20.25,9.77,10.67,0.1607,0.9143,122.86
1908,34.93,27.73,27.57,19.14,15.53,14.51,0.1029,0.9388,117.25
1909,39.38,52.22,24.18,19.38,11.31,51.79,0.1808,0.8443,123.65
1910,22.38,49.75,28.48,17.91,14.47,94.25,0.1888,0.8132,108.15
1911,34.39,63.18,28.39,25.21,12.95,59.72,0.1031,0.908,149.02
1912,38.31,25.3,29.26,13.04,14.09,26.33,0.1556,0.8882,106.58
1913,42.47,27.34,18.16,22.7,20.68,47.67,0.1943,0.8361,109.82
1914,39.07,67.84,18.91,15.97,9.57,22.72,0.1471,0.8988,136.05
1915,41.11,59.44,25.61,11.85,21.52,94.7,0.1874,0.8143,129.91
1916,32.25,23.55,23.0,21.77,14.89,90.34,0.1196,0.8828,101.92
1917,42.59,24.47,31.19,22.07,16.92,95.52,0.1085,0.8924,122.47
1918,53.47,38.73,20.62,25.48,10.47,97.38,0.1849,0.8157,121.36
1919,43.52,57.52,29.46,20.19,18.48,11.68,0.1473,0.9188,155.42
1920,40.27,24.38,16.66,23.81,14.79,95.62,0.1336,0.8674,104.01
1921,34.08,36.24,17.41,23.54,13.39,62.2,0.155,0.8604,107.25
1922,37.15,54.11,24.88,20.62,13.12,28.6,0.1732,0.8726,130.79
1923,29.5,32.27,26.77,14.88,8.88,50.13,0.1485,0.8731,98.06
1924,28.43,33.95,28.22,22.88,11.99,9.52,0.1348,0.9311,116.83
1925,39.44,61.8,29.88,23.58,12.15,27.77,0.1901,0.8614,143.72
1926,44.44,29.61,26.6,16.4,11.94,66.18,0.1622,0.8518,109.88
1927,33.15,58.12,24.58,18.56,17.92,28.69,0.1617,0.8809,134.19
1928,49.57,32.97,21.02,12.97,16.02,34.07,0.1594,0.8769,116.22
1929,35.51,22.67,16.15,23.71,19.08,69.3,0.1353,0.875,102.49
1930,39.28,43.73,28.43,16.12,10.13,32.66,0.1955,0.8507,117.14
1931,47.56,27.35,20.59,22.52,12.31,3.98,0.195,0.9321,121.48
1932,37.5,21.91,25.72,23.31,15.89,58.89,0.1708,0.8482,105.46
1933,45.02,76.8,29.34,22.49,12.98,89.94,0.1397,0.8632,161.1
1934,44.58,41.39,40.06,20.44,13.07,82.3,0.1284,0.8767,139.87
1935,34.61,30.81,24.63,23.97,15.96,37.26,0.1966,0.8444,109.75
1936,34.82,31.03,19.44,19.63,12.71,18.79,0.1381,0.9105,107.11
1937,49.78,64.56,25.77,24.16,8.39,14.42,0.134,0.9204,158.92
1938,50.56,66.51,15.9,18.28,12.96,34.04,0.1946,0.8497,139.54
1939,45.0,28.15,24.17,24.96,18.67,14.43,0.127,0.9245,130.32
1940,33.06,38.91,25.11,20.96,14.9,65.19,0.1288,0.8828,117.34
1941,46.95,30.22,25.77,19.9,14.24,97.57,0.1403,0.8601,117.91
1942,37.78,47.58,31.04,20.1,16.66,7.41,0.1947,0.91,139.38
1943,29.85,30.38,28.58,24.84,13.65,37.19,0.1162,0.9081,115.6
1944,34.91,16.16,21.54,18.26,7.54,98.86,0.1617,0.8384,82.5
1945,38.21,23.17,31.73,21.07,10.45,3.07,0.1631,0.9503,118.44
1946,48.69,53.09,31.38,16.05,12.85,6.18,0.1729,0.926,150.08
1947,33.58,26.24,20.77,18.12,15.09,37.19,0.1274,0.8992,102.33
1948,32.27,47.92,16.78,22.12,18.47,35.32,0.1299,0.8986,123.62
1949,36.14,40.61,13.97,17.52,13.12,78.2,0.1245,0.8818,107.01
1950,39.02,26.32,28.06,23.87,18.34,40.22,0.1486,0.88,119.34
1951,45.38,32.9,30.1,25.86,17.89,38.46,0.1438,0.8852,134.66
1952,44.56,27.25,22.98,17.72,13.12,62.18,0.1632,0.8531,107.17
1953,22.0,30.06,24.89,17.8,15.75,71.46,0.1712,0.8407,92.91
1954,37.15,17.14,27.75,23.59,16.35,99.85,0.1811,0.8185,99.85
1955,40.99,33.43,26.53,21.24,16.44,40.18,0.1452,0.8828,122.38
1956,33.04,27.77,26.86,14.15,14.47,46.12,0.1621,0.8644,100.51
1957,33.76,36.09,35.57,16.69,16.95,8.84,0.1222,0.9393,130.61
1958,45.0,43.21,24.2,20.61,19.27,39.03,0.1694,0.8643,131.63
1959,45.47,44.86,25.93,27.82,21.78,12.66,0.1985,0.8873,147.18
1960,38.58,27.89,22.17,23.87,15.97,61.11,0.1832,0.8357,107.38
1961,43.22,27.05,30.49,30.12,15.36,65.75,0.1373,0.8748,127.92
1962,43.71,32.94,32.64,20.11,13.91,86.2,0.1486,0.8559,122.65
1963,31.23,54.21,26.19,10.52,12.89,11.08,0.1125,0.9391,126.8
1964,31.33,28.49,26.95,29.97,10.18,40.97,0.1491,0.879,111.56
1965,36.85,26.62,31.9,16.22,9.87,50.43,0.148,0.8734,106.09
1966,34.46,22.54,23.05,14.33,17.04,65.07,0.1433,0.8696,96.88
1967,35.23,42.88,26.57,23.52,13.24,97.5,0.1408,0.8596,121.59
1968,39.24,31.15,16.94,25.67,13.17,5.05,0.1012,0.9605,121.18
1969,39.27,23.41,25.68,25.02,15.28,78.7,0.1105,0.8949,115.13
1970,19.52,25.45,23.97,21.76,17.88,11.97,0.122,0.9321,101.21
1971,40.76,45.74,31.01,12.52,13.76,44.92,0.1388,0.8847,127.21
1972,37.98,37.08,24.15,21.41,8.17,34.66,0.1642,0.8726,112.38
1973,41.8,26.78,23.43,25.52,11.14,79.36,0.1106,0.8946,115.12
1974,34.87,44.04,33.03,21.86,20.81,73.82,0.1786,0.8326,128.74
1975,34.92,52.95,24.0,19.93,19.42,86.15,0.1455,0.8589,129.88
1976,36.88,45.5,28.21,24.15,21.18,86.38,0.111,0.8923,139.11
1977,48.55,38.02,32.11,23.93,14.81,36.64,0.1729,0.8638,135.97
1978,36.67,68.46,22.09,18.4,12.06,53.73,0.1002,0.913,143.95
1979,48.89,59.45,29.32,21.93,14.71,10.91,0.1847,0.9006,156.97
1980,47.82,35.89,21.29,19.68,13.25,42.05,0.1888,0.8458,116.65
1981,37.29,52.41,28.25,21.06,19.94,64.38,0.1651,0.8501,135.13
1982,35.91,45.41,29.33,19.85,14.22,95.09,0.1845,0.8171,118.26
1983,36.19,28.27,22.25,18.89,24.78,32.94,0.1368,0.8953,116.73
1984,38.85,66.39,13.66,17.12,16.98,87.39,0.1907,0.8144,124.59
1985,35.53,68.73,19.71,21.71,19.21,79.86,0.1136,0.8916,147.03
1986,45.89,56.51,25.78,22.58,10.15,52.17,0.1427,0.8768,141.09
1987,34.83,45.04,19.67,17.69,21.14,11.06,0.1377,0.9255,128.07
1988,46.9,51.09,22.94,15.62,14.94,88.45,0.1856,0.8189,124.05
1989,32.54,30.61,27.56,19.57,14.19,11.25,0.1044,0.9432,117.4
1990,26.66,54.25,23.58,18.99,12.05,99.7,0.1475,0.8523,115.5
1991,25.62,20.89,25.4,24.01,11.01,62.04,0.1561,0.8596,91.93
1992,35.68,30.72,21.68,24.03,16.1,68.48,0.1623,0.8505,109.04
1993,33.54,12.83,34.41,15.02,11.91,45.08,0.1302,0.8917,96.05
1994,33.18,41.08,21.39,19.17,18.81,29.67,0.1955,0.8547,114.21
1995,47.86,52.84,24.76,21.28,14.06,49.5,0.1918,0.8366,134.53
1996,34.15,67.7,27.7,18.55,14.49,82.5,0.1468,0.8589,139.65
1997,24.28,32.12,19.77,25.61,11.83,59.92,0.1871,0.833,94.63
1998,44.52,38.4,25.07,14.01,17.04,8.0,0.139,0.9337,129.82
1999,50.69,34.8,23.95,17.29,13.92,61.29,0.1097,0.9016,126.81
2000,43.6,72.15,28.86,20.23,12.91,7.19,0.1171,0.9466,168.25
2001,34.64,39.97,25.19,17.04,12.21,6.94,0.1775,0.9201,118.74
2002,41.37,73.49,22.07,18.37,17.95,62.69,0.1264,0.886,153.5
2003,33.57,57.59,26.48,12.71,15.26,8.01,0.186,0.9112,132.68
2004,32.23,47.3,30.62,24.85,13.89,69.35,0.19,0.8245,122.76
2005,38.42,28.01,23.51,22.35,18.11,73.94,0.1217,0.8859,115.53
2006,39.54,22.69,25.31,11.93,15.68,11.58,0.1008,0.9446,108.77
2007,38.38,36.27,24.6,23.98,15.28,53.74,0.1404,0.8779,121.6
2008,53.37,36.39,26.99,19.1,13.18,95.62,0.1008,0.9,134.12
2009,40.34,21.97,21.21,18.45,17.1,31.03,0.125,0.9059,107.88
2010,47.68,53.97,34.32,20.56,17.24,28.29,0.1501,0.8899,154.64
2011,57.86,37.67,31.83,18.38,15.85,44.93,0.1455,0.8791,142.06
2012,36.21,44.27,23.3,19.89,15.29,82.18,0.1636,0.843,117.13
2013,41.19,69.05,35.58,15.93,20.63,66.24,0.1029,0.906,165.24
2014,46.54,25.66,12.84,18.53,12.46,45.09,0.1473,0.8775,101.81
2015,40.98,15.21,29.34,17.12,14.02,65.7,0.1417,0.8708,101.59
2016,37.78,27.69,43.47,21.89,12.42,69.1,0.1242,0.8854,126.84
2017,58.75,69.92,23.77,19.54,15.53,1.68,0.1687,0.9638,180.73
2018,49.59,35.12,29.44,19.69,12.03,52.22,0.1326,0.8856,129.17
2019,23.19,32.44,29.45,16.11,14.06,11.09,0.1496,0.919,105.93
2020,50.86,28.46,23.91,22.73,17.53,23.64,0.1193,0.917,131.57
2021,52.8,34.91,27.83,21.78,11.81,85.3,0.1179,0.8859,132.11
2022,49.56,27.86,33.53,24.68,17.51,68.49,0.157,0.8554,131.0
2023,46.01,28.75,20.72,21.37,11.6,48.06,0.109,0.9079,116.61
2024,52.41,53.19,27.6,19.68,15.54,43.6,0.1926,0.8412,141.66
2025,47.06,98.66,29.85,22.47,16.22,29.87,0.1974,0.853,182.76
2026,44.63,24.99,21.65,17.14,18.16,42.94,0.1136,0.9067,114.76
2027,41.07,28.24,25.65,18.28,17.71,16.56,0.1174,0.9269,121.38
2028,31.43,28.0,27.63,17.84,12.41,56.36,0.1515,0.8668,101.68
2029,29.02,66.14,21.62,24.98,15.8,46.16,0.1273,0.8935,140.78
2030,46.18,47.4,32.51,19.63,12.61,84.89,0.1261,0.8781,139.03
2031,46.04,31.58,26.54,20.47,16.78,27.3,0.168,0.878,124.16
2032,39.66,28.63,21.65,17.49,18.12,99.19,0.1774,0.8225,103.26
2033,33.15,65.39,19.49,21.14,14.87,92.37,0.149,0.8532,131.42
2034,30.96,35.58,23.83,19.88,15.08,55.91,0.1257,0.8897,111.51
2035,37.1,34.46,23.63,25.48,14.76,66.55,0.19,0.8262,111.89
2036,45.61,14.75,27.18,19.55,13.41,95.95,0.1702,0.8309,100.13
2037,57.91,48.12,19.24,22.66,13.0,31.76,0.1667,0.8737,140.61
2038,39.8,34.9,22.0,16.15,17.92,4.57,0.163,0.9392,122.82
2039,42.3,36.53,32.76,20.34,14.27,27.64,0.1889,0.8624,126.08
2040,49.01,36.47,17.46,21.44,15.41,9.06,0.118,0.9409,131.52
2041,39.49,50.98,22.15,16.25,16.8,78.54,0.1603,0.8477,123.49
2042,42.95,14.33,19.09,20.94,15.66,29.03,0.1507,0.8887,100.39
2043,46.58,21.69,26.24,15.6,12.95,14.15,0.1498,0.9116,112.17
2044,48.82,76.62,28.72,11.19,14.82,97.78,0.1124,0.8879,159.97
2045,40.43,21.43,42.97,20.74,16.81,3.33,0.1176,0.9625,137.05
2046,36.16,25.79,30.01,24.0,16.04,98.56,0.1544,0.8458,111.65
2047,41.63,57.73,19.05,11.56,10.95,66.3,0.1263,0.8845,124.65
2048,26.42,35.71,27.92,22.98,10.66,54.4,0.1946,0.8303,102.71
2049,42.35,35.84,24.57,24.42,12.84,64.52,0.1196,0.8913,124.81
2050,46.94,66.13,22.76,11.9,14.07,94.25,0.1552,0.8464,136.94
2051,53.59,27.81,25.12,19.53,12.96,10.45,0.1421,0.9248,128.56
2052,47.4,28.24,29.47,15.01,9.76,66.37,0.1561,0.8573,111.35
2053,19.47,47.44,29.18,27.93,10.93,45.98,0.1481,0.8762,118.24
2054,51.13,37.31,18.25,20.31,13.87,84.48,0.1256,0.8787,123.8
2055,51.74,52.81,25.22,13.23,19.98,44.7,0.1949,0.8382,136.62
2056,32.63,27.04,20.02,23.71,21.83,41.74,0.1125,0.9083,113.76
2057,36.8,37.9,25.81,18.45,16.87,93.19,0.1104,0.8911,121.03
2058,51.51,33.99,22.8,20.1,14.49,80.0,0.195,0.8139,116.31
2059,40.44,29.93,29.1,15.72,15.1,22.93,0.1426,0.9017,117.49
2060,35.3,20.96,23.63,22.99,15.26,47.36,0.1443,0.8785,103.78
2061,33.99,29.58,21.5,22.1,15.83,71.29,0.1233,0.8854,108.9
2062,61.08,28.21,25.3,23.12,14.59,24.54,0.1522,0.8929,136.0
2063,46.3,57.77,24.9,18.09,13.63,72.74,0.1228,0.8854,142.28
2064,37.77,43.91,24.21,16.36,20.12,80.62,0.195,0.8136,115.84
2065,51.43,41.81,22.77,23.39,11.3,79.28,0.11,0.8953,134.91
2066,39.28,32.54,12.69,24.1,17.75,9.66,0.1357,0.9303,117.55
2067,49.69,24.5,34.72,12.65,9.66,35.56,0.151,0.882,115.73
2068,44.65,38.26,18.28,21.37,16.31,98.98,0.1867,0.8133,112.94
2069,37.29,61.72,26.21,21.02,10.07,74.9,0.1035,0.9027,141.09
2070,43.99,24.83,26.89,20.05,20.61,80.06,0.1558,0.8513,116.08
2071,44.31,41.97,35.89,22.53,12.75,69.3,0.1131,0.8956,141.01
2072,46.41,29.2,36.56,10.18,15.44,87.48,0.1094,0.8935,123.11
2073,53.03,34.92,27.04,26.81,17.83,72.43,0.1942,0.8188,130.71
2074,57.69,32.89,19.88,29.42,11.74,58.3,0.1029,0.9088,137.79
2075,43.29,41.9,20.03,21.02,15.3,63.72,0.1264,0.8855,125.33
2076,24.74,32.88,21.89,22.04,14.14,49.12,0.1939,0.8352,96.62
2077,47.01,28.62,24.86,17.0,17.98,14.4,0.1375,0.9184,124.41
2078,37.91,18.63,22.68,22.95,18.09,23.21,0.1368,0.9053,108.87
2079,26.47,38.22,20.15,19.89,16.05,13.44,0.1309,0.9241,111.62
2080,45.53,44.68,25.44,19.12,10.98,78.33,0.1251,0.8812,128.44
2081,43.52,35.89,20.79,19.2,13.5,45.82,0.1189,0.9007,119.69
2082,33.56,33.99,31.92,16.32,14.74,39.12,0.124,0.9006,117.55
2083,30.51,63.44,20.83,25.21,18.77,26.18,0.1032,0.926,147.01
2084,51.17,66.94,21.58,26.52,10.84,14.39,0.1354,0.9196,162.8
2085,44.05,53.73,25.56,16.76,14.2,43.02,0.1049,0.9138,141.0
2086,33.67,40.01,18.47,21.71,18.9,32.14,0.1618,0.877,116.44
2087,45.3,36.39,23.14,23.22,14.35,20.67,0.1796,0.88,125.31
2088,36.64,22.96,17.48,15.81,14.98,25.02,0.1156,0.9182,99.05
2089,44.36,16.33,24.7,17.84,9.46,87.29,0.1803,0.8245,92.92
2090,42.51,60.56,20.86,17.61,13.62,34.17,0.1053,0.9186,142.53
2091,19.48,36.63,22.53,24.73,16.67,87.45,0.1426,0.8612,103.38
2092,40.87,135.92,25.7,23.64,12.6,88.68,0.1844,0.82,195.74
2093,38.67,27.71,22.99,22.79,9.75,61.13,0.1704,0.8472,103.28
2094,34.08,41.52,28.67,18.44,12.12,88.64,0.1397,0.8636,116.43
2095,29.89,52.68,20.05,21.37,18.79,92.36,0.1712,0.8314,118.7
2096,38.26,26.96,22.64,24.59,16.1,23.15,0.1088,0.9247,118.87
2097,37.18,31.42,23.38,25.8,17.68,84.71,0.119,0.885,119.87
2098,45.21,32.38,29.04,16.88,16.8,96.7,0.1759,0.825,115.75
2099,38.84,29.74,30.28,11.68,22.47,52.45,0.1482,0.872,115.98
2100,40.71,41.05,20.14,15.43,18.06,88.03,0.1327,0.8707,117.87
2101,42.62,35.78,22.98,17.93,14.89,61.82,0.1086,0.9023,121.09
2102,36.29,15.5,15.33,21.05,14.24,83.28,0.1389,0.8662,88.71
2103,32.03,36.58,25.0,22.1,16.45,23.01,0.1308,0.9097,120.22
2104,57.71,40.65,25.23,19.74,18.64,21.4,0.1133,0.9235,149.57
2105,39.38,34.44,32.08,21.48,12.51,82.4,0.1516,0.8544,119.53
2106,38.32,67.63,24.13,22.61,16.36,73.97,0.115,0.8922,150.83
2107,51.31,40.23,24.39,17.59,15.57,88.63,0.1889,0.8155,121.59
2108,55.1,35.33,22.77,18.33,15.95,3.68,0.1995,0.9332,137.62
2109,51.57,50.36,27.64,22.21,14.09,62.6,0.1155,0.8959,148.59
2110,36.88,86.66,26.29,21.63,16.71,44.54,0.1132,0.9061,170.49
2111,42.78,33.05,27.15,14.74,18.93,34.55,0.1483,0.885,120.93
2112,44.68,53.35,35.71,23.07,16.09,85.72,0.1979,0.8082,139.74
2113,57.89,73.03,17.56,20.49,9.65,32.75,0.1446,0.8895,158.88
2114,43.36,31.91,11.32,15.83,12.18,38.57,0.1406,0.8877,101.74
2115,43.72,21.9,28.56,19.13,20.17,24.89,0.1955,0.8619,115.04
2116,31.9,41.71,24.77,19.1,11.42,97.32,0.1454,0.8552,110.22
2117,29.96,60.0,22.13,16.41,11.23,63.59,0.1798,0.8373,116.98
2118,50.84,31.22,30.06,20.51,13.24,72.89,0.1436,0.8658,126.3
2119,42.77,54.25,25.85,21.13,12.7,98.2,0.1701,0.8302,130.09
2120,43.58,24.82,22.97,24.94,15.04,55.51,0.192,0.8318,109.25
2121,48.59,31.71,29.47,13.46,16.39,47.76,0.1649,0.8608,120.18
2122,46.82,33.73,28.76,20.5,16.24,47.85,0.197,0.8336,121.75
2123,45.77,33.1,28.26,18.14,13.56,72.42,0.1734,0.8383,116.39
2124,45.09,24.82,18.64,18.63,13.41,90.91,0.1063,0.8956,108.0
2125,41.11,30.61,20.89,28.17,14.03,77.79,0.1039,0.9014,121.52
2126,41.67,15.93,26.47,24.14,18.74,52.99,0.1144,0.9009,114.37
2127,47.33,46.18,27.36,24.63,13.66,27.07,0.1143,0.9172,145.98
2128,32.49,35.51,32.02,21.09,16.1,84.04,0.1028,0.9008,123.61
2129,31.6,55.44,22.12,20.5,14.63,83.19,0.1374,0.8677,125.19
2130,40.65,33.77,24.99,15.39,13.37,22.94,0.1993,0.8626,110.56
2131,41.19,17.05,30.86,26.85,17.46,68.97,0.1584,0.8539,113.91
2132,45.8,39.76,24.31,16.17,13.2,55.93,0.1739,0.8473,117.97
2133,38.22,26.86,25.83,21.7,15.71,22.65,0.1453,0.9002,115.51
2134,33.78,53.68,24.78,18.45,16.93,29.86,0.1176,0.9124,134.69
2135,44.81,32.16,27.85,18.62,16.31,73.13,0.1351,0.8737,122.09
2136,50.77,78.37,27.53,14.28,15.98,95.07,0.1223,0.8787,164.26
2137,42.92,24.48,16.97,21.14,15.17,65.21,0.1552,0.8587,103.62
2138,28.37,38.62,28.23,12.68,15.35,97.41,0.1467,0.8538,105.23
2139,42.2,44.47,33.39,10.15,14.93,55.01,0.1853,0.838,121.62
2140,24.55,30.67,18.07,17.72,13.47,85.61,0.1212,0.8826,92.22
2141,39.67,20.54,26.7,21.74,13.21,97.45,0.1573,0.8432,102.75
2142,23.92,32.31,27.89,15.36,14.96,3.89,0.1021,0.9648,110.41
2143,36.56,16.91,18.4,12.11,15.5,5.2,0.1799,0.9287,92.38
2144,44.09,26.47,21.19,27.33,15.78,25.89,0.156,0.8885,119.81
2145,37.72,32.59,21.59,28.15,16.76,28.98,0.1064,0.9214,126.07
2146,49.19,52.23,26.09,22.68,11.58,56.07,0.1816,0.8405,135.97
2147,41.75,39.14,18.18,18.45,16.07,50.51,0.1062,0.9091,121.45
2148,31.01,29.78,21.57,22.06,15.95,83.68,0.1431,0.8621,103.76
2149,47.21,29.05,26.82,22.61,15.99,55.73,0.1866,0.8364,118.49
2150,45.51,28.08,29.31,22.23,16.28,28.32,0.1058,0.9224,130.43
2151,50.19,50.56,25.15,22.97,12.77,22.73,0.1254,0.9138,147.72
2152,45.68,19.33,19.74,22.29,15.64,29.86,0.1308,0.9026,110.73
2153,43.76,24.94,23.63,18.59,15.7,14.95,0.1552,0.9067,114.81
2154,32.06,19.29,26.01,20.23,9.92,61.08,0.1491,0.8664,93.14
2155,46.51,44.24,32.61,23.1,19.24,24.92,0.1845,0.8696,144.09
2156,38.83,64.14,27.12,21.68,12.34,86.73,0.1897,0.8157,133.87
2157,46.45,44.03,35.43,23.57,15.69,96.54,0.1349,0.8658,143.02
2158,57.84,45.32,29.14,16.55,8.67,39.59,0.19,0.8472,133.45
2159,49.65,28.37,31.07,21.22,18.25,93.07,0.1393,0.8626,128.15
2160,42.28,42.54,21.74,16.76,13.21,87.09,0.178,0.8269,112.9
2161,40.59,25.92,28.8,20.29,13.75,52.17,0.1584,0.8633,111.67
2162,36.66,27.81,25.9,17.29,12.04,18.97,0.1814,0.8821,105.58
2163,21.42,34.48,37.25,18.82,13.52,58.64,0.1608,0.8572,107.56
2164,40.37,35.6,23.26,23.68,15.38,77.6,0.1797,0.8297,114.74
2165,35.89,71.68,33.9,22.27,19.67,13.32,0.1581,0.9086,166.65
2166,42.58,49.5,33.59,16.02,17.63,93.65,0.1117,0.8896,141.73
2167,35.87,36.66,22.13,18.1,17.54,76.04,0.1789,0.8312,108.31
2168,41.77,69.35,26.56,23.32,11.41,83.43,0.1693,0.8369,144.29
2169,49.97,91.53,17.84,27.45,15.68,57.23,0.1777,0.8432,170.72
2170,41.25,35.28,34.06,23.38,13.72,25.13,0.1096,0.9223,136.23
2171,31.31,40.79,14.26,17.38,11.68,3.99,0.169,0.941,108.62
2172,33.35,21.33,16.94,19.34,13.08,47.25,0.1775,0.8506,88.49
2173,45.53,37.39,24.23,21.37,15.06,8.94,0.137,0.9317,133.76
2174,46.02,26.68,20.3,21.33,13.88,19.21,0.1952,0.8726,111.88
2175,33.03,16.46,20.01,20.78,15.93,47.77,0.1678,0.8584,91.17
2176,39.77,52.0,23.3,16.47,11.25,52.38,0.1059,0.9085,129.72
2177,47.24,36.52,29.79,18.23,22.15,51.16,0.1668,0.8568,131.89
2178,53.77,24.72,29.99,21.01,15.66,52.92,0.1014,0.9122,132.4
2179,41.41,16.85,27.29,18.34,13.55,30.18,0.1166,0.9129,107.22
2180,38.41,27.43,27.49,23.94,14.03,62.43,0.1387,0.875,114.9
2181,37.04,26.73,25.19,12.9,10.68,36.64,0.133,0.8952,100.75
2182,41.15,33.49,30.18,25.09,10.39,48.34,0.1721,0.8543,119.85
2183,51.11,17.43,25.62,28.39,14.43,31.37,0.1301,0.9018,123.53
2184,41.16,41.56,21.08,21.51,15.64,13.23,0.1779,0.8974,126.49
2185,44.0,45.24,23.64,17.01,11.13,14.33,0.1275,0.9244,130.36
2186,28.63,20.79,26.21,26.38,12.3,79.26,0.1551,0.8523,97.42
2187,52.76,17.77,29.29,18.74,15.37,62.15,0.1634,0.8529,114.23
2188,50.69,52.52,26.64,16.88,11.82,3.02,0.1938,0.9415,149.28
2189,37.63,32.98,18.86,21.26,17.7,82.58,0.1029,0.9012,115.73
2190,39.17,45.2,29.22,24.68,15.9,1.15,0.131,0.9783,150.82
2191,49.43,36.58,23.16,27.77,13.67,14.53,0.1203,0.9284,139.83
2192,63.56,33.79,27.62,17.61,15.44,9.33,0.1692,0.9142,144.46
2193,26.52,52.95,17.13,20.52,12.46,37.85,0.147,0.8832,114.44
2194,35.91,48.98,27.89,20.43,12.49,16.88,0.1537,0.9037,131.68
2195,36.85,40.82,29.85,18.13,19.38,30.12,0.108,0.9194,133.35
2196,48.33,41.96,22.44,21.01,20.0,19.54,0.1563,0.8974,137.97
2197,42.83,29.42,27.01,22.23,13.7,80.3,0.1301,0.8757,118.41
2198,35.9,43.69,26.0,21.27,15.03,13.75,0.1774,0.8963,127.18
2199,28.67,65.15,21.46,16.25,13.73,10.41,0.1363,0.928,134.8
2200,48.09,52.72,29.77,20.29,18.39,26.56,0.1037,0.9253,156.61
2201,38.4,16.55,23.94,15.49,20.84,34.57,0.1065,0.9174,105.7
2202,30.74,41.93,23.05,13.66,13.23,37.02,0.1306,0.8968,109.95
2203,34.54,43.33,28.0,19.91,11.28,3.89,0.1327,0.9543,130.79
2204,36.6,55.06,26.02,21.82,17.72,40.17,0.1684,0.8641,135.85
2205,37.6,57.43,28.37,20.12,17.12,27.18,0.1293,0.9063,145.57
2206,31.64,42.67,25.78,18.78,18.85,55.93,0.1768,0.8448,116.35
2207,31.74,21.33,27.08,21.24,15.65,22.23,0.1554,0.8939,104.61
2208,58.96,33.46,24.67,26.86,8.81,76.22,0.1305,0.8769,133.94
2209,42.64,25.48,21.69,20.92,11.44,72.81,0.1256,0.8827,107.83
2210,36.71,21.96,21.43,28.77,20.47,9.39,0.1324,0.9327,120.63
2211,43.02,61.2,21.66,19.32,14.83,27.62,0.131,0.9046,144.76
2212,41.28,29.07,22.43,19.55,12.39,39.82,0.159,0.8719,108.75
2213,32.75,77.56,40.38,21.02,9.3,19.81,0.1784,0.8824,159.72
2214,24.68,30.01,27.75,10.3,16.44,43.12,0.1223,0.8994,98.19
2215,35.75,26.3,21.44,20.57,15.19,77.49,0.1784,0.8309,99.1
2216,38.54,44.53,30.09,15.98,11.3,2.21,0.1037,0.9738,136.76
2217,39.12,33.92,34.4,22.89,12.19,7.63,0.1315,0.9384,133.75
2218,25.35,39.11,22.41,17.69,12.61,82.61,0.1347,0.8705,102.0
2219,59.84,28.21,22.71,17.41,16.35,60.3,0.1044,0.9067,131.04
2220,59.22,28.21,16.01,20.58,20.09,27.49,0.154,0.888,127.96
2221,43.56,28.78,23.6,17.28,13.95,98.81,0.1054,0.8947,113.77
2222,40.2,23.07,29.01,17.08,19.9,55.82,0.1652,0.8551,110.54
2223,35.48,51.52,23.32,19.79,14.96,72.17,0.1655,0.8458,122.69
2224,44.63,38.0,19.82,25.65,12.54,89.49,0.118,0.8846,124.41
2225,39.06,37.22,17.56,19.21,19.15,38.44,0.108,0.9138,120.8
2226,50.02,45.69,26.56,28.88,16.43,8.58,0.1087,0.9466,158.63
2227,47.31,40.37,21.88,24.83,19.03,98.75,0.1267,0.8734,134.01
2228,33.2,86.57,35.14,18.6,16.13,29.55,0.1785,0.8675,164.5
2229,34.5,41.51,25.27,21.45,22.28,67.0,0.1581,0.8552,124.0
2230,47.76,15.4,21.11,21.37,15.82,12.37,0.1591,0.9104,110.58
2231,45.56,28.73,29.41,19.55,16.54,35.69,0.149,0.8834,123.49
2232,31.09,24.11,35.2,21.21,12.84,28.3,0.1605,0.8823,109.8
2233,36.34,42.2,34.03,16.04,17.87,96.37,0.1953,0.8058,118.04
2234,38.77,29.67,20.4,25.05,14.6,11.09,0.1857,0.8995,115.57
2235,39.71,42.77,18.68,20.29,17.11,2.82,0.1036,0.9699,134.37
2236,39.42,26.62,18.53,23.9,19.34,60.1,0.1379,0.8769,112.08
2237,47.19,37.83,28.5,17.98,15.19,46.23,0.1768,0.852,124.98
2238,41.17,28.35,23.54,27.82,17.09,48.94,0.1969,0.8328,114.9
2239,40.65,30.56,21.57,19.07,19.24,43.15,0.1184,0.9026,118.31
2240,33.95,38.31,29.12,16.83,12.04,3.55,0.1622,0.9466,123.29
2241,41.34,41.92,20.6,11.69,15.43,25.75,0.1898,0.8645,113.25
2242,39.77,61.98,30.08,20.65,10.12,86.73,0.1375,0.8664,140.88
2243,36.16,55.03,19.98,23.04,14.57,72.92,0.1372,0.8718,129.7
2244,30.79,51.04,23.26,23.48,17.82,76.3,0.1102,0.8959,131.16
2245,50.22,41.6,31.94,20.15,9.49,92.25,0.1342,0.8679,133.12
2246,54.24,28.79,25.62,15.89,12.44,36.59,0.1935,0.8476,116.11
2247,41.96,44.89,19.84,26.46,11.22,30.08,0.1813,0.8647,124.83
2248,51.48,56.43,32.57,18.97,17.54,83.91,0.1234,0.881,155.93
2249,41.84,56.44,30.67,12.0,16.5,91.47,0.1962,0.8072,127.09
2250,28.91,35.23,32.19,19.4,18.5,87.84,0.1105,0.8923,119.77
2251,42.4,30.5,16.46,12.05,17.86,67.43,0.1993,0.8171,97.46
2252,37.28,48.05,26.5,10.03,13.39,8.09,0.1462,0.93,125.78
2253,43.81,13.21,21.48,18.04,14.56,23.42,0.1233,0.9144,101.59
2254,52.57,66.29,21.97,15.61,13.87,93.02,0.1193,0.8823,150.27
2255,35.95,57.2,28.21,17.53,19.34,69.52,0.1732,0.8399,132.9
2256,43.1,31.29,16.25,19.52,16.61,46.7,0.1614,0.8646,109.61
2257,46.89,30.66,25.79,15.07,17.92,67.09,0.1967,0.8197,111.75
2258,50.83,80.3,32.67,22.21,17.2,89.93,0.1936,0.8104,164.68
2259,47.89,23.14,25.73,15.87,13.52,71.55,0.1836,0.8292,104.59
2260,31.08,31.52,30.47,17.93,12.27,43.61,0.1263,0.8958,110.43
2261,31.07,70.54,25.6,21.42,16.49,96.4,0.1821,0.8189,135.23
2262,46.12,22.78,20.74,26.53,19.42,71.17,0.173,0.8392,113.8
2263,36.92,37.34,34.65,17.75,15.99,80.08,0.1896,0.8191,116.85
2264,32.13,31.81,24.04,17.76,11.44,16.46,0.1464,0.9091,106.53
2265,49.51,79.8,18.7,23.1,16.7,64.17,0.1226,0.8888,166.92
2266,37.04,28.17,18.06,19.82,13.44,83.02,0.1848,0.8222,95.81
2267,53.04,20.34,24.07,20.02,9.74,63.11,0.1614,0.8542,108.67
2268,36.48,38.56,29.37,21.04,19.84,9.09,0.1481,0.9256,134.48
2269,34.03,28.17,24.95,17.24,12.53,8.1,0.1626,0.922,107.8
2270,39.49,44.44,17.51,20.71,18.87,35.29,0.1898,0.852,120.15
2271,46.07,41.63,25.42,28.46,19.14,58.35,0.1131,0.8997,144.59
2272,42.34,21.92,30.45,19.45,16.22,80.61,0.1199,0.8854,115.44
2273,55.13,73.06,24.36,28.28,12.44,75.05,0.1121,0.8946,172.91
2274,41.37,27.41,32.28,13.89,18.54,3.78,0.1593,0.9459,126.27
2275,38.59,28.61,20.82,18.97,12.58,29.33,0.1176,0.9129,109.15
2276,52.07,44.1,29.49,19.97,14.86,84.25,0.1069,0.8968,143.93
2277,44.76,67.26,27.42,14.41,14.27,41.98,0.1602,0.8692,146.13
2278,36.69,20.93,27.64,18.79,13.85,3.36,0.1268,0.9595,113.12
2279,41.91,29.09,27.23,17.1,15.73,77.46,0.1608,0.8477,111.09
2280,41.75,51.32,23.36,17.06,9.95,57.27,0.1606,0.8582,123.1
2281,38.36,27.83,26.5,20.2,12.95,14.6,0.1274,0.924,116.28
2282,41.46,37.27,22.87,26.48,12.29,49.26,0.1868,0.8411,118.06
2283,29.7,29.66,26.37,22.46,16.64,6.1,0.162,0.931,116.23
2284,37.15,42.66,26.46,23.33,17.12,90.59,0.1608,0.8422,123.57
2285,43.45,21.25,23.83,21.16,14.4,24.35,0.1882,0.8678,107.69
2286,35.77,39.73,24.29,16.35,16.85,83.67,0.193,0.814,108.26
2287,32.87,42.5,17.86,19.3,14.8,75.94,0.1822,0.8282,105.45
2288,39.67,45.96,25.26,20.1,14.13,47.5,0.1575,0.8672,125.86
2289,36.22,28.38,27.95,19.03,15.97,17.17,0.1536,0.9033,115.22
2290,29.42,62.46,26.21,18.83,15.64,89.32,0.1324,0.8705,132.81
2291,29.62,15.11,25.71,22.15,11.82,21.94,0.1143,0.9223,96.3
2292,43.26,26.84,17.82,23.87,17.81,19.04,0.177,0.8848,114.67
2293,40.72,93.03,26.91,25.5,10.7,22.73,0.1852,0.8727,171.8
2294,42.51,35.41,18.85,19.7,11.07,29.88,0.1387,0.8967,114.37
2295,37.61,54.89,21.24,25.38,11.92,39.56,0.1878,0.849,128.24
2296,27.89,37.76,19.23,19.56,14.94,99.08,0.1716,0.8284,98.89
2297,33.01,70.15,19.85,20.49,19.7,66.66,0.1909,0.8253,134.69
2298,37.42,32.41,25.71,21.64,18.86,9.16,0.1837,0.9075,123.47
2299,43.49,38.28,18.23,23.86,12.26,8.68,0.1028,0.9493,129.21
2300,26.01,49.66,18.84,27.91,14.68,7.0,0.1257,0.9432,129.32
2301,21.51,64.62,32.91,14.92,11.28,46.98,0.1651,0.8612,125.09
2302,51.59,16.73,34.33,18.94,12.92,40.28,0.1817,0.8532,114.77
2303,44.78,43.06,29.97,22.18,20.79,86.8,0.1865,0.8188,131.65
2304,32.99,24.88,23.5,15.6,14.39,39.23,0.176,0.8588,95.64
2305,38.12,34.24,30.7,13.88,18.54,43.95,0.1108,0.9084,123.07
2306,36.63,28.25,27.67,19.27,17.44,63.9,0.1056,0.9043,116.89
2307,42.32,14.28,15.26,16.12,12.96,79.45,0.1635,0.8442,85.21
2308,35.94,53.44,30.8,22.36,12.43,81.22,0.1304,0.8752,135.62
2309,30.81,20.71,18.74,17.23,14.87,73.36,0.1853,0.8266,84.62
2310,43.91,34.04,22.43,22.09,14.59,49.59,0.1731,0.8525,116.85
2311,54.52,33.53,26.51,25.89,17.67,93.92,0.1959,0.8063,127.5
2312,44.24,25.46,26.47,27.82,14.17,42.48,0.1162,0.9048,125.02
2313,40.6,45.19,26.92,21.25,17.65,44.69,0.199,0.8348,126.57
2314,38.29,30.24,30.99,17.02,13.0,85.55,0.1446,0.86,111.39
2315,33.69,26.29,26.35,25.48,15.08,34.67,0.1336,0.8963,113.74
2316,36.74,19.55,25.79,21.04,12.02,39.8,0.1612,0.8702,100.2
2317,43.14,24.17,32.67,21.08,9.89,22.59,0.1872,0.8715,114.13
2318,49.5,41.45,24.6,22.12,12.26,2.75,0.1961,0.9438,141.49
2319,49.86,15.73,24.42,15.75,16.51,73.64,0.1539,0.8559,104.66
2320,41.36,68.48,27.24,15.16,19.1,3.72,0.1415,0.9523,163.17
2321,41.49,32.93,35.0,23.18,14.57,53.06,0.1314,0.8861,130.42
2322,40.42,24.74,21.56,18.36,16.38,97.51,0.1494,0.851,103.36
2323,44.57,44.41,16.42,22.34,14.02,60.49,0.1769,0.8418,119.33
2324,40.38,29.61,24.95,19.91,13.59,3.99,0.1035,0.9639,123.8
2325,40.52,49.97,31.99,24.4,18.33,69.49,0.1748,0.8385,138.51
2326,33.12,22.88,27.92,26.63,18.9,76.69,0.1138,0.8924,115.52
2327,32.93,23.56,22.43,20.79,19.24,33.38,0.1773,0.8638,102.74
2328,34.47,44.42,25.03,23.5,17.52,5.81,0.1081,0.955,138.42
2329,41.92,56.52,20.08,19.98,14.05,30.98,0.1143,0.914,139.43
2330,37.55,37.85,16.09,25.29,13.23,4.35,0.1703,0.938,121.95
2331,60.66,38.38,23.58,14.02,10.01,33.58,0.1635,0.8742,128.2
2332,43.1,25.07,20.02,22.45,20.8,79.24,0.1274,0.8787,115.51
2333,52.57,28.48,23.44,18.51,10.53,91.2,0.1519,0.8508,113.6
2334,51.88,26.91,17.56,22.53,15.12,42.06,0.181,0.8521,114.18
2335,43.4,58.76,33.61,19.59,10.2,91.63,0.1488,0.8536,141.32
2336,39.67,61.05,29.74,21.67,18.21,86.01,0.1368,0.8674,147.75
2337,32.81,43.1,22.34,18.6,16.15,46.26,0.1387,0.8839,117.55
2338,35.19,78.23,25.23,8.67,18.96,89.61,0.1179,0.8846,147.09
2339,46.72,44.82,30.31,24.91,15.64,51.76,0.1772,0.8474,137.61
2340,42.16,56.17,26.54,12.38,17.1,68.43,0.1477,0.864,133.36
2341,34.86,32.07,23.26,15.84,16.06,1.68,0.1402,0.97,118.42
2342,38.34,32.86,27.36,21.9,18.81,64.23,0.1528,0.8614,119.97
2343,42.64,32.88,23.68,21.94,16.06,65.97,0.1645,0.8498,116.59
2344,40.2,24.07,24.28,23.99,17.97,32.36,0.1321,0.8994,117.38
2345,38.09,29.34,33.74,21.82,21.06,82.94,0.1697,0.8368,120.54
2346,39.56,39.92,27.14,24.81,12.59,25.32,0.1124,0.9202,132.52
2347,20.68,27.54,24.61,23.22,12.8,58.29,0.1803,0.8402,91.45
2348,40.15,43.72,20.02,13.48,18.73,51.06,0.1281,0.89,121.14
2349,31.53,26.03,27.71,20.64,15.74,47.01,0.1191,0.8999,109.47
2350,42.91,25.55,30.18,17.67,15.82,3.09,0.1982,0.9394,124.12
2351,41.07,35.18,30.77,27.12,16.98,96.81,0.1873,0.8137,122.96
2352,45.99,15.46,37.83,17.5,15.72,74.62,0.166,0.844,111.83
2353,46.07,53.89,20.1,23.22,10.24,3.5,0.1553,0.9493,145.73
2354,53.76,46.42,14.99,14.13,15.78,37.47,0.1306,0.8965,130.06
2355,24.13,48.51,29.99,19.38,11.72,33.95,0.1634,0.8739,116.87
2356,38.99,47.13,19.0,20.47,16.63,34.83,0.1282,0.9004,128.05
2357,23.68,33.43,19.21,13.78,16.4,54.43,0.1447,0.8738,93.06
2358,43.93,38.59,27.79,18.74,15.97,2.54,0.1569,0.957,138.77
2359,38.66,40.91,26.57,21.9,14.64,19.67,0.1238,0.9186,131.06
2360,36.23,19.59,21.8,24.05,21.29,17.04,0.1611,0.8988,110.52
2361,42.14,37.94,20.89,23.61,21.74,26.41,0.1243,0.9106,133.24
2362,31.58,30.1,25.16,20.53,9.63,85.2,0.1149,0.8888,103.98
2363,54.78,73.27,22.6,21.8,13.58,5.21,0.1802,0.9286,172.74
2364,38.04,32.42,25.62,15.57,20.16,29.59,0.1689,0.8745,115.27
2365,40.61,33.28,20.0,13.2,18.04,91.29,0.1283,0.8739,109.36
2366,38.97,21.48,20.61,19.98,14.2,82.95,0.1733,0.8333,96.03
2367,47.38,29.93,17.27,14.66,18.64,60.9,0.1187,0.8937,114.28
2368,30.38,15.02,26.83,11.07,12.67,26.0,0.1734,0.8759,84.06
2369,46.63,73.63,21.76,18.82,12.88,66.02,0.1008,0.9079,157.72
2370,35.85,44.2,28.64,18.73,15.04,80.89,0.1017,0.9027,128.62
2371,35.92,30.22,13.99,16.76,16.49,34.11,0.1078,0.9167,103.95
2372,47.04,42.82,18.07,21.49,16.34,6.35,0.1444,0.9374,136.64
2373,37.85,23.83,24.13,22.09,15.82,98.86,0.118,0.882,109.13
2374,44.91,32.55,21.61,21.69,15.48,37.04,0.1755,0.8613,117.35
2375,45.06,22.47,19.6,19.03,14.49,84.65,0.1963,0.8103,97.75
2376,37.21,18.97,23.6,18.27,13.82,20.51,0.1467,0.9022,100.94
2377,41.86,47.52,23.57,15.1,15.01,85.69,0.1595,0.8455,120.95
2378,36.13,33.56,29.35,19.63,16.0,93.05,0.1339,0.8679,116.88
2379,39.84,17.53,26.33,22.91,12.61,61.13,0.1417,0.873,104.08
2380,43.79,25.13,30.63,19.42,10.91,82.22,0.1627,0.8438,109.6
2381,32.35,59.0,32.68,20.44,15.27,88.17,0.1537,0.8501,135.79
2382,43.52,26.2,21.83,20.93,15.54,83.67,0.131,0.8738,111.87
2383,42.54,44.89,30.51,19.47,13.96,93.78,0.1249,0.8765,132.68
2384,28.09,26.07,29.37,17.27,13.4,26.6,0.1614,0.8837,100.92
2385,34.03,38.58,24.79,19.9,15.51,12.82,0.1914,0.8909,118.33
2386,34.47,43.17,27.63,21.08,14.86,87.7,0.1043,0.8984,126.86
2387,36.44,26.87,25.97,22.21,14.8,98.31,0.1083,0.8919,112.64
2388,32.35,33.18,24.71,28.5,20.9,16.98,0.1208,0.9242,129.05
2389,47.51,39.59,26.29,20.42,9.51,70.79,0.1681,0.844,120.97
2390,48.48,27.89,26.63,21.78,11.16,55.0,0.1078,0.9057,123.13
2391,33.7,32.19,30.1,17.19,14.5,24.34,0.1894,0.867,110.7
2392,30.77,24.0,19.78,20.4,17.13,71.59,0.1385,0.8711,97.62
2393,39.89,36.5,28.81,15.92,12.91,65.88,0.1154,0.8947,119.91
2394,50.64,53.83,19.24,14.43,11.44,42.25,0.1676,0.8629,129.07
2395,57.23,21.98,24.58,15.75,14.47,2.65,0.1978,0.9444,126.55
2396,34.6,26.39,26.31,20.04,14.46,83.14,0.1734,0.8331,101.48
2397,21.8,15.45,12.44,13.21,9.85,23.09,0.1431,0.9011,65.56
2398,28.1,42.95,23.54,21.03,16.27,69.57,0.191,0.8235,108.61
2399,25.74,18.46,27.23,20.23,14.54,99.81,0.1343,0.8655,91.91
2400,43.33,42.79,24.45,14.78,16.53,93.17,0.1174,0.8841,125.44
2401,40.78,43.97,20.41,18.66,16.35,48.97,0.1978,0.832,116.62
2402,41.74,50.37,28.62,18.71,8.26,9.35,0.1723,0.9126,134.78
2403,49.01,40.56,21.04,23.01,14.89,89.42,0.1237,0.879,130.54
2404,53.03,19.14,26.04,16.77,14.67,2.22,0.1614,0.959,124.33
2405,46.74,33.2,24.45,25.19,13.61,32.17,0.1643,0.8751,125.29
2406,45.88,37.85,24.57,18.75,15.84,73.21,0.1403,0.8688,124.14
2407,28.21,43.31,25.84,18.55,13.99,79.06,0.1708,0.8374,108.79
2408,35.93,43.98,21.9,11.92,12.88,58.01,0.1341,0.8813,111.58
2409,51.08,29.5,29.53,7.05,14.26,33.01,0.142,0.8913,117.14
2410,35.6,33.51,20.94,18.25,12.52,12.44,0.1996,0.8874,107.22
2411,48.84,33.65,29.19,13.33,15.29,50.01,0.1979,0.8311,116.6
2412,40.99,21.09,23.14,15.47,13.32,61.52,0.1104,0.9008,102.71
2413,46.27,23.78,15.06,18.81,14.07,97.85,0.1559,0.8445,99.64
2414,33.03,34.01,21.09,24.45,10.53,97.55,0.1211,0.8793,108.25
2415,46.11,25.03,31.54,18.94,11.6,81.91,0.1284,0.8768,116.8
2416,34.88,19.5,30.79,18.72,16.09,12.54,0.1689,0.9044,108.52
2417,41.84,19.06,15.23,17.66,18.78,92.4,0.1747,0.8279,93.2
2418,39.77,46.22,21.3,21.01,15.0,44.52,0.1324,0.8903,127.58
2419,49.54,40.33,15.29,29.55,20.01,9.37,0.1559,0.9208,142.48
2420,46.66,37.14,25.5,22.02,16.69,70.38,0.1658,0.8464,125.27
2421,25.87,30.71,21.61,15.24,14.25,71.91,0.1522,0.8582,92.41
2422,33.52,27.73,26.77,21.02,19.58,11.43,0.1002,0.9452,121.57
2423,34.91,15.62,28.37,16.77,12.6,7.23,0.1108,0.9493,102.78
2424,45.53,44.38,32.56,23.53,16.09,95.93,0.1096,0.8911,144.46
2425,36.04,29.74,33.62,19.58,15.61,67.31,0.1386,0.8729,117.49
2426,31.29,44.88,34.62,21.59,7.81,26.92,0.1437,0.8961,125.62
2427,29.08,24.05,29.65,23.78,14.17,51.85,0.1324,0.8859,106.95
2428,45.82,67.65,24.26,27.95,20.21,64.72,0.157,0.8573,159.36
2429,23.41,37.73,15.9,17.32,13.55,48.01,0.1096,0.9074,97.91
2430,48.44,33.35,21.03,11.69,13.45,21.54,0.199,0.8654,110.73
2431,29.7,23.28,18.21,13.25,16.62,7.74,0.1402,0.934,94.39
2432,36.42,37.39,27.3,18.41,8.28,82.1,0.1045,0.8997,114.98
2433,30.65,44.79,35.42,22.02,17.34,60.94,0.1741,0.844,126.78
2434,32.65,14.28,20.53,19.29,13.8,4.87,0.1218,0.9532,95.84
2435,38.21,33.16,17.58,19.9,11.84,83.8,0.1044,0.8993,108.55
2436,38.91,33.38,19.85,14.83,17.71,49.8,0.1235,0.8946,111.54
2437,27.63,41.93,33.82,20.75,16.29,45.44,0.1026,0.9145,128.42
2438,36.76,17.89,31.31,21.14,19.46,4.17,0.1483,0.9471,119.86
2439,40.83,48.2,30.35,12.08,16.12,91.88,0.1139,0.8879,131.03
2440,43.74,47.0,18.27,27.93,15.47,15.05,0.187,0.8873,135.24
2441,23.66,47.72,29.62,23.22,15.7,64.09,0.173,0.8431,117.96
2442,36.17,26.86,25.28,21.0,14.58,13.97,0.1886,0.8891,110.15
2443,23.57,54.83,29.28,28.69,12.12,71.98,0.1319,0.8772,130.26
2444,35.93,25.28,19.68,17.98,17.01,64.01,0.1858,0.8316,96.37
2445,36.56,15.03,24.87,21.15,14.62,8.2,0.1828,0.9119,102.35
2446,45.03,39.63,22.06,13.93,17.6,18.86,0.1084,0.9296,128.52
2447,47.79,34.15,28.45,26.93,12.99,76.62,0.1641,0.8449,127.0
2448,31.83,57.02,36.01,22.66,12.47,89.43,0.1886,0.8155,130.47
2449,42.35,23.14,18.49,17.2,15.3,37.48,0.1783,0.8587,100.03
2450,45.24,30.48,23.95,17.5,15.16,45.78,0.1711,0.8572,113.42
2451,34.02,29.4,30.19,23.87,15.63,28.41,0.15,0.8898,118.45
2452,46.18,48.26,22.95,26.2,14.6,96.97,0.1933,0.8075,127.76
2453,41.09,22.68,20.88,17.75,18.42,32.66,0.187,0.8572,103.57
2454,37.81,58.25,25.48,23.16,9.65,9.02,0.1623,0.9188,141.81
2455,41.13,26.08,22.99,16.32,13.32,24.57,0.1053,0.9259,110.95
2456,27.36,29.32,33.76,22.4,15.27,48.6,0.1864,0.8419,107.86
2457,41.12,35.59,26.6,20.15,15.27,35.21,0.1916,0.8507,118.01
2458,33.23,23.32,27.5,13.38,14.2,48.52,0.1071,0.9092,101.51
2459,40.23,40.93,20.67,17.93,12.09,66.18,0.159,0.8548,112.71
2460,36.75,38.88,25.69,23.34,6.66,31.97,0.1123,0.9148,120.12
2461,42.31,27.32,24.67,21.9,17.39,46.87,0.1485,0.8753,116.93
2462,49.53,39.23,28.43,15.14,15.51,82.23,0.1331,0.8722,128.96
2463,41.02,39.67,28.32,15.78,17.74,90.56,0.1468,0.856,122.01
2464,48.0,43.98,22.19,13.21,8.96,74.99,0.1397,0.8687,118.44
2465,31.82,54.37,25.65,16.72,12.03,14.77,0.1946,0.8834,124.19
2466,51.47,41.35,29.87,20.73,14.42,66.09,0.1846,0.8314,131.22
2467,31.9,42.49,21.9,22.99,10.46,91.75,0.1586,0.8439,109.49
2468,29.97,22.51,34.53,13.11,13.89,75.75,0.1354,0.8724,99.46
2469,37.8,18.95,19.14,20.54,17.64,9.98,0.1203,0.9374,106.93
2470,36.44,28.06,23.71,15.54,12.52,62.52,0.1316,0.8814,102.48
2471,27.34,39.9,20.51,20.01,18.71,27.23,0.102,0.926,117.11
2472,30.98,41.32,27.55,27.29,12.58,97.41,0.1159,0.8845,123.58
2473,11.25,12.74,25.06,15.14,17.32,44.4,0.1088,0.9098,74.16
2474,29.19,36.9,18.28,20.06,12.57,15.66,0.1625,0.9007,105.38
2475,34.72,54.91,35.42,8.17,19.08,37.27,0.1431,0.8867,135.05
2476,51.92,86.42,22.08,22.18,16.03,27.77,0.1182,0.9138,181.51
2477,45.7,62.29,15.13,18.16,16.33,82.75,0.1583,0.8478,133.62
2478,42.59,28.41,26.18,24.7,12.07,64.39,0.1434,0.8698,116.51
2479,57.32,27.75,25.63,19.21,12.97,28.07,0.1938,0.8582,122.62
2480,25.66,42.61,21.85,22.1,16.23,79.73,0.1587,0.8487,109.01
2481,39.46,48.37,20.8,27.66,16.76,16.13,0.1655,0.8979,137.43
2482,56.28,54.86,24.89,22.5,12.08,21.49,0.1649,0.8885,151.59
2483,35.94,44.45,19.74,22.75,18.83,10.95,0.1303,0.9298,131.77
2484,33.38,21.44,29.27,24.81,15.51,59.47,0.1881,0.8325,103.57
2485,46.54,20.06,28.86,21.51,16.56,5.46,0.1626,0.9341,124.73
2486,35.55,62.74,25.36,16.98,16.03,70.59,0.1975,0.8168,127.96
2487,50.07,32.76,19.21,9.83,10.98,21.25,0.1959,0.868,106.64
2488,46.65,23.76,19.37,17.51,19.61,65.9,0.1587,0.8551,108.52
2489,38.48,22.25,26.8,22.6,19.43,62.07,0.1072,0.9036,117.05
2490,47.84,28.17,27.11,18.29,14.07,13.83,0.1706,0.9001,121.95
2491,38.12,66.21,25.12,19.25,20.92,5.48,0.1008,0.9591,162.68
2492,41.06,31.75,27.65,19.11,15.49,5.01,0.169,0.9342,126.17
2493,44.68,46.74,27.65,17.81,15.59,15.32,0.1475,0.9106,138.84
2494,36.88,40.25,25.11,22.65,14.42,54.36,0.155,0.8649,120.49
2495,52.08,34.19,25.4,22.25,14.51,55.72,0.1893,0.834,123.8
2496,40.56,15.89,16.87,19.52,20.78,31.88,0.1696,0.8714,99.0
2497,42.32,48.92,25.16,22.83,17.55,6.79,0.1464,0.9347,146.54
2498,29.47,26.0,24.22,20.2,15.43,71.69,0.1834,0.8293,95.63
2499,34.84,18.05,20.95,20.54,13.58,17.32,0.1318,0.9168,98.97
2500,41.3,16.72,27.94,18.59,13.61,71.61,0.1894,0.8238,97.35
2501,46.95,44.29,24.68,18.33,14.38,17.69,0.1107,0.9296,138.18
2502,51.3,48.32,26.46,18.11,11.95,12.32,0.1908,0.8927,139.38
2503,31.51,14.03,15.1,19.47,15.66,83.72,0.1612,0.8446,80.88
2504,33.39,28.4,24.11,22.07,19.47,63.35,0.1861,0.8317,106.0
2505,30.16,40.48,28.21,17.97,18.75,7.81,0.1659,0.9216,124.94
2506,43.95,37.24,23.1,20.19,9.24,9.45,0.188,0.9042,120.9
2507,51.31,28.49,24.12,24.53,15.33,21.34,0.1754,0.8817,126.77
2508,38.74,33.84,26.18,24.36,8.41,58.87,0.1035,0.908,119.44
2509,40.47,51.11,24.96,15.9,17.55,89.46,0.1187,0.8839,132.57
2510,41.06,41.69,31.57,29.53,14.82,98.38,0.1434,0.8568,135.94
2511,36.25,45.34,27.68,22.54,21.22,27.27,0.1897,0.8623,131.97
2512,30.23,29.39,27.32,18.04,16.31,69.16,0.1991,0.8162,99.0
2513,48.48,21.04,26.62,12.53,12.17,85.58,0.1152,0.8884,107.35
2514,41.23,38.57,31.24,23.5,10.81,20.97,0.1948,0.8693,126.36
2515,35.61,48.21,27.17,21.68,15.2,47.63,0.1342,0.8868,131.13
2516,64.04,26.69,19.56,16.3,15.87,93.5,0.1215,0.88,125.36
2517,39.98,38.42,30.19,20.44,13.73,44.37,0.1105,0.9085,129.68
2518,26.3,34.96,21.14,14.4,14.41,60.98,0.1097,0.9017,100.28
2519,45.24,18.0,27.87,14.53,12.75,45.28,0.1934,0.8389,99.32
2520,25.27,32.86,19.21,18.81,15.58,56.48,0.1381,0.8785,98.15
2521,43.73,37.53,16.69,19.11,13.64,93.66,0.1954,0.8069,105.46
2522,43.52,29.06,23.63,25.97,13.38,7.9,0.1506,0.9285,125.87
2523,51.04,54.18,33.32,20.01,11.48,23.23,0.1389,0.9038,153.69
2524,31.98,21.26,20.01,18.18,20.12,49.74,0.178,0.8482,94.61
2525,37.65,82.75,19.55,17.07,12.38,24.53,0.1463,0.8971,151.96
2526,39.45,34.95,21.44,21.07,17.17,56.05,0.152,0.8666,116.19
2527,46.93,32.41,15.32,10.01,14.27,16.05,0.1878,0.8844,105.19
2528,43.47,50.47,31.62,20.44,15.97,75.64,0.1767,0.8335,135.02
2529,44.15,19.24,34.37,26.91,14.84,59.1,0.179,0.8408,117.3
2530,49.75,87.02,24.14,24.01,13.5,40.6,0.1638,0.8674,172.1
2531,38.22,26.64,21.19,28.41,14.4,74.89,0.1162,0.8908,114.79
2532,51.7,49.91,22.61,17.21,11.97,83.85,0.1113,0.8927,136.93
2533,39.29,35.03,19.93,21.84,20.18,97.41,0.1748,0.8258,112.54
2534,47.16,23.29,25.5,19.34,14.12,90.53,0.1741,0.8293,107.32
2535,36.04,52.6,29.43,24.88,16.87,96.12,0.1456,0.8553,136.69
2536,44.76,43.25,33.54,19.61,17.14,72.13,0.136,0.8732,138.23
2537,49.27,118.57,21.11,24.28,16.51,14.93,0.1899,0.8859,203.52
2538,31.34,40.86,20.52,16.1,16.52,2.48,0.1347,0.9635,120.78
2539,47.55,27.17,28.0,19.41,11.35,45.64,0.1262,0.8947,119.42
2540,41.43,16.67,23.67,18.77,9.9,70.34,0.1742,0.8386,92.62
2541,56.31,25.99,24.68,24.89,9.47,33.41,0.1158,0.911,128.76
2542,37.89,38.78,23.58,16.03,11.97,70.77,0.1648,0.8471,108.64
2543,42.35,30.14,26.38,18.13,16.41,25.01,0.1802,0.8725,116.39
2544,38.75,47.5,27.57,19.23,22.92,50.63,0.1706,0.8539,133.18
2545,45.3,40.46,24.96,12.49,20.62,47.92,0.1334,0.8873,127.63
2546,22.53,21.25,21.41,18.79,19.25,70.8,0.1666,0.8454,87.27
2547,28.72,29.72,30.19,20.34,11.7,66.5,0.1433,0.8689,104.86
2548,45.35,24.76,24.22,26.24,18.12,44.18,0.148,0.8775,121.7
2549,40.21,40.18,32.12,18.72,15.39,21.0,0.1725,0.8842,129.63
2550,23.97,41.59,19.77,19.45,10.89,75.41,0.1643,0.8453,97.77
2551,34.93,27.52,22.53,17.72,20.12,66.17,0.1291,0.8821,108.33
2552,36.86,18.16,18.03,18.05,13.35,8.06,0.1246,0.9404,98.23
2553,36.12,107.8,28.54,18.78,20.34,47.56,0.1869,0.8424,178.24
2554,47.45,39.82,27.08,19.6,16.91,59.37,0.1849,0.8354,126.03
2555,50.05,39.78,27.78,21.29,13.43,91.39,0.1402,0.8622,131.35
2556,22.1,16.54,23.17,22.42,10.85,78.58,0.1865,0.8228,78.22
2557,39.04,46.76,28.87,18.43,15.89,7.0,0.1489,0.9328,138.97
2558,40.91,53.56,27.78,20.82,18.67,86.55,0.185,0.8204,132.69
2559,28.15,40.07,22.28,18.17,15.34,34.18,0.1182,0.9086,112.68
2560,50.02,36.93,34.58,17.07,18.08,89.74,0.1765,0.8272,129.6
2561,42.97,36.96,25.16,24.82,14.98,38.85,0.1412,0.8871,128.52
2562,46.8,24.53,25.99,20.0,13.58,87.16,0.1501,0.854,111.8
2563,36.43,26.49,29.42,17.75,14.15,25.32,0.1553,0.8897,110.53
2564,33.77,31.92,21.22,21.05,16.39,48.09,0.1679,0.8581,106.7
2565,35.44,54.34,24.94,24.35,13.65,59.2,0.1106,0.9016,137.68
2566,39.12,38.95,21.58,17.72,13.41,50.01,0.1251,0.8932,116.8
2567,36.6,26.02,18.9,21.48,10.55,43.65,0.1721,0.858,97.42
2568,47.24,27.02,27.7,22.21,15.53,15.33,0.1,0.9393,131.22
2569,61.33,14.74,11.94,20.68,13.64,88.79,0.1377,0.8655,105.88
2570,44.66,41.9,17.32,19.97,10.99,51.5,0.1328,0.8858,119.45
2571,24.42,32.18,28.76,27.27,13.72,83.45,0.1495,0.856,108.16
2572,41.24,37.72,17.41,18.64,15.18,51.53,0.1983,0.8295,107.98
2573,30.5,117.66,21.98,19.75,16.09,50.25,0.1749,0.8505,175.17
2574,36.74,29.27,26.3,18.33,16.85,9.02,0.1958,0.902,114.99
2575,39.72,38.13,27.52,21.54,15.45,5.27,0.1231,0.9509,135.38
2576,37.93,27.19,27.55,13.64,12.52,46.21,0.1687,0.8588,102.04
2577,31.72,32.74,28.38,24.35,16.19,7.86,0.1716,0.9187,122.54
2578,44.18,23.71,19.68,14.74,12.63,51.42,0.1967,0.8309,95.5
2579,24.05,22.56,27.54,21.72,13.19,26.66,0.1996,0.8561,93.36
2580,43.09,17.01,22.63,17.67,12.91,64.89,0.1577,0.8565,97.05
2581,32.78,22.69,11.61,26.45,13.57,39.0,0.1368,0.8904,95.37
2582,42.23,38.42,33.21,21.17,17.59,32.75,0.1753,0.8661,132.18
2583,29.24,30.88,22.77,10.51,16.5,97.07,0.1341,0.8664,95.21
2584,41.85,32.05,25.0,19.09,16.94,57.52,0.118,0.8958,120.88
2585,51.02,29.23,20.97,21.74,18.5,12.91,0.161,0.908,128.44
2586,35.24,37.22,27.62,18.82,11.67,83.3,0.1711,0.8352,109.06
2587,35.07,36.32,22.91,15.92,15.06,85.94,0.1399,0.8643,108.29
2588,43.46,35.44,21.19,9.46,14.57,93.07,0.1999,0.8028,99.64
2589,41.69,30.72,37.6,27.74,15.97,1.66,0.1295,0.9725,149.5
2590,28.95,46.86,10.88,30.64,15.93,75.98,0.1234,0.8837,117.75
2591,48.86,15.69,22.35,15.84,10.41,76.92,0.1729,0.8365,94.64
2592,46.47,25.78,25.96,20.99,18.71,18.82,0.1015,0.9342,128.85
2593,50.26,25.44,19.0,18.13,13.4,49.47,0.1524,0.8702,109.84
2594,44.37,45.32,21.21,24.01,15.57,43.25,0.1383,0.8862,133.35
2595,55.1,28.21,26.2,18.84,16.27,12.05,0.1096,0.9389,135.78
2596,25.02,23.71,12.27,18.77,14.93,98.31,0.1371,0.8632,81.74
2597,52.19,37.51,32.37,14.7,11.6,74.2,0.1565,0.8532,126.58
2598,36.88,48.2,25.9,16.96,15.41,12.61,0.1541,0.9126,130.82
2599,35.65,47.04,25.72,23.52,14.9,56.4,0.199,0.825,121.14
2600,34.28,50.75,24.86,22.39,14.87,52.76,0.1216,0.8948,131.67
2601,44.07,36.7,22.02,19.47,14.31,49.6,0.1797,0.8469,115.67
2602,46.4,39.16,23.44,25.48,17.02,50.47,0.1866,0.8403,127.31
2603,36.27,31.55,25.51,14.94,19.85,4.31,0.1079,0.9608,123.1
2604,42.19,30.72,22.2,15.43,20.31,65.74,0.1015,0.9074,118.73
2605,62.11,23.71,23.07,19.32,17.27,84.86,0.1138,0.89,129.48
2606,34.64,46.18,27.04,23.97,17.02,79.84,0.1075,0.8975,133.6
2607,36.84,17.06,17.85,26.53,10.38,22.75,0.1914,0.8683,94.35
2608,51.36,20.75,27.8,10.44,15.41,37.38,0.1077,0.9147,115.03
2609,27.4,73.86,36.76,17.38,16.4,78.42,0.1494,0.8581,147.42
2610,41.96,33.42,35.07,25.08,8.77,65.47,0.1994,0.8183,118.08
2611,20.68,37.02,26.47,14.61,20.73,77.83,0.1384,0.8687,103.82
2612,28.96,21.55,18.75,11.28,14.75,82.41,0.1272,0.8778,83.65
2613,30.48,42.5,31.92,18.85,12.41,92.52,0.1907,0.8121,110.57
2614,32.99,60.65,24.05,24.67,11.9,13.03,0.1483,0.9149,141.14
2615,30.02,62.53,32.11,20.8,15.75,21.57,0.1753,0.8813,142.08
2616,41.61,19.08,21.18,24.96,16.25,97.03,0.1446,0.8561,105.37
2617,51.2,55.85,22.06,26.72,19.01,89.98,0.1488,0.8542,149.35
2618,56.31,35.14,27.41,24.86,12.38,54.61,0.1871,0.8368,130.62
2619,31.76,12.74,21.57,25.79,14.84,60.73,0.1906,0.8294,88.5
2620,45.83,18.9,34.39,13.68,14.48,18.2,0.1234,0.9208,117.2
2621,49.67,16.49,27.82,17.83,13.68,28.83,0.1566,0.8846,111.01
2622,40.97,44.53,33.87,16.2,12.76,38.23,0.1954,0.8443,125.22
2623,45.67,32.48,19.32,18.47,20.87,33.97,0.1933,0.8508,116.4
2624,43.68,26.98,20.64,23.95,17.63,76.65,0.1891,0.8213,109.14
2625,43.67,33.7,38.62,23.33,15.3,95.29,0.1885,0.813,125.71
2626,34.11,70.66,16.96,19.07,16.27,74.04,0.1949,0.8172,128.37
2627,24.05,31.11,31.8,24.98,17.91,86.73,0.1879,0.8175,106.14
2628,37.21,39.92,26.0,14.66,12.9,69.0,0.1584,0.8539,111.6
2629,33.87,45.04,22.88,29.17,12.21,9.68,0.1901,0.9022,129.17
2630,37.78,21.54,29.98,23.06,14.18,55.03,0.1489,0.8698,110.07
2631,47.69,43.87,33.13,26.29,17.82,40.05,0.1112,0.9103,153.66
2632,51.49,50.56,25.36,18.35,21.68,60.17,0.134,0.8803,147.39
2633,41.21,52.21,26.42,16.81,14.39,70.51,0.1258,0.8834,133.42
2634,30.53,33.01,25.84,25.85,11.66,96.26,0.1114,0.8893,112.85
2635,36.89,50.91,24.63,20.62,15.82,12.68,0.1641,0.9068,134.99
2636,33.82,42.6,16.67,17.82,14.65,90.51,0.1196,0.8827,110.83
2637,40.99,35.96,20.65,20.38,18.64,68.69,0.1186,0.8907,121.69
2638,36.27,50.48,31.22,18.72,15.33,52.41,0.1304,0.8873,134.9
2639,47.22,70.32,22.38,21.25,16.5,41.28,0.1243,0.899,159.72
2640,33.22,50.64,19.84,25.13,13.78,71.92,0.1551,0.8556,122.01
2641,57.47,33.97,23.22,20.18,15.64,34.58,0.1016,0.9212,138.63
2642,28.22,28.79,23.76,11.62,11.23,71.57,0.1442,0.8659,89.73
2643,42.45,43.22,17.85,16.73,14.08,74.11,0.1659,0.8444,113.42
2644,27.12,37.23,24.18,18.82,12.8,19.02,0.1188,0.9227,110.85
2645,48.38,54.84,25.46,19.45,15.7,31.04,0.115,0.9134,149.65
2646,40.38,23.93,21.41,12.0,14.25,24.21,0.1906,0.8664,97.01
2647,41.65,52.99,26.6,18.14,11.26,81.16,0.182,0.8258,124.39
2648,32.82,20.03,38.94,19.66,16.37,13.49,0.1256,0.9271,118.5
2649,48.69,32.63,23.45,17.11,16.16,7.47,0.1835,0.9149,126.27
2650,45.14,44.2,18.85,19.86,17.88,29.4,0.1886,0.8602,125.52
2651,35.64,33.46,30.27,25.15,14.32,36.65,0.1115,0.9122,126.64
2652,39.87,41.72,29.85,17.8,13.44,43.69,0.1752,0.8554,122.05
2653,32.88,60.92,30.76,13.01,12.62,68.6,0.1523,0.8596,129.11
2654,32.25,27.9,26.75,28.56,16.16,33.67,0.1727,0.867,114.12
2655,35.08,19.96,22.07,17.57,16.21,87.41,0.1712,0.8334,92.42
2656,37.81,22.23,25.78,18.97,13.48,81.02,0.1462,0.86,101.71
2657,40.01,33.78,22.14,20.13,14.48,40.0,0.1016,0.9181,119.85
2658,39.65,57.61,31.72,14.52,15.94,87.49,0.1666,0.8378,133.58
2659,33.08,30.87,30.0,20.96,14.92,77.0,0.1592,0.8494,110.28
2660,46.07,82.91,17.09,18.04,15.17,76.37,0.1488,0.8595,154.1
2661,48.72,21.05,22.78,20.94,19.24,76.5,0.1692,0.8402,111.52
2662,47.31,17.39,29.18,22.22,11.19,24.65,0.1565,0.8898,113.25
2663,45.65,38.44,18.87,24.75,14.0,12.62,0.1352,0.9233,130.85
2664,19.98,27.9,25.13,27.01,19.51,64.35,0.1794,0.8371,100.07
2665,32.01,25.9,16.21,19.15,15.81,58.39,0.174,0.8456,92.24
2666,28.09,35.3,22.99,17.74,12.48,66.68,0.1584,0.8551,99.71
2667,25.82,21.38,24.84,15.09,15.92,48.16,0.1516,0.8718,89.84
2668,49.15,43.53,19.13,22.24,15.94,11.87,0.1645,0.9087,136.3
2669,53.56,37.85,25.65,20.04,17.89,81.3,0.1612,0.8456,131.06
2670,40.06,30.33,27.63,19.32,17.44,96.98,0.1207,0.8798,118.59
2671,43.77,38.08,20.37,15.06,12.97,73.87,0.1162,0.8911,116.07
2672,37.13,75.21,28.61,17.31,15.36,40.4,0.1254,0.8986,156.01
2673,49.36,31.72,30.14,22.43,16.73,74.91,0.136,0.8721,131.15
2674,42.24,28.76,24.01,23.7,12.65,19.15,0.1859,0.8788,115.43
2675,35.83,45.79,16.09,20.98,15.17,98.75,0.1111,0.889,118.99
2676,44.5,26.84,21.79,20.31,10.01,70.61,0.167,0.8451,104.33
2677,38.55,42.43,26.38,25.1,15.48,67.94,0.1114,0.8976,132.79
2678,41.56,48.61,19.23,23.43,15.61,41.17,0.1374,0.8884,131.88
2679,45.55,61.26,24.2,23.41,13.7,78.67,0.1397,0.8671,145.78
2680,70.08,30.78,20.71,16.86,17.59,80.24,0.1717,0.8361,130.45
2681,54.29,20.64,24.92,28.84,18.09,61.58,0.1891,0.8301,121.84
2682,41.2,31.58,23.88,26.21,12.12,97.69,0.1639,0.8365,112.92
2683,32.48,37.56,24.77,21.7,18.29,53.76,0.1904,0.8345,112.49
2684,21.97,27.34,27.42,17.4,15.18,37.84,0.1378,0.8905,97.35
2685,50.27,36.9,23.62,16.35,12.64,18.17,0.1756,0.8874,124.04
2686,48.96,70.28,33.29,21.74,18.81,53.32,0.1574,0.8635,166.72
2687,34.98,27.86,32.04,21.07,15.3,16.59,0.1762,0.8903,116.84
2688,39.3,25.33,27.22,19.06,11.94,56.55,0.168,0.8522,104.68
2689,41.66,50.94,27.4,15.8,12.99,51.43,0.1351,0.8839,131.52
2690,44.75,21.32,22.23,21.44,15.32,73.77,0.1547,0.8551,106.93
2691,53.24,35.18,26.85,19.34,16.31,95.88,0.1978,0.8036,121.28
2692,29.58,28.38,27.7,14.06,18.13,50.77,0.1652,0.8585,101.17
2693,45.39,18.07,27.79,20.04,16.2,34.8,0.169,0.8687,110.76
2694,41.75,33.06,30.24,23.75,11.43,6.46,0.1225,0.9465,132.73
2695,35.92,27.23,27.02,21.42,13.29,13.87,0.1557,0.9087,113.47
2696,46.45,42.86,26.6,18.7,21.71,32.73,0.1261,0.9037,141.27
2697,39.11,37.91,31.36,26.83,20.79,48.84,0.1754,0.8511,132.78
2698,39.36,37.54,25.5,17.11,15.76,7.09,0.1735,0.9212,124.61
2699,42.51,23.95,21.99,21.5,17.27,83.28,0.1787,0.8279,105.33
2700,36.34,27.91,27.85,17.94,16.33,16.94,0.1002,0.9372,118.43
2701,45.24,38.7,28.3,20.32,19.06,34.88,0.1682,0.8692,131.79
2702,36.82,24.53,23.14,18.31,17.07,28.97,0.1178,0.913,109.43
2703,53.52,34.47,23.14,25.09,15.62,93.53,0.1012,0.9,136.65
2704,41.83,40.26,25.66,21.25,19.02,56.16,0.1813,0.8407,124.45
2705,34.64,47.22,31.38,20.99,16.27,16.12,0.1877,0.8842,133.08
2706,42.47,28.2,22.52,18.5,13.84,17.41,0.1856,0.8826,110.79
2707,47.92,29.92,18.06,19.38,17.33,99.87,0.1004,0.8994,119.27
2708,27.4,37.86,17.65,22.85,17.22,49.04,0.1029,0.9126,112.22
2709,50.14,26.11,18.51,22.92,13.67,58.02,0.1746,0.8454,111.03
2710,42.72,20.13,19.08,21.0,18.85,73.44,0.1887,0.8234,100.28
2711,39.76,40.32,22.36,22.92,16.84,66.64,0.1065,0.9025,128.33
2712,34.51,31.52,22.4,25.54,14.91,9.41,0.1722,0.9124,117.59
2713,42.78,43.37,27.48,22.3,16.27,24.27,0.1585,0.8888,135.27
2714,32.93,27.84,31.31,12.61,18.56,53.38,0.1419,0.8769,108.08
2715,24.09,36.24,29.43,20.93,15.38,53.67,0.1722,0.8504,107.21
2716,34.3,17.01,21.45,28.0,14.16,40.15,0.185,0.8506,97.74
2717,37.82,44.63,22.02,23.89,12.46,72.36,0.1772,0.8347,117.54
2718,44.91,28.24,37.4,20.01,8.29,32.56,0.1601,0.8778,121.88
2719,38.25,33.1,17.43,22.97,13.15,39.71,0.1164,0.9064,113.22
2720,30.84,32.93,29.57,18.82,13.44,97.1,0.1097,0.8908,111.88
2721,34.71,30.46,20.72,22.23,20.57,4.98,0.1338,0.948,122.0
2722,40.17,35.91,28.91,22.98,10.19,36.04,0.1346,0.8944,123.57
2723,45.16,35.19,30.92,25.97,14.29,41.16,0.146,0.8814,133.56
2724,46.51,38.21,25.98,13.59,10.6,22.13,0.131,0.9106,122.82
2725,29.1,21.16,30.38,15.41,13.5,63.41,0.145,0.8688,95.18
2726,40.41,47.65,41.59,18.41,22.75,29.59,0.1995,0.8518,145.49
2727,46.19,33.31,18.25,22.89,9.53,32.58,0.1395,0.8936,116.31
2728,33.02,40.11,30.37,24.01,14.17,1.95,0.1349,0.9684,137.19
2729,54.4,33.24,30.87,20.41,10.0,32.0,0.1469,0.8885,132.31
2730,36.04,22.85,17.84,12.32,15.98,93.05,0.1714,0.8309,87.27
2731,48.16,96.34,26.84,25.09,17.94,85.85,0.1869,0.8188,175.53
2732,45.53,36.81,24.25,21.6,10.03,61.18,0.1368,0.8773,121.26
2733,34.5,18.62,28.26,21.77,17.71,49.1,0.1759,0.8505,102.79
2734,40.13,33.74,26.19,10.63,19.04,35.67,0.1044,0.9183,119.13
2735,50.91,29.92,29.29,25.84,17.98,51.83,0.1592,0.8629,132.83
2736,35.7,32.8,20.66,19.3,15.93,1.76,0.1846,0.9593,119.33
2737,41.42,18.19,35.87,24.86,10.87,80.45,0.1181,0.8872,116.41
2738,27.95,35.42,26.09,23.2,20.09,22.36,0.1602,0.8904,118.21
2739,42.88,24.69,33.22,17.46,14.25,43.42,0.1961,0.8385,111.09
2740,36.76,63.16,27.36,21.64,13.41,89.64,0.1141,0.8883,144.21
2741,44.19,33.54,31.67,24.41,17.48,1.81,0.1867,0.9581,144.95
2742,33.24,46.66,25.21,13.1,14.39,37.85,0.1733,0.8623,114.34
2743,42.56,49.85,31.18,23.94,12.6,23.08,0.1321,0.9088,145.52
2744,37.2,41.84,20.08,14.77,13.92,98.66,0.1818,0.8183,104.59
2745,18.9,37.35,30.18,16.51,14.59,65.23,0.1706,0.8446,99.27
2746,40.7,54.3,21.42,15.45,19.11,83.81,0.1722,0.8339,125.91
2747,50.09,27.29,24.19,29.12,15.65,75.49,0.1854,0.8254,120.79
2748,31.23,47.21,19.64,20.79,18.42,9.19,0.1319,0.9335,128.17
2749,34.84,29.64,21.76,12.2,13.57,88.0,0.1908,0.814,91.18
2750,50.6,36.3,23.54,17.14,12.29,25.82,0.1211,0.9135,127.77
2751,44.45,21.57,28.07,17.22,18.11,70.64,0.1284,0.8809,114.01
2752,37.37,20.78,26.83,20.41,14.22,75.01,0.1377,0.8705,104.13
2753,42.37,33.96,23.14,17.04,14.64,96.17,0.1695,0.8315,109.06
2754,34.99,53.73,27.98,14.12,18.1,30.59,0.1075,0.9194,136.92
2755,59.77,32.27,27.43,25.56,12.41,82.57,0.1252,0.8797,138.5
2756,47.09,68.81,23.32,19.64,16.09,57.96,0.1426,0.8737,152.86
2757,53.67,41.03,23.07,19.29,14.59,92.3,0.1353,0.8667,131.43
2758,40.74,32.72,23.31,26.53,16.14,42.69,0.1951,0.84,117.12
2759,29.81,63.3,35.18,27.6,17.15,69.76,0.1159,0.8928,154.5
2760,44.03,59.08,21.84,19.71,21.08,19.55,0.1057,0.9306,154.24
2761,50.04,20.3,30.52,15.57,9.72,90.28,0.1433,0.8596,108.44
2762,50.38,34.47,21.25,20.02,13.31,97.85,0.1135,0.8868,123.66
2763,26.5,42.97,22.86,29.23,15.37,30.02,0.1511,0.8873,121.51
2764,41.69,46.69,27.41,16.52,14.49,90.42,0.1052,0.8969,131.67
2765,27.22,44.65,28.41,15.95,13.34,6.18,0.1922,0.9177,118.92
2766,35.31,32.77,26.7,20.93,9.44,81.73,0.1298,0.8756,109.58
2767,44.68,30.91,28.55,19.67,13.1,47.53,0.1325,0.8883,121.62
2768,50.65,33.56,28.24,21.16,15.93,96.99,0.148,0.8527,127.51
2769,41.78,25.93,28.15,20.86,17.62,26.77,0.1254,0.9095,122.18
2770,30.82,20.28,22.4,19.47,14.67,6.26,0.1262,0.9457,101.78
2771,44.79,43.05,23.45,17.94,16.08,53.75,0.1863,0.838,121.77
2772,33.19,44.07,25.03,18.47,15.01,72.93,0.1882,0.8241,111.89
2773,37.66,70.66,30.65,15.65,16.17,48.24,0.1057,0.9106,155.52
2774,40.72,27.64,28.44,19.07,11.26,45.51,0.1208,0.8992,114.32
2775,34.64,40.51,25.54,19.49,16.62,22.45,0.1521,0.8958,122.55
2776,45.09,31.61,25.91,18.69,13.3,50.49,0.1995,0.8293,111.63
2777,46.02,33.02,19.67,21.79,13.47,90.84,0.195,0.8086,108.33
2778,48.23,27.19,23.78,19.14,14.76,43.0,0.1743,0.8568,114.03
2779,51.4,35.68,22.52,20.65,14.44,74.31,0.1454,0.8635,124.95
2780,38.85,60.89,29.42,19.9,13.16,77.77,0.1883,0.8215,133.26
2781,30.18,29.46,26.05,20.35,18.33,58.2,0.1561,0.8617,107.17
2782,30.96,41.16,31.15,15.79,15.79,34.04,0.1127,0.913,123.11
2783,53.88,27.58,36.61,16.14,13.32,62.58,0.132,0.881,129.97
2784,52.92,19.49,29.18,24.45,13.64,51.7,0.1908,0.8358,116.75
2785,50.71,32.88,20.33,21.34,15.08,83.37,0.1978,0.8095,113.61
2786,35.32,75.26,24.04,15.87,13.84,27.27,0.1861,0.865,142.14
2787,53.5,25.26,16.85,12.84,12.43,20.07,0.1313,0.9131,110.38
2788,38.64,23.78,33.92,23.57,15.19,23.58,0.1872,0.8699,117.52
2789,42.74,24.66,36.46,22.64,14.89,28.53,0.1041,0.9235,130.57
2790,46.61,72.11,20.34,18.19,14.56,61.33,0.1769,0.8413,144.53
2791,50.09,54.46,22.95,20.35,19.11,56.96,0.1942,0.8288,138.38
2792,44.33,45.1,22.18,20.78,14.92,13.7,0.1266,0.9261,136.43
2793,51.0,60.16,20.78,16.4,12.25,97.21,0.1014,0.8989,144.37
2794,40.11,50.3,17.7,20.01,16.34,4.29,0.1809,0.9346,135.0
2795,38.38,33.52,29.26,19.62,11.3,70.5,0.1308,0.8787,116.05
2796,37.44,29.23,19.64,16.17,18.99,9.32,0.1155,0.9415,114.36
2797,30.81,52.82,24.99,20.81,14.32,10.8,0.1122,0.9398,135.1
2798,17.61,36.6,21.1,21.2,12.85,78.22,0.104,0.9013,98.56
2799,48.33,24.26,16.46,15.66,14.07,51.81,0.1945,0.8325,98.87
2800,38.13,43.16,21.89,23.47,16.16,33.6,0.169,0.87,124.24
2801,45.95,30.8,17.85,17.7,8.43,69.39,0.1411,0.8697,104.99
2802,44.79,54.58,25.02,17.31,14.63,84.94,0.1719,0.8338,130.33
2803,41.26,23.77,28.01,22.97,16.27,44.1,0.1709,0.8587,113.59
2804,47.56,43.93,27.9,22.82,18.87,31.89,0.182,0.862,138.83
2805,48.57,37.32,26.27,16.67,10.71,72.66,0.1267,0.8817,123.04
2806,32.39,37.65,28.24,21.75,9.02,64.31,0.1802,0.8365,107.95
2807,52.26,39.12,20.31,21.71,14.27,26.4,0.1122,0.9193,135.76
2808,46.91,32.41,23.43,18.4,16.19,50.41,0.1267,0.8916,122.47
2809,33.0,42.77,23.44,22.32,13.1,6.37,0.1917,0.9168,123.43
2810,34.81,39.17,17.72,12.42,14.9,17.25,0.1312,0.9173,109.18
2811,30.06,36.65,20.92,17.54,15.73,24.28,0.1913,0.8658,104.68
2812,45.02,56.71,19.47,23.45,17.32,25.29,0.1527,0.8916,144.41
2813,38.59,20.45,24.27,18.09,17.52,6.51,0.1347,0.9411,111.91
2814,20.06,44.26,27.85,15.73,11.85,96.38,0.1439,0.857,102.62
2815,35.57,38.24,22.87,9.3,12.9,47.55,0.1034,0.9128,108.51
2816,36.95,42.78,20.2,24.1,10.57,99.72,0.133,0.8668,116.67
2817,40.85,44.54,25.54,17.23,18.85,33.19,0.1113,0.9146,134.45
2818,27.69,45.57,22.86,13.84,12.7,46.1,0.1847,0.8455,103.71
2819,40.93,30.0,21.57,21.46,14.06,60.85,0.1876,0.832,106.52
2820,52.01,26.97,32.83,26.38,13.3,16.55,0.1798,0.8882,134.54
2821,41.5,42.27,30.26,20.31,18.04,94.44,0.1037,0.8974,136.73
2822,44.72,63.15,25.72,12.1,12.18,23.91,0.1088,0.924,145.88
2823,52.51,32.22,22.46,16.9,19.54,19.42,0.1407,0.9078,130.39
2824,39.24,23.34,22.77,23.97,10.59,15.2,0.1431,0.9135,109.54
2825,38.99,48.02,20.84,20.86,9.75,66.43,0.1966,0.8202,113.56
2826,42.76,25.07,21.42,14.69,12.88,34.66,0.1726,0.8661,101.18
2827,32.92,39.67,24.48,30.17,21.14,53.57,0.1539,0.8663,128.54
2828,34.44,23.44,12.62,17.71,9.28,45.64,0.1565,0.8694,84.77
2829,23.69,31.19,32.02,19.06,16.19,15.54,0.1686,0.8972,109.59
2830,58.31,34.83,26.99,18.7,14.84,76.06,0.1671,0.8424,129.44
2831,46.65,31.09,20.68,23.52,15.06,25.82,0.1986,0.8582,117.57
2832,32.42,38.42,32.19,19.08,20.35,10.03,0.1984,0.8966,127.72
2833,48.19,39.78,28.16,12.53,13.24,38.47,0.1893,0.8489,120.46
2834,33.54,28.53,28.87,12.56,16.31,94.15,0.1715,0.8303,99.47
2835,40.54,28.09,23.28,17.64,15.03,36.1,0.1557,0.8779,109.37
2836,40.5,58.01,27.63,20.81,13.43,66.32,0.1103,0.8991,144.21
2837,36.43,31.83,16.63,17.93,13.08,78.11,0.1995,0.8107,93.97
2838,33.5,39.4,26.57,22.42,15.93,73.5,0.1805,0.8311,114.55
2839,49.67,20.22,23.25,25.75,13.9,58.35,0.1769,0.8431,111.95
2840,40.68,71.8,29.77,14.99,13.95,13.9,0.1566,0.9081,155.46
2841,53.46,42.01,23.1,20.82,12.01,95.75,0.112,0.8888,134.56
2842,31.67,15.58,22.21,17.99,13.08,78.74,0.1116,0.8939,89.87
2843,36.22,23.36,30.9,16.92,16.49,97.19,0.1535,0.8471,104.94
2844,39.63,26.25,30.58,17.84,13.37,52.5,0.1462,0.8737,111.55
2845,48.83,69.37,28.91,22.82,16.54,23.73,0.1698,0.8817,164.41
2846,33.69,96.07,27.22,20.34,17.41,91.41,0.1864,0.8168,159.05
2847,44.57,43.29,28.43,17.92,16.76,24.42,0.1017,0.9285,140.19
2848,42.74,54.25,23.78,27.63,18.48,9.29,0.1588,0.9196,153.48
2849,51.43,57.67,20.66,18.56,17.96,3.81,0.1452,0.9505,158.05
2850,43.98,22.53,26.63,21.39,17.66,2.98,0.1191,0.9643,127.47
2851,25.63,34.0,16.37,19.62,14.21,24.71,0.1298,0.9085,99.78
2852,31.89,33.8,31.65,13.86,8.63,22.13,0.1934,0.8681,104.02
2853,32.29,60.84,24.52,18.78,11.12,91.36,0.1735,0.8295,122.39
2854,36.38,80.96,24.19,17.69,14.45,36.5,0.1909,0.8497,147.57
2855,50.6,84.94,20.32,18.25,16.36,5.58,0.1337,0.9453,180.05
2856,37.88,42.73,31.55,28.02,17.94,79.4,0.128,0.8781,138.84
2857,40.28,40.85,28.55,17.51,13.04,72.2,0.126,0.8826,123.76
2858,38.2,29.31,26.26,20.35,17.08,19.73,0.1523,0.8997,118.05
2859,44.31,35.85,27.75,23.28,15.1,45.07,0.165,0.8627,126.21
2860,34.23,53.61,25.55,16.93,15.55,35.96,0.1741,0.8635,125.96
2861,38.64,51.25,29.17,15.98,16.78,77.83,0.1139,0.892,135.42
2862,38.54,43.63,23.26,21.12,17.71,59.28,0.1251,0.8887,128.2
2863,39.43,24.97,25.11,20.12,12.98,19.38,0.1358,0.9111,111.71
2864,35.47,75.92,27.74,22.02,13.96,79.02,0.1031,0.9019,157.94
2865,29.32,42.28,17.98,13.39,20.45,58.46,0.1718,0.8476,104.61
2866,47.46,37.93,18.57,26.5,9.7,83.3,0.115,0.8892,124.64
2867,39.07,50.14,34.2,20.24,19.26,88.11,0.1396,0.8639,140.75
2868,49.03,27.13,20.66,24.1,13.38,84.36,0.1961,0.8106,108.87
2869,43.84,26.1,32.64,29.69,15.93,16.77,0.168,0.895,132.65
2870,44.12,30.22,23.22,19.45,18.04,90.12,0.1606,0.8426,113.78
2871,49.05,23.38,19.51,16.5,20.61,14.16,0.1068,0.937,120.9
2872,60.78,36.68,30.98,18.5,14.65,18.53,0.1071,0.9309,150.42
2873,50.43,15.51,28.04,19.29,20.72,83.98,0.1642,0.8416,112.78
2874,47.09,28.91,28.61,20.68,11.35,81.08,0.1316,0.8741,119.43
2875,42.34,15.93,19.07,25.14,11.03,40.85,0.1297,0.8948,101.57
2876,50.07,31.57,27.23,20.03,15.18,18.3,0.1336,0.9141,131.71
2877,34.03,32.13,9.8,25.09,10.55,22.32,0.1644,0.8876,99.05
2878,44.68,55.94,26.99,24.68,13.1,97.43,0.1153,0.8851,146.37
2879,50.22,39.25,20.53,20.59,13.12,7.88,0.1947,0.9077,130.44
2880,47.62,25.65,32.15,13.76,16.52,37.4,0.1957,0.845,114.66
2881,39.39,29.98,29.68,23.57,15.53,63.75,0.1699,0.8461,116.89
2882,43.64,62.07,25.92,22.79,14.33,77.63,0.1959,0.8144,137.42
2883,37.37,22.63,30.4,19.1,17.07,68.42,0.1363,0.8745,110.69
2884,33.85,82.3,36.98,15.86,14.29,36.56,0.1185,0.9067,166.18
2885,51.61,41.41,24.75,19.74,20.24,24.19,0.1182,0.9172,144.67
2886,36.53,20.84,26.72,21.98,15.19,76.57,0.1536,0.8549,103.66
2887,36.46,23.12,18.77,15.14,19.37,43.02,0.1187,0.9024,101.86
2888,36.63,48.81,20.67,15.21,15.81,12.45,0.1184,0.9332,127.97
2889,34.43,47.02,20.42,32.44,16.61,97.6,0.1867,0.8138,122.84
2890,34.2,41.57,25.26,15.43,5.6,78.03,0.1355,0.8714,106.37
2891,26.2,36.66,26.88,17.17,13.32,63.5,0.1709,0.8453,101.63
2892,27.58,33.57,21.62,26.46,15.65,33.83,0.1924,0.8517,106.36
2893,38.46,25.63,26.43,16.12,13.33,82.42,0.1281,0.8769,105.2
2894,43.65,40.89,30.0,15.87,16.27,24.62,0.1468,0.8966,131.51
2895,26.59,66.85,25.9,23.75,10.13,5.54,0.1668,0.932,142.81
2896,41.46,34.58,30.46,12.58,13.05,38.96,0.1194,0.9044,119.5
2897,50.26,38.87,16.23,17.93,10.59,69.78,0.16,0.852,114.09
2898,36.23,52.76,17.1,22.65,14.89,94.48,0.1983,0.8037,115.43
2899,32.09,28.42,28.17,26.06,17.38,26.82,0.1973,0.8575,113.29
2900,39.52,41.27,26.23,22.03,19.52,8.59,0.1655,0.9188,136.5
2901,44.15,48.19,25.41,21.87,19.24,24.64,0.1402,0.9012,143.18
2902,35.53,26.09,25.58,20.62,17.51,74.63,0.1221,0.8853,110.95
2903,47.62,20.82,19.34,25.22,15.98,52.23,0.1849,0.8404,108.4
2904,43.75,31.97,16.47,25.21,10.77,70.59,0.1666,0.8454,108.36
2905,53.85,49.27,29.66,21.76,20.89,98.19,0.1806,0.8197,143.81
2906,26.55,19.45,30.49,20.71,17.18,51.18,0.1889,0.8378,95.83
2907,28.71,38.56,21.58,16.12,15.74,9.81,0.1967,0.8983,108.43
2908,36.65,32.49,14.42,16.87,15.52,87.42,0.1114,0.8916,103.38
2909,29.29,32.0,24.32,12.33,18.89,12.42,0.1422,0.9198,107.46
2910,52.59,39.49,21.61,19.2,11.39,40.87,0.1605,0.8698,125.5
2911,41.86,17.76,29.16,15.5,13.79,98.49,0.1113,0.8888,104.94
2912,37.36,56.36,20.21,16.78,8.27,36.48,0.1106,0.9129,126.89
2913,52.43,24.51,28.57,24.77,11.41,50.97,0.1002,0.914,129.5
2914,42.34,40.47,25.53,23.48,20.64,97.68,0.1653,0.8352,127.34
2915,38.33,46.36,31.52,17.47,15.47,53.13,0.1621,0.8595,128.2
2916,33.75,62.79,27.79,18.41,12.48,94.38,0.144,0.8575,133.09
2917,44.45,34.52,23.04,28.89,15.11,33.15,0.1202,0.9078,132.55
2918,44.18,19.5,26.87,16.63,18.06,11.0,0.1308,0.9294,116.4
2919,45.45,18.52,25.05,22.8,15.49,35.03,0.1644,0.872,111.02
2920,46.45,58.28,17.38,26.18,17.53,89.07,0.144,0.8592,142.48
2921,51.6,27.98,28.06,20.93,11.35,34.51,0.1972,0.8471,118.54
2922,33.38,30.09,24.77,21.64,18.37,79.54,0.166,0.8418,107.97
2923,57.89,22.28,14.36,13.21,20.44,32.29,0.1504,0.8855,113.51
2924,54.4,30.01,17.8,18.37,10.83,99.38,0.1039,0.896,117.75
2925,53.74,70.31,22.18,20.73,16.98,23.29,0.1683,0.8834,162.5
2926,38.35,35.46,29.38,25.77,17.69,3.23,0.1569,0.9508,139.44
2927,34.29,25.34,21.82,17.8,16.25,80.25,0.1633,0.8441,97.48
2928,40.84,53.24,28.74,20.59,15.43,48.8,0.1391,0.882,140.1
2929,42.27,12.91,28.96,24.99,11.19,79.08,0.1525,0.8548,102.86
2930,46.86,34.87,24.09,24.31,14.14,57.44,0.1923,0.8301,119.77
2931,38.69,30.35,28.82,21.64,15.41,44.04,0.1216,0.8994,121.34
2932,47.37,31.35,24.76,17.58,22.58,53.33,0.121,0.895,128.55
2933,37.22,19.7,21.28,22.14,11.43,68.11,0.1027,0.9056,101.21
2934,40.38,33.01,23.9,20.61,18.64,43.97,0.1325,0.8905,121.59
2935,45.78,29.83,21.1,15.17,16.71,72.95,0.1839,0.8281,106.49
2936,40.97,23.88,29.07,19.17,9.46,14.88,0.1256,0.9246,113.31
2937,34.59,29.79,27.37,22.21,17.19,68.49,0.1842,0.8303,108.9
2938,32.78,16.12,32.73,26.05,14.14,63.72,0.1564,0.8584,104.58
2939,48.52,83.57,24.69,16.94,18.75,86.7,0.1183,0.8851,170.36
2940,43.97,8.89,26.98,23.44,14.81,31.25,0.113,0.9148,108.02
2941,51.1,32.99,26.54,17.62,18.09,27.73,0.1685,0.8771,128.35
2942,49.16,32.76,27.71,19.77,11.88,68.49,0.1229,0.8868,125.28
2943,37.75,27.87,27.24,18.39,15.7,20.27,0.1929,0.8719,110.69
2944,48.05,31.81,21.26,27.75,15.88,93.77,0.1813,0.8208,118.82
2945,42.82,45.13,25.71,22.59,13.03,71.63,0.182,0.8307,124.0
2946,39.09,21.16,25.2,23.21,14.31,71.9,0.1049,0.9023,110.97
2947,61.2,17.21,36.09,17.19,13.91,91.76,0.1242,0.8779,127.81
2948,58.77,28.28,16.42,22.12,18.05,56.18,0.1421,0.8751,125.71
2949,45.2,11.79,28.97,15.23,14.39,95.03,0.1245,0.8766,101.33
2950,33.2,24.65,32.71,9.86,15.12,28.39,0.1326,0.9026,104.29
2951,36.17,28.19,20.46,18.2,18.33,36.58,0.1145,0.9099,110.43
2952,35.66,36.31,35.86,25.43,16.6,78.87,0.1122,0.8932,133.86
2953,46.51,58.66,25.96,18.36,15.51,60.42,0.1367,0.8778,144.84
2954,43.07,39.43,24.07,22.67,12.17,56.7,0.1914,0.8315,117.57
2955,37.5,40.15,25.59,30.51,14.85,50.13,0.188,0.8393,124.72
2956,56.53,26.17,26.06,19.65,16.58,62.17,0.1537,0.8616,124.94
2957,36.56,27.42,26.34,27.09,20.19,49.24,0.1696,0.8558,117.76
2958,54.91,27.68,19.23,11.57,8.09,85.05,0.1326,0.8718,105.89
2959,49.37,33.25,27.39,17.66,13.83,49.29,0.1145,0.9026,127.72
2960,45.15,29.31,16.49,21.98,13.36,15.15,0.106,0.936,118.2
2961,33.77,39.82,22.99,19.46,12.69,26.11,0.1449,0.8961,115.36
2962,52.83,44.84,23.37,22.23,9.84,90.69,0.1476,0.8552,130.94
2963,55.78,58.38,25.37,16.05,17.76,68.9,0.1429,0.8682,150.5
2964,41.89,39.08,24.71,28.24,17.12,18.58,0.1542,0.9004,135.99
2965,49.98,39.82,26.43,26.16,16.91,49.03,0.1521,0.8708,138.73
2966,40.79,55.62,18.39,22.72,14.32,63.41,0.17,0.8463,128.5
2967,52.04,46.69,25.21,15.98,13.42,53.43,0.1854,0.8391,128.67
2968,32.41,30.32,20.59,20.07,12.11,98.9,0.1871,0.8129,93.89
2969,47.91,23.06,26.61,24.23,16.24,51.88,0.1302,0.8878,122.58
2970,19.85,28.9,33.82,17.68,12.41,92.93,0.1629,0.8393,94.57
2971,30.64,25.13,25.58,26.1,17.06,84.48,0.1965,0.8102,100.89
2972,31.52,36.69,32.88,21.65,11.8,60.2,0.1557,0.8609,115.83
2973,40.11,42.55,26.33,19.39,19.6,39.4,0.1638,0.8684,128.51
2974,32.93,29.75,21.78,23.88,14.7,99.74,0.1823,0.8174,100.57
2975,32.99,30.23,26.18,16.78,13.69,10.27,0.1129,0.9406,112.75
2976,38.57,12.12,14.78,18.78,13.44,84.46,0.1173,0.8867,86.63
2977,38.98,27.87,26.28,17.8,18.59,63.03,0.1902,0.8282,107.26
2978,30.77,122.75,31.38,13.56,16.24,58.52,0.1945,0.8274,177.66
2979,29.26,54.83,20.03,11.68,21.13,99.45,0.1243,0.8756,119.89
2980,33.19,59.61,30.45,16.43,18.26,32.22,0.1079,0.9179,144.98
2981,48.02,42.52,20.5,17.08,12.43,3.95,0.1803,0.9374,131.75
2982,61.1,50.71,24.33,22.63,14.74,75.16,0.123,0.8843,153.44
2983,51.68,30.5,19.72,18.54,15.47,10.22,0.1667,0.9125,124.02
2984,37.14,25.29,25.08,22.55,15.58,30.82,0.1143,0.9141,114.85
2985,43.33,63.44,39.9,13.5,19.03,99.81,0.138,0.8617,154.43
2986,39.99,22.62,22.1,21.34,14.03,36.9,0.1487,0.8826,105.97
2987,38.86,42.59,24.23,14.16,12.46,48.03,0.1359,0.8852,117.09
2988,40.88,71.4,25.12,18.04,16.93,31.39,0.1621,0.8776,151.26
2989,42.22,51.52,24.33,23.84,16.53,96.16,0.1857,0.8154,129.2
2990,26.03,31.58,30.72,18.67,13.23,27.87,0.1564,0.8858,106.5
2991,35.05,58.36,21.9,15.76,9.6,64.4,0.1551,0.8592,120.86
2992,39.66,38.17,26.65,25.0,21.03,8.16,0.1496,0.928,139.68
2993,59.07,33.18,23.07,23.59,19.24,6.54,0.196,0.914,144.55
2994,45.1,47.07,33.05,25.82,12.48,3.62,0.102,0.9661,157.98
2995,48.82,24.61,26.3,15.02,14.58,88.37,0.1107,0.892,115.35
2996,39.12,19.68,25.73,12.86,14.92,8.09,0.1419,0.932,104.66
2997,51.51,31.87,28.62,26.04,16.83,34.69,0.184,0.8571,132.75
2998,42.27,26.95,32.28,14.82,14.15,49.2,0.1931,0.8358,109.05
2999,46.61,19.55,30.12,19.97,13.77,40.15,0.1947,0.8429,109.58
3000,41.4,35.44,29.41,19.53,14.65,29.54,0.1237,0.9082,127.53
3001,44.42,28.18,31.31,17.36,12.21,78.47,0.142,0.8651,115.47
3002,36.19,23.91,25.04,15.08,17.86,92.38,0.1668,0.8357,98.68
3003,54.64,34.77,35.33,18.54,16.85,73.61,0.1847,0.827,132.44
3004,36.15,23.96,29.25,23.71,12.03,6.52,0.1671,0.9268,115.93
3005,32.41,55.68,27.87,17.71,16.01,63.47,0.1901,0.828,123.94
3006,41.28,71.32,24.51,15.08,13.08,49.07,0.1213,0.8969,148.24
3007,54.98,46.34,17.56,20.35,15.42,98.26,0.1551,0.8452,130.71
3008,34.53,29.5,25.39,11.93,9.01,63.28,0.1497,0.8647,95.42
3009,38.55,41.24,20.71,21.2,14.28,16.28,0.1857,0.8851,120.35
3010,42.05,26.78,22.79,22.44,18.92,12.8,0.1123,0.936,124.48
3011,29.41,45.69,25.67,18.16,11.8,14.99,0.1596,0.9039,118.17
3012,29.0,46.72,31.79,23.24,13.93,29.12,0.1676,0.8761,126.75
3013,49.0,47.95,24.42,19.68,18.77,78.22,0.1157,0.8902,142.28
3014,40.6,30.2,20.14,18.92,20.13,65.4,0.1762,0.8395,109.12
3015,31.52,46.45,17.83,15.87,17.3,54.8,0.1612,0.8592,110.8
3016,37.49,42.61,19.64,23.82,19.67,65.9,0.118,0.8923,127.8
3017,35.53,38.89,35.75,18.09,18.51,79.84,0.1905,0.8183,120.11
3018,40.06,36.28,22.18,18.95,9.87,14.51,0.1848,0.89,113.34
3019,41.57,22.79,16.09,22.7,16.69,73.61,0.1046,0.9021,108.11
3020,22.81,41.34,26.5,16.62,15.72,77.77,0.1208,0.8855,108.91
3021,50.67,31.29,22.0,16.96,11.9,96.53,0.1381,0.8626,114.57
3022,40.59,20.95,24.92,20.05,9.89,92.41,0.1535,0.8488,98.8
3023,34.89,26.38,29.42,13.59,17.48,90.79,0.1557,0.8472,103.16
3024,47.07,41.59,31.17,21.5,14.65,76.11,0.1144,0.8921,139.15
3025,31.72,28.86,24.53,19.87,15.41,15.65,0.1111,0.9321,112.22
3026,37.49,27.83,26.71,13.33,16.88,72.65,0.1933,0.8196,100.18
3027,30.27,15.24,31.6,11.37,20.14,51.04,0.1738,0.8509,92.41
3028,45.96,54.15,21.13,17.8,13.08,33.09,0.1123,0.9139,139.02
3029,49.55,22.52,18.69,18.38,13.93,28.87,0.1888,0.8607,105.93
3030,43.07,35.84,27.47,25.0,14.04,62.81,0.1258,0.8864,128.91
3031,38.49,29.01,19.87,28.41,13.02,39.07,0.1384,0.8891,114.51
3032,29.79,38.92,22.83,16.61,20.56,47.16,0.1642,0.8619,110.94
3033,36.34,38.66,25.03,16.59,17.94,26.26,0.1648,0.8817,118.64
3034,41.85,32.25,26.03,25.71,16.96,39.78,0.1509,0.8785,125.45
3035,35.4,39.13,23.56,21.5,16.74,47.95,0.1133,0.9043,123.29
3036,36.36,35.27,29.98,34.19,14.69,43.52,0.1307,0.8922,134.28
3037,31.02,20.21,24.62,19.14,8.08,21.99,0.1481,0.8992,92.68
3038,34.05,56.71,16.83,23.94,21.47,16.28,0.1914,0.8815,134.88
3039,28.27,64.28,26.15,29.43,14.11,96.9,0.1352,0.8654,140.4
3040,42.21,24.62,25.75,15.08,17.6,15.45,0.1798,0.8907,111.57
3041,40.4,18.84,23.54,16.15,18.09,15.33,0.1009,0.9388,109.85
3042,40.76,57.77,23.8,21.68,14.64,92.98,0.1316,0.8702,138.06
3043,37.12,22.79,22.52,19.81,21.49,39.29,0.1251,0.8996,111.3
3044,35.27,58.74,20.73,20.63,18.36,5.4,0.186,0.925,142.21
3045,37.62,55.77,32.53,16.95,12.95,43.07,0.1203,0.9011,140.4
3046,36.59,32.86,28.13,19.87,17.81,71.37,0.1897,0.8237,111.4
3047,41.23,32.62,28.39,18.54,18.63,61.19,0.1526,0.8631,120.33
3048,54.66,23.52,23.9,22.16,15.02,59.97,0.1823,0.8373,116.61
3049,38.49,35.93,20.54,23.75,17.06,99.79,0.1348,0.8649,117.44
3050,35.26,42.59,9.85,13.99,14.55,43.36,0.1312,0.892,103.68
3051,38.01,40.45,30.72,25.07,13.71,20.63,0.1116,0.9255,136.93
3052,36.06,44.71,35.32,20.11,15.52,40.95,0.1631,0.8676,131.64
3053,36.03,53.48,18.23,23.79,15.53,75.11,0.1157,0.8912,131.06
3054,35.33,34.34,15.16,19.3,14.37,56.33,0.1651,0.8548,101.3
3055,45.48,108.16,28.27,24.35,8.83,49.56,0.1067,0.9091,195.55
3056,45.38,41.88,33.96,23.5,19.79,41.32,0.1146,0.9068,149.18
3057,47.22,41.04,21.24,21.65,18.98,97.32,0.1959,0.8048,120.83
3058,48.91,40.92,34.78,20.18,12.6,66.68,0.1737,0.841,132.37
3059,37.08,41.15,27.46,22.07,14.2,73.94,0.1113,0.8957,127.16
3060,27.46,41.06,12.53,27.72,12.13,52.37,0.1389,0.88,106.39
3061,55.76,53.18,30.77,24.42,10.37,54.83,0.1137,0.9007,157.17
3062,21.94,12.85,23.76,22.63,12.01,30.05,0.1483,0.8894,82.88
3063,37.27,31.75,24.35,17.8,15.41,22.83,0.1937,0.8666,109.7
3064,28.59,18.11,23.65,17.52,16.24,73.8,0.133,0.8754,91.12
3065,43.22,60.4,25.41,17.03,12.22,6.81,0.1767,0.9212,145.81
3066,32.35,19.92,20.73,15.06,14.23,97.27,0.1119,0.8885,90.88
3067,49.05,25.51,19.16,23.38,15.92,87.73,0.1343,0.8692,115.62
3068,41.86,26.82,28.02,20.54,13.16,80.02,0.129,0.8769,114.35
3069,52.09,21.55,18.89,21.41,16.56,66.88,0.1187,0.8913,116.32
3070,40.81,30.99,19.65,13.52,12.21,65.5,0.1285,0.8828,103.45
3071,49.27,15.13,15.09,16.97,21.16,74.68,0.1789,0.8319,97.85
3072,31.32,64.45,29.69,19.49,13.24,91.6,0.1555,0.8471,133.99
3073,47.88,41.44,36.88,15.27,14.1,52.3,0.1751,0.8488,132.05
3074,38.92,25.81,18.31,15.33,11.86,17.69,0.1451,0.9078,100.06
3075,41.9,44.02,21.35,16.15,8.91,9.55,0.134,0.9315,123.26
3076,47.42,39.85,24.94,22.03,16.24,53.22,0.1808,0.8432,126.88
3077,43.09,24.01,29.11,9.89,11.35,65.47,0.1691,0.8459,99.36
3078,33.68,46.43,24.64,19.32,15.71,87.56,0.1489,0.855,119.51
3079,36.08,32.15,33.23,26.08,13.32,90.6,0.1817,0.8217,115.75
3080,31.54,55.08,21.26,24.25,18.69,71.13,0.1096,0.8981,135.45
3081,45.72,28.82,25.02,24.5,14.91,90.89,0.1158,0.8863,123.18
3082,37.23,20.38,25.19,18.6,10.4,91.45,0.1707,0.8322,93.05
3083,36.41,51.72,16.23,27.79,15.41,30.19,0.1457,0.8912,131.5
3084,41.62,31.92,24.37,17.72,22.53,38.26,0.191,0.8478,117.13
3085,38.1,34.66,26.55,21.8,14.42,83.36,0.1716,0.8347,113.14
3086,49.35,38.93,17.46,22.11,13.5,98.77,0.1003,0.8998,127.19
3087,46.28,23.63,21.28,15.61,16.88,14.03,0.1808,0.8936,110.52
3088,45.78,31.14,34.09,12.14,13.2,84.78,0.1549,0.8503,115.94
3089,36.68,28.26,21.25,23.53,15.21,26.0,0.1651,0.8818,110.17
3090,45.68,29.89,25.63,16.31,15.59,60.15,0.1958,0.8251,109.82
3091,44.03,57.7,23.48,19.63,11.98,49.54,0.1946,0.8342,130.82
3092,30.27,25.66,21.9,21.6,17.52,67.62,0.1384,0.8729,102.08
3093,38.03,25.16,19.01,19.91,18.35,89.38,0.1337,0.8692,104.71
3094,38.63,61.25,26.82,22.71,12.71,41.54,0.1278,0.8959,145.24
3095,51.96,23.6,20.34,21.86,17.28,72.7,0.1548,0.8555,115.53
3096,36.64,35.91,22.94,22.16,17.58,54.68,0.1519,0.8674,117.3
3097,43.86,46.03,31.15,21.49,14.97,54.11,0.1764,0.8464,133.31
3098,50.41,45.91,20.57,14.18,19.49,89.04,0.1579,0.8457,127.33
3099,32.62,19.95,30.73,20.11,19.93,79.44,0.1747,0.8336,102.82
3100,42.24,26.29,22.72,21.92,13.3,38.48,0.1136,0.9093,115.0
3101,56.26,17.42,23.96,29.17,16.41,47.86,0.1496,0.8736,125.12
3102,27.45,48.84,27.31,21.62,16.59,14.65,0.1402,0.9162,129.94
3103,35.15,53.24,17.95,19.3,17.69,3.48,0.1277,0.9585,137.37
3104,42.18,52.36,28.61,22.69,16.62,42.41,0.1789,0.8535,138.66
3105,42.91,34.65,20.02,17.29,17.86,53.09,0.1857,0.8391,111.38
3106,41.26,31.9,25.9,25.66,16.03,54.46,0.1406,0.8774,123.5
3107,44.37,27.95,19.14,19.66,22.12,99.09,0.1671,0.8328,110.96
3108,50.09,19.04,26.83,19.07,15.12,33.83,0.1186,0.9086,118.25
3109,40.43,43.09,18.03,14.24,12.31,56.96,0.1566,0.8619,110.42
3110,39.41,23.74,22.18,18.13,17.66,52.61,0.1388,0.88,106.59
3111,44.76,15.44,22.25,19.67,14.22,57.84,0.1599,0.8585,99.88
3112,55.92,59.22,27.55,26.91,13.56,83.33,0.1019,0.9019,165.2
3113,44.8,27.34,32.21,18.4,15.01,16.36,0.1394,0.9136,125.86
3114,48.31,38.58,22.68,19.7,16.26,38.4,0.1524,0.8784,127.84
3115,27.41,33.03,23.25,22.78,13.14,55.51,0.1974,0.8271,98.94
3116,38.56,55.06,21.39,16.68,17.34,7.24,0.1981,0.9093,135.51
3117,30.29,19.43,32.81,18.08,13.67,35.69,0.1505,0.8823,100.82
3118,40.12,47.49,23.6,25.17,17.5,38.77,0.1179,0.9057,139.37
3119,51.42,34.35,27.33,13.96,15.2,15.57,0.1304,0.9205,130.95
3120,29.67,41.98,26.88,17.24,16.27,95.03,0.1356,0.8656,114.29
3121,53.9,29.77,20.94,21.47,11.62,33.52,0.1225,0.9058,124.73
3122,39.96,30.15,27.72,21.57,10.3,64.07,0.1746,0.8417,109.18
3123,47.14,50.55,31.19,30.53,16.59,91.22,0.1055,0.8963,157.76
3124,48.23,25.94,22.77,20.67,21.1,48.12,0.1452,0.8772,121.67
3125,55.96,28.35,29.79,17.62,12.92,10.07,0.1933,0.8991,130.04
3126,44.65,31.77,26.42,18.3,20.54,47.18,0.1772,0.8509,120.55
3127,33.03,19.61,19.06,24.51,16.51,26.11,0.1233,0.9117,102.76
3128,48.1,31.43,32.74,17.26,13.72,70.87,0.1059,0.9017,129.17
3129,18.64,32.22,28.77,19.22,14.15,38.85,0.1775,0.858,96.95
3130,32.74,46.06,18.61,23.67,16.51,84.99,0.1123,0.8914,122.65
3131,35.36,28.35,20.31,18.77,19.69,68.39,0.1003,0.9076,111.16
3132,23.17,16.47,31.45,22.37,16.63,91.11,0.1041,0.8977,98.83
3133,53.47,35.44,20.08,13.9,15.06,39.38,0.1618,0.8701,120.02
3134,50.63,28.93,18.3,16.0,16.28,78.9,0.1129,0.8926,116.16
3135,43.61,21.77,17.15,17.8,12.08,81.81,0.1205,0.8844,99.42
3136,47.84,39.83,21.66,14.25,13.17,6.76,0.104,0.9537,130.41
3137,42.93,40.45,28.53,15.49,16.08,19.63,0.1542,0.8987,128.94
3138,46.91,44.68,26.26,17.42,15.73,74.09,0.1085,0.8982,135.63
3139,50.1,40.7,18.67,28.47,14.99,59.89,0.1233,0.89,136.1
3140,28.43,46.97,23.57,21.58,15.67,16.39,0.1479,0.9083,123.72
3141,47.32,40.02,28.13,23.31,14.51,74.72,0.1019,0.9042,138.61
3142,49.03,78.6,20.7,22.71,11.73,80.92,0.1514,0.8551,156.29
3143,35.28,63.09,24.11,10.9,12.36,52.37,0.1164,0.8994,131.08
3144,38.15,38.48,33.63,20.51,16.91,97.28,0.1605,0.8401,124.07
3145,33.8,17.55,25.33,17.91,20.06,33.25,0.1258,0.9035,103.58
3146,42.49,73.95,33.06,13.67,16.39,76.46,0.1816,0.8285,148.76
3147,43.13,31.45,21.08,21.82,12.36,97.14,0.1684,0.8323,108.07
3148,41.57,44.97,22.88,12.65,18.17,8.95,0.1561,0.9221,129.3
3149,33.87,42.28,31.29,19.93,15.22,67.94,0.1638,0.8495,121.13
3150,50.97,33.4,25.3,18.79,17.26,19.24,0.1999,0.8694,126.7
3151,35.35,28.88,18.86,16.46,15.37,18.76,0.1401,0.9092,104.49
3152,44.42,30.49,35.16,23.85,18.32,30.65,0.1346,0.899,136.87
3153,46.31,11.98,26.39,19.23,17.47,79.86,0.1561,0.8511,103.31
3154,26.31,21.93,34.39,20.9,11.26,69.32,0.1074,0.9009,103.4
3155,42.68,28.76,21.62,22.71,17.61,79.06,0.1072,0.898,119.78
3156,50.03,35.71,24.13,23.26,15.42,1.78,0.161,0.9642,143.24
3157,39.89,44.36,28.37,20.45,14.72,26.29,0.1728,0.8759,129.46
3158,47.19,27.81,32.02,16.41,17.01,52.72,0.1747,0.8488,119.21
3159,34.58,45.98,30.19,19.6,16.48,55.49,0.1674,0.8533,125.3
3160,48.43,31.94,12.95,23.03,13.31,61.02,0.1749,0.8432,109.34
3161,30.9,30.29,21.47,17.56,16.36,46.26,0.136,0.8861,103.32
3162,39.83,35.73,25.75,21.87,10.63,44.85,0.1771,0.8529,114.12
3163,49.88,46.94,28.82,17.42,17.73,92.62,0.1222,0.8796,141.42
3164,49.44,31.87,23.22,23.26,16.32,68.02,0.1317,0.8789,126.65
3165,29.6,40.5,23.03,19.67,16.54,58.94,0.1036,0.9079,117.43
3166,38.29,47.16,26.11,15.76,13.65,7.56,0.1886,0.9121,128.58
3167,35.2,43.52,20.67,30.42,24.34,76.61,0.1689,0.8404,129.54
3168,49.44,26.8,21.74,20.56,18.28,78.96,0.1925,0.8169,111.75
3169,39.4,28.89,25.8,9.95,14.5,99.74,0.1324,0.8674,102.82
3170,41.19,44.21,24.8,16.3,16.84,22.23,0.1878,0.8717,124.95
3171,43.85,33.16,19.19,25.45,16.71,62.61,0.1558,0.8595,118.91
3172,30.29,25.63,26.31,23.32,16.3,44.68,0.18,0.8506,103.64
3173,42.39,35.63,27.08,24.87,5.16,60.76,0.1521,0.8638,116.72
3174,31.92,47.77,31.89,18.64,15.94,68.92,0.1021,0.9059,132.4
3175,36.08,50.45,24.79,23.19,18.14,72.72,0.1496,0.8603,131.33
3176,36.45,52.66,30.68,18.91,13.6,32.78,0.1761,0.8654,131.79
3177,43.87,35.45,14.86,21.4,10.48,72.56,0.197,0.8162,102.89
3178,33.66,40.78,24.72,14.85,13.49,22.55,0.1614,0.8893,113.37
3179,36.2,54.45,22.5,18.93,15.41,1.26,0.1707,0.9697,143.03
3180,42.59,27.11,22.53,9.76,20.34,92.32,0.1907,0.8122,99.36
3181,51.08,51.75,27.14,19.56,15.7,87.46,0.1771,0.8276,136.74
3182,43.5,46.27,15.87,16.53,13.36,66.71,0.1835,0.832,112.76
3183,49.04,46.35,16.55,20.78,18.28,79.4,0.1722,0.836,126.24
3184,23.01,17.81,27.96,15.55,14.17,41.48,0.1541,0.8746,86.14
3185,51.48,28.1,25.95,19.63,10.97,12.12,0.1707,0.9046,123.13
3186,33.14,27.35,21.35,32.5,12.77,67.42,0.1139,0.8955,113.83
3187,35.13,61.85,31.5,19.24,16.96,71.72,0.1111,0.8966,147.64
3188,55.53,24.57,30.12,17.56,12.57,86.6,0.139,0.865,121.4
3189,41.36,22.85,26.73,20.45,18.06,29.91,0.113,0.9158,118.55
3190,34.0,21.52,18.03,7.88,20.63,81.95,0.141,0.8648,88.26
3191,35.11,30.14,31.7,18.42,19.29,81.36,0.1905,0.8175,110.08
3192,28.93,41.12,15.52,19.74,13.61,13.56,0.1785,0.8962,106.58
3193,40.12,72.95,19.42,20.78,11.42,19.8,0.1277,0.9158,150.84
3194,37.31,30.04,29.05,24.24,8.48,24.89,0.1929,0.8637,111.53
3195,45.36,25.85,17.53,21.58,13.83,50.74,0.107,0.9083,112.76
3196,53.75,65.29,31.89,15.41,8.83,17.59,0.1514,0.9039,158.34
3197,29.97,69.41,34.63,12.47,16.17,21.75,0.1162,0.9211,149.83
3198,44.77,17.32,28.19,24.02,19.72,22.64,0.1334,0.9084,121.73
3199,27.73,28.45,21.31,17.55,16.1,16.11,0.138,0.9149,101.69
3200,43.48,38.16,18.51,21.16,13.52,7.45,0.1427,0.9339,125.92
3201,30.61,37.73,17.38,26.01,18.89,25.16,0.1687,0.8804,115.0
3202,29.23,84.92,26.51,21.1,13.33,39.91,0.1662,0.8661,151.64
3203,60.4,28.08,25.51,13.8,13.99,63.86,0.1534,0.8611,122.09
3204,57.18,22.12,26.01,21.31,14.59,7.05,0.1269,0.9425,133.1
3205,34.34,25.68,32.0,19.02,12.46,26.55,0.1357,0.9023,111.43
3206,55.22,54.12,28.92,14.39,14.9,39.85,0.1191,0.904,151.47
3207,39.68,34.81,26.52,23.87,18.29,39.08,0.1064,0.9147,130.96
3208,29.03,66.4,25.48,21.38,15.14,87.9,0.1353,0.8681,136.68
3209,45.2,45.32,19.9,27.63,10.96,13.9,0.1568,0.908,135.3
3210,47.59,26.68,27.48,20.13,15.46,14.19,0.1525,0.9099,124.98
3211,46.02,49.43,26.19,17.14,16.39,10.97,0.1648,0.9111,141.39
3212,26.48,56.62,30.43,21.42,13.97,44.03,0.1274,0.8947,133.24
3213,30.85,62.72,26.35,18.86,14.62,3.66,0.1464,0.951,145.89
3214,47.5,19.96,36.93,25.17,18.6,5.58,0.1966,0.9196,136.24
3215,30.78,39.16,30.97,20.41,14.13,99.06,0.1351,0.8649,117.15
3216,48.15,22.41,15.76,17.39,16.04,31.79,0.1438,0.891,106.7
3217,37.1,31.1,26.2,20.81,15.74,55.89,0.1084,0.9049,118.49
3218,26.84,31.88,31.36,21.26,10.29,10.39,0.1141,0.9397,114.31
3219,29.45,39.18,21.93,20.9,11.58,45.5,0.1642,0.8631,106.18
3220,43.63,42.42,21.78,18.87,14.65,45.11,0.1951,0.8377,118.4
3221,44.01,27.49,33.41,20.37,16.99,77.58,0.1933,0.8169,116.22
3222,52.49,56.97,20.09,17.74,20.15,87.64,0.1558,0.8482,142.03
3223,40.16,59.67,27.96,20.98,10.3,35.81,0.1485,0.8837,140.57
3224,38.41,37.71,24.48,16.31,10.63,14.53,0.1971,0.8826,112.57
3225,54.38,69.79,28.49,16.87,14.76,24.14,0.1556,0.8911,164.22
3226,33.28,33.91,22.12,27.85,16.78,38.1,0.1933,0.8461,113.35
3227,37.73,16.7,21.67,17.92,12.22,14.31,0.1823,0.892,94.76
3228,43.8,24.21,30.55,21.59,16.08,14.97,0.1518,0.9087,123.79
3229,32.83,29.3,32.96,13.5,17.61,14.03,0.1231,0.9275,117.07
3230,43.57,50.58,24.11,18.62,17.44,20.48,0.1511,0.8993,138.78
3231,40.04,23.64,27.18,23.56,21.72,31.36,0.1733,0.8692,118.32
3232,49.08,34.15,29.24,21.56,13.18,66.98,0.1738,0.8408,123.77
3233,36.66,94.34,25.99,13.44,7.92,47.87,0.1847,0.844,150.52
3234,34.89,38.4,28.47,17.42,12.91,56.49,0.1469,0.8708,115.02
3235,55.35,66.58,33.6,23.75,18.03,55.13,0.1501,0.8687,171.41
3236,46.81,21.67,18.42,15.4,18.41,96.76,0.1032,0.8973,108.32
3237,48.69,15.59,30.01,22.0,10.11,53.0,0.1424,0.8766,110.81
3238,46.68,18.39,35.71,21.0,19.47,58.61,0.1812,0.8392,118.53
3239,34.61,53.99,30.35,13.44,10.25,76.93,0.1613,0.8474,120.87
3240,32.32,31.88,18.81,22.85,13.95,64.56,0.1035,0.906,108.55
3241,32.41,30.7,33.27,23.09,16.59,12.5,0.1262,0.9287,126.35
3242,35.4,69.72,24.92,19.64,13.83,7.96,0.167,0.9205,150.5
3243,49.6,54.09,28.0,21.07,16.56,6.35,0.1692,0.9267,156.92
3244,39.79,42.18,30.2,17.08,13.73,37.45,0.1699,0.8654,123.74
3245,47.52,56.53,32.31,18.96,15.53,24.59,0.1381,0.9027,154.23
3246,46.59,32.92,20.91,20.83,11.09,86.32,0.1594,0.8453,111.85
3247,52.82,40.24,25.32,24.15,19.75,89.47,0.154,0.8493,137.83
3248,46.41,21.56,26.44,21.83,14.57,45.17,0.1855,0.8457,110.61
3249,41.7,25.78,20.66,18.4,14.05,51.93,0.1134,0.9023,108.82
3250,29.61,31.46,28.93,18.72,16.49,19.88,0.1193,0.9213,115.34
3251,55.53,34.64,23.71,20.49,11.06,8.36,0.1911,0.9072,131.93
3252,48.52,51.94,25.43,19.07,14.44,27.46,0.1303,0.9053,144.3
3253,43.39,57.44,22.55,19.92,11.33,25.72,0.178,0.873,134.99
3254,41.7,109.84,27.91,9.39,12.71,58.86,0.191,0.8303,167.34
3255,25.76,87.85,22.07,16.51,14.8,31.8,0.1472,0.8884,148.35
3256,43.38,55.32,24.81,26.94,16.46,16.17,0.139,0.9142,152.58
3257,35.76,19.3,25.06,21.76,13.46,92.66,0.1379,0.864,99.65
3258,26.88,62.06,22.32,22.08,14.1,6.04,0.151,0.936,138.01
3259,36.13,74.58,15.89,21.81,17.2,65.4,0.1328,0.879,145.57
3260,41.93,37.02,28.43,21.43,14.17,33.46,0.1883,0.8552,122.28
3261,42.99,17.77,24.85,20.59,12.8,66.16,0.1481,0.8647,102.89
3262,30.57,38.01,23.25,24.74,16.28,45.39,0.1025,0.9146,121.52
3263,29.1,50.05,24.84,22.05,15.07,97.69,0.1324,0.868,122.48
3264,37.58,38.62,29.2,13.08,14.69,17.81,0.1331,0.9152,121.88
3265,44.57,29.76,35.78,17.21,18.47,16.49,0.1762,0.8905,129.83
3266,33.66,33.96,16.41,17.62,13.68,29.95,0.1792,0.8664,99.93
3267,36.44,58.68,27.13,29.46,17.02,24.87,0.1863,0.8684,146.53
3268,41.51,42.32,22.64,20.47,8.32,73.23,0.1921,0.8203,110.96
3269,33.44,63.09,32.15,25.46,14.1,51.51,0.1825,0.843,141.82
3270,23.95,54.1,18.42,19.13,15.17,44.84,0.1281,0.8936,116.85
3271,42.49,32.39,25.49,21.36,14.54,42.28,0.137,0.8879,120.99
3272,26.03,48.98,24.22,20.24,12.8,59.19,0.1565,0.8608,113.85
3273,42.64,63.87,19.4,17.92,10.41,99.33,0.1069,0.8931,137.76
3274,38.23,37.17,21.75,16.35,13.2,63.84,0.1762,0.8403,106.48
3275,38.17,45.81,23.47,19.99,13.45,83.16,0.1478,0.8577,120.85
3276,31.18,19.06,25.76,16.88,15.59,62.97,0.1925,0.8261,89.6
3277,37.34,29.33,13.06,20.58,18.0,82.78,0.1707,0.8359,98.9
3278,32.97,33.0,23.59,18.27,11.72,53.96,0.1713,0.851,101.73
3279,62.78,23.25,28.82,23.31,15.95,9.99,0.1181,0.9385,144.63
3280,33.57,36.89,31.63,16.76,13.23,42.03,0.1958,0.84,110.95
3281,48.31,68.98,26.58,19.59,17.04,95.89,0.1971,0.8042,145.16
3282,35.48,39.61,27.73,18.84,17.98,77.71,0.159,0.8493,118.6
3283,41.94,59.76,18.68,18.55,17.0,68.6,0.1203,0.8891,138.65
3284,40.06,46.48,23.31,23.21,16.58,16.73,0.1082,0.9324,139.53
3285,38.68,69.66,18.78,13.04,8.34,9.35,0.1777,0.9098,135.1
3286,38.43,34.14,24.07,12.47,13.5,27.36,0.1632,0.8815,108.07
3287,41.98,26.78,36.48,18.71,17.69,74.23,0.1158,0.8914,126.25
3288,51.01,47.87,32.31,27.73,20.42,65.93,0.1805,0.8352,149.78
3289,30.95,18.7,28.96,21.42,17.63,7.46,0.1176,0.9455,111.24
3290,25.85,44.44,26.59,25.83,16.75,7.23,0.1189,0.9456,131.86
3291,33.36,14.47,23.74,24.29,15.28,31.14,0.1568,0.8818,98.01
3292,41.02,24.69,28.26,14.38,13.65,97.06,0.1499,0.8507,103.79
3293,37.63,40.27,21.99,19.93,19.55,15.7,0.1625,0.9006,125.52
3294,52.34,21.03,35.83,16.49,16.58,41.82,0.1524,0.8756,124.57
3295,51.36,29.71,29.15,15.85,14.39,63.1,0.1832,0.8345,117.22
3296,36.36,20.7,29.85,13.23,15.9,58.22,0.1005,0.911,105.71
3297,52.36,46.52,22.53,16.28,15.8,37.23,0.1392,0.8899,136.59
3298,43.36,55.13,22.7,21.92,16.25,21.89,0.182,0.8763,139.65
3299,34.17,35.05,21.3,22.57,17.26,93.17,0.1548,0.8472,110.43
3300,39.04,84.28,18.75,21.4,11.38,5.23,0.1989,0.921,161.05
3301,38.45,31.87,31.96,16.48,11.42,12.4,0.198,0.8884,115.66
3302,34.11,20.53,28.42,18.22,18.59,11.65,0.1959,0.892,106.93
3303,34.93,19.77,22.93,15.92,12.77,48.08,0.198,0.8326,88.52
3304,43.61,33.02,21.99,25.4,14.34,69.77,0.1537,0.8578,118.69
3305,36.8,39.83,32.31,22.55,16.22,49.21,0.1504,0.8721,128.82
3306,37.74,95.06,27.6,13.74,15.07,68.06,0.1515,0.8606,162.83
3307,38.34,22.82,22.89,21.12,15.44,83.4,0.1007,0.9031,108.91
3308,38.65,27.18,30.81,15.7,13.24,4.03,0.1215,0.9574,120.24
3309,47.37,42.37,34.52,21.52,20.04,95.01,0.1185,0.8825,146.33
3310,33.39,36.39,22.11,23.01,17.11,79.76,0.1132,0.892,117.76
3311,41.84,27.51,22.91,8.31,15.13,20.27,0.1247,0.9172,106.12
3312,27.9,34.4,23.89,28.95,22.36,59.63,0.1989,0.8227,113.12
3313,35.83,22.24,26.49,24.43,13.14,48.57,0.1003,0.915,111.74
3314,29.54,29.27,24.83,16.9,16.52,34.3,0.1478,0.8856,103.67
3315,52.94,22.44,17.7,19.83,15.57,92.04,0.1835,0.8194,105.28
3316,41.07,53.12,20.42,22.96,16.14,64.88,0.1369,0.8756,134.59
3317,36.59,47.09,25.64,11.94,15.9,44.17,0.1307,0.8919,122.32
3318,26.11,34.28,32.55,21.65,23.3,77.88,0.1456,0.8619,118.84
3319,29.28,35.22,26.07,21.89,16.17,42.33,0.1806,0.8522,109.62
3320,46.81,38.28,29.64,23.56,16.4,97.85,0.1273,0.873,135.04
3321,42.84,29.17,26.71,16.26,12.42,59.81,0.1883,0.8321,106.0
3322,28.47,17.81,24.2,21.19,13.74,10.82,0.1265,0.9322,98.26
3323,28.51,30.54,20.62,23.86,16.5,58.32,0.1381,0.8775,105.33
3324,54.78,42.54,26.87,16.2,14.13,66.15,0.1394,0.8727,134.86
3325,50.84,51.23,31.16,22.56,16.98,16.24,0.1659,0.8974,155.05
3326,42.36,36.02,18.67,16.17,14.47,74.97,0.1122,0.8945,114.22
3327,40.93,27.5,27.86,17.84,13.06,68.14,0.1271,0.8831,112.31
3328,38.66,43.8,22.21,13.05,9.99,7.69,0.1123,0.9472,120.96
3329,29.94,37.52,26.76,10.23,18.91,39.8,0.1139,0.9083,112.05
3330,46.88,23.08,21.3,23.34,14.07,94.71,0.1441,0.8572,110.3
3331,38.44,17.04,25.73,24.3,14.33,14.23,0.1618,0.9043,108.37
3332,45.84,28.22,20.27,21.66,17.58,50.53,0.1595,0.8635,115.33
3333,36.77,64.4,29.85,15.82,13.21,78.04,0.1744,0.8345,133.57
3334,42.9,43.71,25.28,23.13,19.97,11.48,0.165,0.9096,140.97
3335,36.16,63.37,33.94,20.95,16.31,81.75,0.1793,0.828,141.37
3336,40.56,34.52,26.53,22.04,18.61,55.67,0.1893,0.834,118.65
3337,46.38,34.47,20.01,21.66,17.77,39.43,0.1591,0.8722,122.36
3338,35.72,11.91,17.05,17.38,17.37,11.7,0.1965,0.8916,88.65
3339,56.16,16.28,32.1,20.39,13.58,42.29,0.1253,0.8975,124.32
3340,35.38,42.08,22.01,18.53,11.82,62.87,0.1756,0.8415,109.24
3341,41.09,37.78,20.07,20.53,17.92,75.52,0.168,0.8417,115.65
3342,51.06,14.13,31.72,23.03,10.36,47.4,0.1596,0.8655,112.78
3343,51.6,36.9,22.83,17.59,11.15,50.22,0.112,0.9043,126.65
3344,43.74,52.33,29.56,22.95,14.27,74.03,0.1388,0.8699,141.66
3345,42.15,39.69,26.76,20.22,14.19,39.73,0.163,0.8688,124.25
3346,40.55,28.29,15.42,19.43,11.31,11.93,0.1795,0.9002,103.53
3347,50.85,12.93,28.2,19.45,14.45,88.49,0.1019,0.9006,113.36
3348,47.66,41.15,20.14,22.98,14.67,91.09,0.1217,0.8804,129.07
3349,48.72,24.52,18.83,19.29,13.88,39.17,0.1905,0.8472,106.11
3350,53.08,42.94,13.92,19.55,15.53,98.65,0.1033,0.8968,130.05
3351,43.66,46.28,19.22,26.44,7.99,40.12,0.1127,0.9091,130.54
3352,36.74,50.59,23.21,23.33,17.65,74.73,0.1774,0.8334,126.27
3353,42.81,40.76,25.4,24.74,20.32,50.91,0.1584,0.8642,133.11
3354,40.45,30.47,25.75,26.56,14.46,97.09,0.1966,0.8042,110.73
3355,38.49,44.24,29.42,21.01,15.24,92.21,0.1921,0.8109,120.32
3356,36.77,23.33,16.49,29.45,14.09,75.05,0.1701,0.84,100.91
3357,44.38,59.36,14.59,21.95,16.53,95.96,0.1132,0.8875,139.18
3358,45.1,26.64,37.41,14.72,17.51,14.15,0.1285,0.9242,130.66
3359,34.43,72.24,24.71,17.91,11.59,82.19,0.1382,0.8673,139.55
3360,42.53,31.68,27.67,13.58,13.57,33.9,0.1191,0.9081,117.18
3361,52.99,42.66,17.8,24.66,12.34,79.72,0.1905,0.8184,123.13
3362,34.03,36.81,28.41,20.88,19.14,80.06,0.1351,0.8711,121.31
3363,50.95,17.03,30.24,18.03,14.99,69.96,0.144,0.8667,113.75
3364,33.0,43.38,15.45,20.72,14.09,41.31,0.152,0.8764,110.99
3365,42.89,25.73,27.44,19.27,16.95,10.6,0.1979,0.8947,118.35
3366,25.75,33.36,27.35,16.52,13.87,75.78,0.151,0.8576,100.21
3367,45.12,35.67,12.53,28.78,13.08,29.53,0.1451,0.8923,120.61
3368,38.23,23.19,25.91,20.6,10.27,20.18,0.1009,0.9331,110.3
3369,26.04,27.48,21.74,20.35,18.82,4.68,0.1087,0.959,109.74
3370,36.23,57.84,27.3,19.61,16.2,84.41,0.1763,0.8298,130.43
3371,54.13,20.67,28.49,15.33,13.61,46.16,0.1222,0.8977,118.71
3372,44.56,44.33,27.34,13.05,21.85,50.28,0.1542,0.8681,131.21
3373,40.9,30.08,23.47,25.05,16.76,58.88,0.1107,0.9016,122.86
3374,44.24,52.2,22.84,18.15,12.82,70.7,0.1884,0.8252,123.99
3375,48.08,46.42,26.06,11.1,20.74,47.28,0.1372,0.8845,134.79
3376,52.19,26.51,23.71,14.11,14.52,84.08,0.1092,0.8946,117.24
3377,37.67,46.03,17.61,22.38,13.93,67.97,0.1168,0.8926,122.85
3378,44.74,27.87,25.97,22.78,14.87,77.37,0.1286,0.8782,119.63
3379,43.8,69.38,24.09,18.17,16.3,19.99,0.1195,0.921,158.17
3380,40.85,36.73,24.08,24.52,13.81,86.17,0.174,0.8312,116.35
3381,38.51,30.57,23.21,14.4,20.42,83.16,0.1418,0.8635,109.76
3382,52.83,29.59,24.01,26.41,14.26,76.25,0.1701,0.8395,123.49
3383,42.1,30.36,21.75,13.35,13.85,5.75,0.1122,0.9535,115.76
3384,30.26,31.12,29.28,22.15,11.71,86.13,0.137,0.8671,107.98
3385,16.76,46.65,22.82,20.98,15.36,42.97,0.163,0.8661,106.15
3386,47.63,28.69,25.4,23.3,9.02,92.87,0.1158,0.8858,118.74
3387,36.56,25.02,21.46,12.95,11.94,17.58,0.1541,0.9022,97.37
3388,38.78,53.77,19.53,18.9,16.06,9.13,0.1114,0.944,138.81
3389,43.26,60.32,24.43,24.2,15.47,20.2,0.1247,0.9173,153.81
3390,59.69,25.63,28.38,15.65,15.84,2.8,0.1696,0.9508,138.04
3391,50.83,31.14,30.18,25.73,14.73,63.08,0.1089,0.9016,137.6
3392,38.19,57.56,28.58,12.03,12.86,5.21,0.1175,0.9534,142.26
3393,45.85,42.05,20.28,13.17,5.72,87.01,0.1844,0.8207,104.28
3394,35.18,66.34,25.28,16.54,15.14,63.18,0.1943,0.8244,130.65
3395,46.19,46.28,24.58,22.55,9.39,11.93,0.1998,0.889,132.45
3396,33.42,42.49,28.64,25.64,11.33,8.97,0.1775,0.9114,128.98
3397,41.46,30.28,27.55,17.3,16.06,30.17,0.1607,0.88,116.73
3398,41.73,23.68,21.87,20.89,16.3,33.03,0.1381,0.8942,111.3
3399,31.59,21.6,26.74,25.01,16.67,14.61,0.1595,0.9049,110.03
3400,35.29,34.59,27.86,22.44,13.16,17.9,0.1223,0.9219,122.93
3401,22.6,61.49,26.64,28.53,14.1,67.56,0.157,0.8559,131.26
3402,36.97,23.02,24.82,17.42,15.36,48.92,0.1191,0.8988,105.69
3403,48.92,33.31,21.72,25.13,15.27,59.1,0.1234,0.8902,128.51
3404,55.99,18.02,22.99,16.97,15.02,72.26,0.1818,0.8305,107.13
3405,51.93,60.89,35.82,21.4,11.95,80.97,0.1383,0.8677,157.92
3406,36.91,25.32,19.08,20.32,13.23,24.09,0.1275,0.9107,104.62
3407,39.94,86.72,34.41,21.42,16.1,76.31,0.1873,0.8232,163.48
3408,39.43,42.1,34.37,15.56,16.95,10.85,0.1878,0.8992,133.45
3409,38.32,64.89,18.5,17.83,15.7,6.33,0.1289,0.9443,146.59
3410,47.79,17.48,21.89,16.24,15.72,51.35,0.1038,0.9108,108.49
3411,35.59,12.99,23.46,17.46,21.12,72.74,0.1217,0.8864,98.05
3412,51.62,30.01,21.92,19.62,19.14,96.59,0.1226,0.878,124.96
3413,41.11,35.58,21.97,16.03,13.66,43.18,0.149,0.8774,112.62
3414,30.67,44.94,28.48,17.06,20.8,42.22,0.1477,0.8792,124.82
3415,39.22,64.81,26.28,22.34,17.59,60.33,0.1435,0.8717,148.4
3416,43.83,30.93,27.75,21.29,20.04,93.61,0.1071,0.8942,128.62
3417,47.82,29.52,24.23,26.82,17.05,68.92,0.1673,0.8457,123.0
3418,46.03,31.96,23.88,20.58,12.91,80.75,0.1128,0.8921,120.76
3419,37.47,40.52,21.26,27.02,16.88,52.34,0.1748,0.849,121.53
3420,35.85,21.29,27.4,13.95,13.73,68.55,0.1165,0.8927,100.19
3421,53.84,17.06,30.1,12.52,17.48,12.81,0.1585,0.9096,119.15
3422,40.21,39.87,19.26,18.54,10.56,46.38,0.1841,0.8458,108.63
3423,30.93,20.38,28.93,18.19,16.13,87.45,0.1199,0.8833,101.19
3424,35.32,55.27,26.37,16.93,16.17,17.12,0.1757,0.8895,133.48
3425,24.3,14.47,19.22,18.3,18.38,79.28,0.1254,0.8806,83.36
3426,26.97,25.57,17.79,22.96,17.89,92.29,0.1661,0.8364,92.98
3427,35.76,20.38,23.62,18.26,13.78,91.87,0.1934,0.8097,90.52
3428,33.63,26.74,22.42,22.77,13.37,96.74,0.1307,0.8699,103.45
3429,34.51,24.62,30.21,24.96,13.07,18.49,0.1823,0.8824,112.39
3430,46.16,54.9,23.04,23.02,14.23,93.09,0.113,0.8885,143.35
3431,46.99,107.66,22.29,19.15,14.38,70.83,0.1699,0.8423,177.28
3432,30.68,21.43,22.79,18.29,17.9,99.91,0.1232,0.8766,97.39
3433,55.13,26.53,23.82,25.22,9.26,93.6,0.1308,0.8707,121.87
3434,40.81,33.03,26.4,26.67,10.57,67.85,0.1314,0.8793,120.88
3435,40.06,22.91,30.33,21.25,10.78,91.23,0.1715,0.8316,104.21
3436,33.66,43.77,18.83,23.23,14.63,27.37,0.1662,0.8793,117.93
3437,37.6,20.11,26.98,22.48,16.76,79.87,0.1164,0.8889,110.16
3438,56.23,44.67,18.31,17.4,16.06,53.03,0.1843,0.8403,128.29
3439,31.35,36.27,30.23,20.47,12.1,80.27,0.1308,0.8751,114.13
3440,42.14,47.34,17.23,21.44,17.83,90.02,0.1303,0.8724,127.34
3441,35.66,34.84,31.12,25.49,18.39,71.56,0.1178,0.8904,129.54
3442,25.52,46.92,29.72,19.39,17.27,55.78,0.118,0.8965,124.46
3443,27.71,43.29,21.08,15.28,13.6,4.3,0.1521,0.9449,114.31
3444,44.89,32.56,22.33,19.41,14.97,53.62,0.1373,0.8807,118.16
3445,26.22,43.76,15.52,19.26,18.03,19.62,0.1413,0.9071,111.39
3446,30.12,61.87,16.19,17.0,14.88,86.98,0.139,0.8648,121.14
3447,46.58,17.13,23.5,24.06,15.42,65.06,0.1685,0.8467,107.26
3448,45.61,15.54,25.96,24.37,16.16,25.43,0.1083,0.923,117.81
3449,40.47,58.83,30.2,10.01,14.45,40.02,0.1306,0.8947,137.74
3450,30.58,50.16,23.59,25.1,13.54,32.74,0.1959,0.8503,121.56
3451,30.55,62.0,24.33,21.2,16.26,92.44,0.1481,0.8541,131.82
3452,29.41,33.52,18.71,20.42,17.09,94.13,0.1131,0.8882,105.82
3453,38.93,70.59,24.27,22.01,11.26,84.08,0.1502,0.8551,142.84
3454,45.13,111.35,25.48,13.03,14.9,33.89,0.1838,0.8583,180.14
3455,36.61,55.51,27.94,18.1,12.28,76.03,0.1361,0.8716,131.12
3456,47.08,44.17,24.77,22.73,14.89,59.07,0.1542,0.8628,132.56
3457,52.88,46.95,29.7,22.16,18.94,32.53,0.1915,0.854,145.71
3458,43.13,37.44,25.11,18.64,16.63,93.01,0.1556,0.8465,119.31
3459,29.97,39.8,24.32,20.22,14.49,45.66,0.1658,0.8617,110.99
3460,40.69,41.88,29.0,20.55,21.21,25.87,0.1022,0.927,142.13
3461,50.83,86.87,29.03,21.6,9.95,23.25,0.1804,0.8751,173.51
3462,34.95,25.82,23.39,28.71,13.36,65.07,0.1831,0.8334,105.2
3463,34.74,32.02,34.01,14.0,15.47,65.32,0.1596,0.8546,111.29
3464,49.12,35.04,26.31,16.63,12.02,94.36,0.1091,0.892,124.09
3465,28.51,44.98,25.57,20.02,10.7,12.33,0.1975,0.8889,115.37
3466,41.59,38.62,23.43,21.87,18.05,19.76,0.1684,0.8891,127.63
3467,35.06,20.92,27.24,20.18,19.8,22.51,0.1444,0.901,111.0
3468,36.54,36.05,29.36,16.14,13.15,39.47,0.1876,0.8493,111.45
3469,53.63,33.56,25.47,21.93,21.83,52.03,0.1408,0.8786,137.43
3470,36.15,34.88,26.09,21.32,7.8,46.54,0.1642,0.8623,108.86
3471,40.97,48.98,19.41,20.97,15.35,92.16,0.1224,0.8795,128.12
3472,48.25,56.47,20.81,17.72,11.61,68.43,0.1893,0.8257,127.88
3473,29.74,25.02,21.14,21.91,14.93,80.53,0.1529,0.8539,96.26
3474,46.69,75.7,26.24,24.75,15.21,85.12,0.1236,0.8804,166.03
3475,36.41,19.23,19.34,23.36,14.71,52.34,0.1086,0.9062,102.46
3476,29.76,26.34,14.94,15.46,11.19,62.42,0.1899,0.8289,80.97
3477,36.06,32.03,18.01,16.16,15.38,32.4,0.1197,0.9088,106.91
3478,40.5,46.38,27.66,22.98,15.01,76.48,0.199,0.812,123.87
3479,41.92,17.53,33.38,17.59,15.66,66.19,0.1143,0.8956,112.91
3480,34.01,84.91,29.74,15.04,10.61,53.72,0.1461,0.8731,152.18
3481,38.27,17.06,19.59,17.66,19.1,24.71,0.153,0.8921,99.63
3482,28.86,65.06,20.72,17.26,12.89,88.32,0.1246,0.8784,127.18
3483,34.34,29.66,21.85,18.92,16.08,28.48,0.1993,0.8535,103.14
3484,29.1,36.35,17.26,19.24,16.54,50.42,0.1577,0.865,102.5
3485,39.37,14.39,23.98,12.89,16.6,71.07,0.1571,0.854,91.58
3486,33.3,47.11,27.28,20.93,11.71,18.79,0.1874,0.8785,123.28
3487,56.6,32.91,20.07,21.91,9.07,92.21,0.1582,0.8443,118.67
3488,43.06,55.96,19.01,20.58,20.1,12.59,0.1477,0.9163,145.42
3489,26.99,20.06,28.89,22.25,18.44,75.36,0.1476,0.861,100.42
3490,34.03,62.01,20.47,22.12,20.06,85.15,0.1715,0.8341,132.35
3491,45.62,17.62,21.04,15.03,15.08,64.47,0.1349,0.8775,100.37
3492,41.96,38.72,13.02,19.91,17.55,9.52,0.1511,0.9228,121.04
3493,27.43,19.52,29.6,21.26,12.12,6.82,0.1323,0.9409,103.44
3494,33.7,76.68,31.58,21.22,16.05,74.29,0.1894,0.8223,147.38
3495,45.15,51.2,23.37,25.65,15.04,69.5,0.1205,0.8886,142.53
3496,42.97,66.24,24.67,21.63,15.86,96.6,0.1576,0.8432,144.51
3497,44.61,31.49,27.4,20.28,14.9,85.19,0.1321,0.8722,120.95
3498,37.76,30.89,28.3,23.45,18.04,8.18,0.1553,0.9252,128.09
3499,33.15,34.44,24.6,23.64,12.17,38.77,0.1521,0.8783,112.42
3500,29.79,33.14,22.07,20.26,13.77,60.82,0.1463,0.869,103.43
3501,47.6,29.89,24.2,25.26,15.12,11.34,0.1452,0.9208,130.82
3502,55.55,32.12,23.06,20.73,17.34,24.65,0.1441,0.8985,133.7
3503,42.22,56.0,26.18,17.96,16.61,15.24,0.1411,0.9146,145.4
3504,47.49,51.57,19.58,23.72,18.89,60.65,0.1142,0.8978,144.77
3505,33.61,21.9,30.83,17.17,20.17,71.12,0.1928,0.8209,101.53
3506,39.83,46.54,34.86,25.81,17.12,19.08,0.1977,0.8712,143.02
3507,39.5,20.01,21.38,18.1,15.75,86.13,0.1463,0.8581,98.46
3508,43.08,63.56,21.08,16.03,11.57,29.53,0.1444,0.8928,138.66
3509,40.62,23.9,20.74,16.94,10.36,86.54,0.1403,0.8638,97.24
3510,62.22,48.09,22.62,23.12,10.64,66.28,0.1218,0.8887,148.13
3511,46.4,45.16,33.72,17.41,11.91,69.78,0.1076,0.9005,139.2
3512,50.39,30.98,22.12,16.93,16.88,36.46,0.1023,0.9195,126.25
3513,42.17,30.03,25.64,18.55,10.8,86.25,0.1564,0.8482,107.89
3514,22.99,31.92,22.65,9.39,19.12,62.95,0.1709,0.8457,89.71
3515,43.59,42.56,14.74,25.02,15.06,47.36,0.1092,0.908,128.0
3516,48.76,49.05,22.22,14.2,11.52,20.29,0.1489,0.9012,131.35
3517,51.15,84.79,24.76,24.56,19.69,7.24,0.117,0.9464,193.98
3518,39.46,70.17,32.61,24.69,18.89,96.23,0.1155,0.8852,164.48
3519,28.52,44.13,16.25,22.37,17.84,97.05,0.1735,0.8273,106.81
3520,37.69,38.91,29.72,20.11,15.31,55.06,0.1922,0.832,117.92
3521,28.4,28.23,26.13,19.67,16.83,42.23,0.1906,0.8441,100.67
3522,50.3,45.39,24.49,26.51,9.7,81.87,0.1284,0.8769,137.13
3523,43.63,60.66,19.77,29.13,13.02,41.32,0.1259,0.8976,149.2
3524,35.9,55.51,31.13,12.22,13.21,43.96,0.1508,0.8754,129.53
3525,45.94,39.21,26.66,22.91,9.68,89.74,0.1969,0.8073,116.57
3526,51.75,27.55,24.76,18.85,14.56,33.11,0.1044,0.92,126.47
3527,46.27,37.01,24.46,28.78,15.84,27.02,0.1933,0.8601,131.04
3528,56.0,46.81,29.63,21.07,12.32,94.39,0.115,0.8862,146.95
3529,32.92,56.28,20.69,17.15,14.33,9.21,0.1346,0.9321,131.77
3530,47.78,38.48,32.11,16.56,13.44,13.54,0.1277,0.9257,137.37
3531,28.33,51.28,35.95,19.77,11.21,48.58,0.1689,0.8568,125.56
3532,55.15,53.54,23.45,11.44,16.69,97.06,0.1739,0.8269,132.52
3533,45.82,31.16,31.44,15.39,17.85,90.85,0.1761,0.8271,117.18
3534,37.01,27.8,22.04,14.22,17.44,79.92,0.1078,0.8971,106.32
3535,30.75,68.96,19.3,9.45,14.98,68.15,0.1081,0.9006,129.18
3536,35.68,46.58,22.06,22.57,12.11,57.5,0.1904,0.8317,115.61
3537,37.92,43.8,27.02,22.93,13.9,58.83,0.1795,0.8405,122.35
3538,41.73,28.19,23.77,23.64,17.45,62.35,0.1918,0.8272,111.48
3539,39.86,15.39,26.99,15.73,16.06,21.93,0.1692,0.8849,100.91
3540,34.93,42.41,26.27,21.89,11.57,3.26,0.1058,0.9667,132.5
3541,49.26,42.51,22.82,19.9,15.37,24.99,0.1687,0.8807,131.99
3542,26.41,46.06,18.83,15.84,14.9,80.24,0.1903,0.8182,99.86
3543,44.59,35.02,24.8,18.39,13.97,4.34,0.1332,0.9516,130.14
3544,41.49,27.96,18.08,14.65,15.06,76.66,0.1108,0.8953,104.97
3545,39.94,38.99,25.31,12.96,12.47,57.14,0.1082,0.9045,117.3
3546,45.04,57.91,26.64,16.6,17.86,61.29,0.1111,0.9003,147.69
3547,34.66,43.61,13.32,17.51,15.74,14.4,0.1094,0.9351,116.73
3548,33.84,20.45,31.31,23.35,18.12,57.8,0.159,0.8593,109.2
3549,37.68,32.56,23.27,17.19,10.87,6.67,0.1235,0.9454,114.93
3550,35.79,27.01,27.52,24.05,15.2,79.75,0.1042,0.9007,116.7
3551,38.1,66.26,21.7,24.57,20.28,77.8,0.191,0.8189,139.96
3552,45.76,32.09,22.93,20.68,13.04,71.83,0.1682,0.8434,113.44
3553,40.88,63.71,33.0,18.19,18.16,3.4,0.1878,0.9396,163.44
3554,40.24,38.26,18.2,15.97,15.44,16.35,0.1491,0.9076,116.27
3555,41.85,29.7,22.42,16.49,18.24,21.76,0.1879,0.8725,112.29
3556,37.36,23.84,25.22,22.72,13.51,51.68,0.1712,0.8526,104.58
3557,47.23,30.4,12.63,23.33,19.01,81.65,0.1748,0.8324,110.37
3558,44.52,35.18,20.33,18.65,16.68,18.1,0.1345,0.9138,123.7
3559,40.04,22.38,29.04,20.65,12.13,51.76,0.1367,0.8823,109.62
3560,30.94,45.21,18.56,13.96,17.54,84.44,0.1938,0.8129,102.6
3561,50.47,24.93,25.76,17.79,18.42,37.98,0.1513,0.8796,120.84
3562,45.32,19.53,26.67,21.53,18.86,46.26,0.1977,0.8345,110.08
3563,44.54,20.64,27.51,17.38,11.13,50.8,0.1436,0.8769,106.28
3564,53.59,28.88,19.69,15.08,15.63,69.39,0.1907,0.8238,109.47
3565,45.56,43.58,25.78,16.39,21.73,33.16,0.1146,0.9121,139.59
3566,39.61,67.45,19.12,14.18,16.04,43.63,0.1207,0.9004,140.82
3567,35.91,31.8,23.5,15.78,9.11,75.01,0.1699,0.8402,97.55
3568,35.6,39.98,29.32,23.22,16.81,42.81,0.187,0.8465,122.69
3569,42.21,34.03,20.74,25.68,17.86,66.73,0.1496,0.8631,121.27
3570,47.73,14.93,27.65,26.77,19.16,28.23,0.1656,0.8786,119.7
3571,47.82,40.71,24.61,19.19,13.19,91.33,0.1577,0.8451,122.97
3572,28.96,34.7,28.79,19.5,11.01,80.53,0.1257,0.8799,108.19
3573,47.4,18.63,15.15,23.04,18.54,91.65,0.1864,0.8167,100.25
3574,37.63,68.81,30.88,14.95,14.71,13.24,0.1835,0.8941,149.31
3575,35.29,44.49,15.98,16.78,14.35,52.64,0.1395,0.8794,111.58
3576,42.93,17.97,18.85,17.25,12.37,10.54,0.1016,0.946,103.47
3577,46.3,43.15,30.71,25.46,15.83,3.5,0.1238,0.9596,154.94
3578,30.13,117.43,24.62,18.02,13.07,84.93,0.1009,0.9025,183.45
3579,41.74,35.09,22.78,24.83,10.13,28.85,0.1974,0.8545,114.98
3580,27.03,46.14,29.71,17.2,12.84,65.83,0.1806,0.8352,111.02
3581,46.34,27.89,24.35,15.77,12.93,64.0,0.1786,0.8381,106.67
3582,31.12,29.24,20.04,26.8,9.98,87.91,0.1813,0.8233,96.48
3583,41.53,65.43,31.23,20.76,14.31,43.9,0.1367,0.8871,153.7
3584,37.07,45.14,26.31,17.21,11.69,98.3,0.1091,0.8911,122.45
3585,35.44,53.69,18.6,13.15,14.19,39.59,0.1631,0.8688,117.36
3586,24.0,31.86,21.15,17.67,16.37,93.79,0.1659,0.836,92.83
3587,28.81,41.94,19.98,27.33,16.8,99.41,0.1487,0.8511,114.78
3588,39.4,33.94,19.08,18.53,10.35,4.51,0.1993,0.9261,112.35
3589,32.56,44.75,24.32,9.88,17.85,48.76,0.1497,0.873,112.92
3590,37.45,33.45,24.62,18.35,20.1,22.9,0.1397,0.9037,121.06
3591,33.71,71.28,27.12,23.19,16.5,48.78,0.1217,0.8967,154.06
3592,37.77,31.84,27.8,18.89,19.84,70.17,0.1357,0.8743,119.03
3593,30.39,41.5,29.23,22.25,16.27,4.68,0.1602,0.9396,131.19
3594,36.19,17.03,30.1,21.63,14.86,80.34,0.1238,0.8818,105.64
3595,37.86,56.36,27.43,18.97,13.49,16.12,0.1404,0.9134,140.76
3596,40.24,21.88,26.78,16.98,17.13,47.23,0.1257,0.8942,109.99
3597,25.4,27.03,29.84,17.85,11.06,48.36,0.1934,0.8362,92.97
3598,40.41,21.33,27.06,18.09,16.87,53.72,0.1865,0.8379,103.7
3599,31.1,19.79,20.24,13.64,19.88,5.13,0.1121,0.9559,100.04
3600,29.07,51.63,18.04,21.9,16.49,42.1,0.1914,0.8436,115.68
3601,49.85,25.51,19.87,17.24,9.36,16.16,0.168,0.8963,109.21
3602,45.84,19.52,26.58,24.46,14.02,32.84,0.1517,0.884,115.29
3603,44.41,19.06,23.47,25.15,17.67,8.04,0.1058,0.9494,123.2
3604,38.23,54.53,26.14,18.33,13.82,51.26,0.1474,0.8734,131.93
3605,35.35,30.27,23.71,19.85,17.05,44.02,0.1599,0.8678,109.55
3606,51.9,34.31,20.4,17.84,10.72,47.79,0.18,0.848,114.64
3607,41.08,50.61,12.03,13.85,9.03,59.12,0.1031,0.9083,114.99
3608,32.81,44.34,18.9,17.67,15.07,15.84,0.1488,0.9087,117.03
3609,32.04,37.8,33.74,19.99,8.48,99.86,0.1666,0.8331,110.0
3610,42.49,58.19,29.81,22.21,18.64,79.59,0.1617,0.8459,144.93
3611,37.22,20.92,21.26,27.23,12.73,37.45,0.1387,0.8901,106.23
3612,48.27,30.95,22.33,17.5,16.05,71.68,0.1674,0.8442,114.05
3613,40.58,50.31,22.49,16.53,18.8,37.16,0.1852,0.8536,126.93
3614,30.4,73.21,30.45,23.56,15.13,93.03,0.1042,0.8972,154.98
3615,54.89,76.51,29.55,9.0,12.49,94.84,0.1144,0.8866,161.74
3616,31.84,21.69,29.82,16.0,12.95,99.76,0.1838,0.8159,91.61
3617,30.22,36.06,19.94,24.48,15.85,25.64,0.1329,0.9053,114.56
3618,39.33,42.62,33.93,16.2,12.36,13.89,0.1384,0.9189,132.72
3619,43.73,32.78,23.55,17.83,14.51,29.29,0.1689,0.8749,115.84
3620,32.8,46.22,29.19,19.96,15.19,25.89,0.1991,0.8577,122.96
3621,45.56,86.41,26.46,22.7,13.81,49.78,0.1732,0.8523,166.15
3622,36.05,24.42,16.45,19.82,8.88,4.62,0.136,0.949,100.23
3623,59.56,21.19,22.42,19.76,15.82,54.33,0.1431,0.8753,121.46
3624,42.67,45.16,24.8,18.61,16.66,15.54,0.1656,0.8991,132.97
3625,31.32,29.06,20.88,18.87,12.2,20.82,0.1504,0.8993,101.03
3626,34.37,45.87,17.6,16.63,15.96,4.34,0.1468,0.9466,123.47
3627,43.95,37.83,22.7,15.84,13.49,73.1,0.1519,0.8579,114.8
3628,33.5,32.49,31.54,25.02,9.75,14.47,0.1682,0.8999,119.06
3629,39.39,26.55,27.76,17.31,13.31,59.17,0.1403,0.8752,108.81
3630,55.76,36.38,22.22,19.14,9.64,88.4,0.1169,0.8859,126.8
3631,45.12,29.93,26.1,23.84,15.55,28.94,0.1586,0.883,124.09
3632,44.76,54.7,18.19,11.71,17.21,5.24,0.1357,0.9461,138.66
3633,55.87,36.49,24.88,13.99,23.48,47.97,0.1493,0.8739,135.21
3634,33.93,21.02,15.27,19.85,19.15,39.53,0.1982,0.8407,91.82
3635,39.87,61.26,19.04,19.99,18.63,46.69,0.1224,0.8973,142.48
3636,37.57,33.13,28.97,13.71,9.72,5.47,0.159,0.9355,115.17
3637,34.99,80.59,21.97,12.61,15.89,37.97,0.1817,0.8554,142.05
3638,37.96,31.42,22.66,14.0,16.41,6.44,0.1385,0.9397,115.06
3639,36.35,25.43,24.44,21.16,13.47,92.43,0.1648,0.8376,101.22
3640,34.74,31.06,32.64,23.09,10.55,49.19,0.1307,0.8889,117.4
3641,37.64,33.61,6.56,20.73,16.3,94.97,0.1206,0.8805,101.11
3642,34.77,31.58,20.27,12.73,9.47,12.05,0.1442,0.9196,100.06
3643,42.59,27.17,36.79,14.86,13.98,37.68,0.1771,0.8594,116.37
3644,32.36,29.17,30.69,19.14,16.61,47.93,0.156,0.8682,111.1
3645,48.14,67.72,27.48,19.94,15.97,99.01,0.1837,0.8163,146.33
3646,45.81,31.65,26.18,17.64,15.84,13.83,0.1294,0.9242,126.72
3647,43.57,82.57,23.61,18.5,14.37,74.15,0.1824,0.8289,151.38
3648,36.33,53.15,17.99,21.17,12.78,94.98,0.1936,0.8081,114.28
3649,40.35,34.13,22.75,28.05,13.45,53.4,0.1378,0.8804,122.15
3650,39.0,45.54,24.24,24.09,6.97,94.47,0.1926,0.8093,113.18
3651,40.22,28.31,30.58,18.53,11.63,24.02,0.1882,0.8684,112.26
3652,29.29,53.62,26.6,19.31,17.36,29.49,0.1079,0.92,134.48
3653,40.84,59.57,25.18,19.54,14.79,4.81,0.1697,0.9352,149.54
3654,42.6,44.43,21.58,17.7,18.62,61.28,0.181,0.8376,121.39
3655,51.55,28.59,22.5,25.08,13.87,57.73,0.1379,0.878,124.32
3656,31.95,44.41,16.12,24.98,21.07,65.83,0.1347,0.8771,121.5
3657,30.52,26.5,26.0,20.87,14.48,87.66,0.1873,0.8176,96.77
3658,47.87,20.11,18.65,26.04,18.9,58.31,0.144,0.8724,114.77
3659,27.9,38.85,23.11,17.78,17.66,17.81,0.1678,0.8931,111.9
3660,51.64,18.24,29.98,22.04,16.51,3.93,0.1477,0.9488,131.32
3661,49.46,29.64,26.17,25.0,19.06,6.72,0.1322,0.9413,140.58
3662,44.65,40.55,26.52,22.41,18.88,63.19,0.1827,0.8349,127.74
3663,27.86,65.43,30.98,26.63,14.39,70.63,0.1489,0.8619,142.46
3664,38.72,27.1,28.27,22.1,14.53,30.64,0.1262,0.9053,118.36
3665,39.58,23.35,24.19,19.29,16.37,78.27,0.197,0.813,99.81
3666,42.31,47.99,14.87,15.53,19.9,33.48,0.1148,0.9118,128.2
3667,44.43,38.18,22.77,18.22,16.69,65.84,0.113,0.8969,125.83
3668,34.01,36.06,24.44,23.44,19.75,90.8,0.1901,0.8134,112.0
3669,48.49,19.3,24.9,24.06,16.12,20.41,0.1903,0.8734,116.05
3670,44.16,54.05,16.79,11.94,13.0,83.85,0.1762,0.8301,116.16
3671,44.08,15.05,25.81,17.78,10.8,1.9,0.1151,0.9734,110.51
3672,38.21,37.84,28.55,21.86,16.91,78.5,0.1752,0.8336,119.51
3673,43.11,57.15,23.01,20.76,13.38,25.72,0.1171,0.9164,144.26
3674,22.86,36.64,27.11,16.93,17.23,1.87,0.106,0.9758,117.83
3675,43.18,31.71,21.52,26.05,15.6,2.16,0.1318,0.967,133.51
3676,53.26,23.11,26.06,23.58,13.66,45.52,0.171,0.8574,119.76
3677,46.25,27.85,34.24,28.77,12.2,11.97,0.1327,0.9261,138.27
3678,45.31,84.15,22.79,18.6,13.55,50.64,0.1717,0.853,157.28
3679,46.18,28.11,19.11,13.74,11.74,81.6,0.1936,0.8144,96.82
3680,49.67,42.0,28.56,20.57,12.15,62.98,0.1583,0.857,131.09
3681,38.41,25.08,23.5,28.05,7.33,78.14,0.1036,0.9016,110.33
3682,47.88,31.01,20.95,20.76,8.24,53.24,0.1042,0.9096,117.2
3683,43.66,18.24,21.11,22.41,15.41,66.2,0.116,0.894,108.02
3684,40.52,34.31,26.05,21.93,21.06,62.61,0.1671,0.8493,122.19
3685,50.8,30.28,25.07,14.76,15.7,17.78,0.1309,0.9166,125.23
3686,34.5,60.06,31.28,16.18,15.59,39.98,0.1371,0.8894,140.18
3687,34.8,24.96,26.94,17.75,18.52,69.83,0.1353,0.8748,107.59
3688,21.15,29.49,29.66,18.91,15.53,70.6,0.1366,0.8733,100.2
3689,32.57,50.26,24.96,23.95,15.44,20.56,0.1618,0.8921,131.3
3690,36.48,34.54,27.3,16.93,10.89,56.5,0.1584,0.8607,108.56
3691,39.6,32.78,24.61,10.2,14.93,10.37,0.1868,0.9014,110.08
3692,43.59,32.66,33.91,16.53,13.22,76.08,0.1987,0.8125,113.68
3693,47.05,23.55,27.2,18.17,14.59,72.7,0.184,0.8282,108.12
3694,29.37,29.43,17.6,25.37,13.44,77.3,0.1773,0.8321,95.87
3695,40.88,36.14,23.92,16.73,13.46,13.45,0.1371,0.9205,120.7
3696,32.13,21.99,26.01,6.74,14.37,32.37,0.1915,0.8542,86.48
3697,29.36,22.88,24.8,16.19,15.48,31.95,0.1365,0.8964,97.44
3698,42.59,56.92,29.03,20.06,12.12,17.67,0.1064,0.9324,149.86
3699,40.81,42.76,22.46,10.63,14.17,5.1,0.1508,0.9408,123.09
3700,43.95,39.49,25.02,22.33,14.68,68.57,0.1264,0.8836,128.54
3701,44.64,28.16,29.46,21.82,15.45,59.85,0.1485,0.8675,121.04
3702,36.14,38.23,17.91,20.06,18.49,39.08,0.1681,0.8653,113.22
3703,48.75,13.38,20.14,22.0,18.15,36.92,0.1862,0.853,104.42
3704,32.65,21.6,34.54,18.13,18.27,30.19,0.1251,0.9066,113.49
3705,31.56,44.95,23.11,17.35,17.25,12.38,0.1921,0.8918,119.68
3706,43.19,26.72,29.18,17.49,23.42,30.82,0.1992,0.8503,119.03
3707,41.72,32.18,30.36,18.71,15.47,57.89,0.1201,0.8937,123.72
3708,33.52,40.4,18.51,28.05,11.97,2.65,0.1347,0.9621,127.43
3709,33.34,25.9,20.7,16.97,20.45,16.27,0.1715,0.8939,104.91
3710,43.04,27.32,25.05,23.05,15.48,47.27,0.137,0.8847,118.49
3711,42.0,30.32,21.62,16.11,20.1,19.98,0.1221,0.9193,119.65
3712,31.69,37.18,27.01,19.91,14.51,19.1,0.1404,0.9086,118.39
3713,34.86,18.23,27.64,19.71,19.75,35.76,0.1705,0.8666,104.15
3714,32.71,39.49,26.02,6.41,22.28,38.17,0.1017,0.919,116.64
3715,23.04,34.67,24.75,20.47,10.72,26.23,0.1669,0.8802,100.04
3716,50.91,36.57,27.88,17.16,12.42,14.15,0.1901,0.8878,128.69
3717,41.91,26.03,30.97,13.03,17.32,52.48,0.1988,0.8282,107.05
3718,49.27,34.29,31.51,20.9,17.93,57.05,0.1254,0.8894,136.88
3719,37.56,51.31,26.35,24.27,15.41,34.51,0.1745,0.8647,133.93
3720,32.22,45.96,20.62,20.06,15.57,86.63,0.1167,0.8866,119.19
3721,33.0,57.18,24.12,24.13,12.7,85.83,0.1233,0.8805,133.07
3722,33.0,24.42,28.38,28.55,18.73,97.82,0.166,0.8344,111.05
3723,35.85,45.99,30.49,19.79,18.74,53.83,0.1818,0.8419,127.02
3724,27.62,27.27,30.33,20.9,17.05,67.08,0.1094,0.8997,110.83
3725,36.91,14.12,24.12,21.28,10.92,97.74,0.1385,0.8619,92.53
3726,35.4,50.82,26.13,23.34,15.71,87.47,0.1867,0.8183,123.9
3727,46.99,47.67,27.6,17.13,14.65,79.28,0.1753,0.833,128.31
3728,44.3,63.39,32.3,24.21,14.8,84.66,0.1051,0.8984,160.81
3729,36.94,19.49,21.22,24.27,10.28,61.76,0.1407,0.8735,98.01
3730,43.81,37.37,27.3,21.35,13.34,88.41,0.1404,0.863,123.57
3731,31.24,32.01,22.43,25.96,15.51,87.61,0.1656,0.8387,106.65
3732,29.9,55.31,30.84,24.26,15.48,59.82,0.1092,0.9026,140.61
3733,39.25,20.08,24.84,15.67,14.81,35.38,0.1363,0.8936,102.45
3734,40.82,31.63,26.19,20.13,13.38,50.05,0.1906,0.8372,110.64
3735,38.88,36.34,20.81,23.33,15.43,1.32,0.108,0.9802,132.13
3736,50.85,47.09,22.86,24.26,12.2,96.87,0.1125,0.8881,139.66
3737,45.5,41.31,34.92,9.76,16.35,33.9,0.1597,0.8768,129.62
3738,48.28,34.55,28.08,19.57,16.61,52.76,0.1365,0.8819,129.72
3739,35.57,30.91,25.93,24.96,12.6,83.78,0.1015,0.9021,117.25
3740,42.66,33.78,31.86,24.14,17.67,17.94,0.1246,0.9204,138.16
3741,31.65,47.28,32.54,13.91,12.79,90.64,0.1561,0.8468,117.01
3742,34.15,25.16,24.8,16.3,15.64,17.8,0.183,0.8834,102.52
3743,42.65,31.87,21.18,21.65,17.5,11.9,0.1648,0.9085,122.51
3744,32.88,31.87,24.24,19.55,14.9,71.55,0.1005,0.9065,111.9
3745,33.67,15.19,23.2,19.08,13.42,40.93,0.1214,0.9015,94.26
3746,43.45,16.0,25.51,20.16,15.04,36.45,0.1144,0.91,109.34
3747,33.89,19.27,26.36,19.04,17.18,45.87,0.1458,0.8782,101.65
3748,47.7,32.14,37.61,18.67,16.16,43.2,0.1309,0.8923,135.88
3749,38.29,42.76,19.81,22.36,13.65,7.58,0.1556,0.9274,126.93
3750,38.62,27.34,18.46,23.18,13.81,5.03,0.1197,0.9533,115.74
3751,42.01,18.27,22.06,20.32,14.93,42.38,0.1699,0.8609,101.24
3752,38.92,51.06,9.83,25.21,17.64,10.25,0.1417,0.9255,132.03
3753,42.24,39.15,15.54,17.68,16.08,23.99,0.1357,0.9052,118.3
3754,32.66,31.99,18.37,20.32,14.43,85.52,0.1686,0.8367,98.53
3755,18.23,38.58,30.67,19.19,13.98,26.63,0.1697,0.8777,105.9
3756,28.7,22.95,18.24,14.13,10.99,92.31,0.11,0.8917,84.72
3757,36.36,52.89,16.51,22.24,21.76,44.72,0.1882,0.8438,126.37
3758,43.92,39.76,20.78,24.59,14.08,58.91,0.1669,0.8517,121.9
3759,57.27,32.99,27.0,23.37,13.04,23.44,0.1336,0.9073,139.41
3760,35.26,30.55,22.44,21.04,18.97,2.87,0.1495,0.9561,122.61
3761,34.77,36.01,23.29,13.89,13.65,45.37,0.1185,0.9012,109.6
3762,42.7,42.45,22.13,22.75,15.92,63.79,0.1156,0.8953,130.66
3763,41.77,17.43,18.38,27.34,14.63,20.1,0.1898,0.8743,104.53
3764,42.05,25.59,20.38,19.56,14.18,91.78,0.1572,0.8454,102.92
3765,37.95,30.66,20.91,20.48,16.54,19.65,0.1666,0.8905,112.68
3766,24.15,30.17,28.17,25.08,16.17,75.26,0.1828,0.8279,102.46
3767,41.58,26.33,19.4,20.37,12.05,58.5,0.1801,0.8402,100.6
3768,39.62,47.77,30.1,19.29,14.29,6.82,0.1113,0.9503,143.56
3769,27.29,26.55,28.42,20.0,17.02,45.94,0.1775,0.8517,101.59
3770,44.65,22.82,17.18,23.18,16.46,14.12,0.1339,0.921,114.47
3771,45.84,29.02,26.93,23.7,14.46,36.32,0.1452,0.8859,123.98
3772,44.46,63.94,25.28,11.48,12.18,51.84,0.1022,0.912,143.49
3773,36.74,35.19,31.8,22.7,18.85,34.86,0.1477,0.8852,128.61
3774,41.77,28.86,20.91,20.63,17.16,26.56,0.1298,0.9065,117.24
3775,32.82,30.67,28.27,16.84,22.81,45.76,0.1481,0.8764,115.15
3776,28.92,17.36,28.98,25.72,15.22,62.06,0.1874,0.8313,96.6
3777,39.21,32.47,16.27,22.62,16.84,87.28,0.1752,0.8296,105.7
3778,27.98,38.48,31.55,14.77,15.93,58.18,0.1423,0.8739,112.48
3779,38.93,41.7,21.33,22.96,10.62,25.9,0.1295,0.9074,122.99
3780,39.58,32.85,27.35,24.68,15.86,93.49,0.1259,0.8756,122.86
3781,33.46,25.96,23.9,16.91,9.48,18.51,0.1626,0.8951,98.2
3782,55.53,50.26,24.04,20.86,12.61,25.91,0.1357,0.9029,147.45
3783,35.21,30.13,20.97,19.67,15.89,11.77,0.1483,0.918,111.88
3784,41.7,23.64,22.03,20.07,14.94,61.87,0.1286,0.8844,108.22
3785,38.47,25.73,27.25,18.72,6.43,16.06,0.1534,0.9055,105.59
3786,47.52,30.59,32.09,18.23,15.61,12.26,0.1026,0.9424,135.74
3787,37.32,31.1,18.91,22.48,11.55,79.03,0.1395,0.8673,105.26
3788,29.86,28.18,22.34,20.45,17.05,71.56,0.1818,0.8309,97.96
3789,43.32,39.64,26.31,23.09,14.75,87.46,0.1205,0.8827,129.87
3790,27.98,33.8,26.04,24.3,18.61,57.0,0.1421,0.8747,114.34
3791,33.21,49.84,27.5,26.44,10.23,26.47,0.1459,0.8951,131.78
3792,35.92,36.12,30.81,16.96,9.51,73.91,0.197,0.8153,105.43
3793,36.22,30.35,16.43,25.23,18.34,48.05,0.1832,0.8451,106.97
3794,37.23,28.58,22.14,21.84,18.88,48.33,0.1517,0.8716,112.16
3795,36.59,29.84,30.22,20.75,22.63,20.09,0.1202,0.9204,128.88
3796,41.01,22.75,24.1,21.31,15.95,75.45,0.1557,0.8534,106.78
3797,34.56,31.84,19.25,19.47,15.81,86.67,0.1596,0.8449,102.18
3798,43.48,42.4,18.67,13.61,15.97,42.25,0.1471,0.8797,117.99
3799,33.27,47.77,24.94,23.32,17.28,21.69,0.1294,0.9123,133.72
3800,29.84,37.6,22.93,22.33,15.11,14.83,0.1809,0.8915,113.95
3801,30.95,135.48,35.79,21.24,9.3,13.27,0.1339,0.9227,214.77
3802,36.71,39.84,24.22,14.13,13.82,33.45,0.14,0.8924,114.86
3803,47.77,17.49,21.18,20.7,13.64,79.44,0.1335,0.8728,105.42
3804,39.78,41.31,31.24,21.8,13.32,91.74,0.1907,0.8124,119.79
3805,36.31,55.01,24.6,27.44,17.33,80.37,0.1631,0.8442,135.66
3806,39.68,31.47,28.87,21.54,20.37,38.55,0.1063,0.9151,129.88
3807,30.32,19.48,34.41,13.02,14.8,63.83,0.1235,0.8881,99.51
3808,26.35,16.97,32.39,22.07,11.71,14.44,0.1704,0.8987,98.4
3809,32.1,33.68,26.86,24.7,14.09,75.85,0.1491,0.8595,112.96
3810,31.61,23.33,28.64,18.68,11.67,67.08,0.1526,0.8602,98.0
3811,59.19,32.18,31.73,13.83,14.78,47.14,0.1181,0.9006,136.65
3812,55.37,30.12,20.22,27.5,10.11,75.8,0.1842,0.8263,118.43
3813,55.29,62.95,18.47,20.49,13.75,71.06,0.1748,0.8376,143.19
3814,30.27,48.91,35.07,17.85,17.25,90.05,0.1504,0.8527,127.35
3815,54.04,27.93,18.74,23.19,15.0,49.84,0.135,0.8848,122.9
3816,34.3,29.64,36.34,16.27,16.42,81.55,0.159,0.8476,112.71
3817,53.16,50.78,21.53,16.25,16.53,62.27,0.1116,0.8995,142.33
3818,43.51,36.71,20.49,18.48,12.02,71.33,0.1462,0.8641,113.37
3819,32.06,39.73,28.97,20.96,14.81,15.61,0.1094,0.9332,127.41
3820,53.24,56.13,16.97,17.57,18.33,34.66,0.1926,0.8506,137.99
3821,52.92,25.7,37.86,22.24,15.75,23.57,0.1261,0.9124,140.93
3822,31.51,51.22,34.62,22.76,16.08,12.84,0.1381,0.9212,143.89
3823,42.61,29.9,32.7,19.89,14.21,52.4,0.1583,0.8633,120.25
3824,24.5,14.26,17.37,19.21,12.32,15.74,0.1233,0.9246,81.05
3825,36.84,21.94,31.47,23.39,14.58,21.49,0.1302,0.912,116.94
3826,36.9,24.15,30.95,22.38,15.78,48.59,0.1901,0.8389,109.18
3827,36.73,59.83,25.83,15.72,14.92,57.93,0.1833,0.8378,128.2
3828,52.89,33.29,29.21,24.89,14.47,25.66,0.1197,0.9147,141.54
3829,29.31,30.99,28.09,23.08,14.66,14.02,0.1407,0.9172,115.7
3830,38.21,63.66,18.94,17.85,16.96,76.28,0.1467,0.8615,134.08
3831,46.04,25.64,22.82,13.43,14.43,73.75,0.167,0.8436,103.22
3832,29.48,29.89,23.49,21.16,12.23,24.55,0.1748,0.877,101.95
3833,32.93,35.42,17.42,20.91,13.43,73.29,0.1926,0.8198,98.47
3834,48.92,34.27,28.77,21.06,18.03,23.13,0.1537,0.8937,135.0
3835,50.76,40.06,30.65,25.52,15.56,62.95,0.1737,0.8432,137.06
3836,36.53,43.58,27.26,19.88,11.69,70.5,0.1862,0.8274,114.96
3837,46.86,25.12,34.37,21.55,16.09,35.3,0.1855,0.8554,123.16
3838,52.45,16.56,26.74,22.25,12.65,27.25,0.1886,0.8632,112.78
3839,36.74,41.02,25.1,18.22,15.19,58.88,0.1322,0.8825,120.26
3840,46.33,16.69,22.24,23.11,18.08,4.74,0.1657,0.9371,118.5
3841,36.62,39.82,26.38,25.44,12.77,97.95,0.1687,0.8317,117.29
3842,29.17,46.93,11.52,18.34,11.77,6.43,0.1231,0.9464,111.43
3843,40.03,54.9,33.82,12.7,16.31,93.05,0.1928,0.8098,127.75
3844,38.04,33.22,26.96,16.83,14.66,99.27,0.1703,0.8296,107.61
3845,32.59,78.14,30.67,20.26,15.43,13.21,0.1158,0.9332,165.26
3846,37.29,20.07,30.73,13.7,18.37,56.37,0.1102,0.9031,108.51
3847,38.19,62.65,28.68,17.91,13.08,69.21,0.1707,0.8424,135.22
3848,42.23,25.76,19.89,20.13,15.87,80.6,0.1544,0.8524,105.6
3849,48.32,35.51,8.2,22.57,15.63,5.74,0.177,0.9267,120.67
3850,48.33,37.27,35.91,23.93,11.06,37.2,0.1318,0.8957,140.18
3851,39.31,60.01,25.09,21.41,16.99,22.58,0.1278,0.9123,148.53
3852,35.62,22.56,23.31,19.32,16.37,88.82,0.1225,0.8803,103.16
3853,50.72,82.25,23.68,18.39,14.45,97.23,0.1063,0.8941,169.42
3854,39.2,14.85,22.69,19.78,17.9,65.02,0.1207,0.8902,101.85
3855,35.22,33.9,24.92,23.21,9.43,62.77,0.1636,0.8524,107.99
3856,41.36,44.03,24.62,22.12,13.52,45.76,0.1283,0.8929,130.06
3857,25.39,52.91,25.58,20.12,16.98,21.61,0.1317,0.9108,128.41
3858,36.24,19.77,23.79,25.28,13.09,20.94,0.1201,0.9195,108.65
3859,35.7,15.92,29.44,18.69,12.14,43.36,0.1481,0.878,98.24
3860,33.68,59.14,28.63,24.36,16.1,15.16,0.1529,0.9076,146.95
3861,43.04,38.58,22.33,18.24,12.2,38.19,0.1975,0.8427,113.25
3862,48.62,16.34,25.97,15.56,16.84,69.07,0.149,0.8625,106.37
3863,53.54,28.55,19.18,20.3,17.74,88.46,0.1702,0.8339,116.17
3864,36.03,26.05,28.12,12.78,14.39,55.81,0.1513,0.8673,101.79
3865,37.74,55.1,33.45,18.82,14.47,54.3,0.1899,0.8345,133.17
3866,34.56,30.28,29.42,23.22,13.21,20.09,0.1332,0.9118,119.17
3867,44.3,32.53,24.59,23.16,14.86,81.09,0.169,0.8383,116.9
3868,25.06,31.6,20.17,25.36,13.79,59.07,0.1306,0.8839,102.5
3869,36.89,68.3,28.42,17.18,18.79,95.7,0.1816,0.8198,139.02
3870,42.33,50.32,22.03,15.73,18.99,65.23,0.13,0.8816,131.71
3871,35.02,46.15,25.14,22.62,14.63,59.95,0.1184,0.8944,128.39
3872,36.57,37.95,28.83,17.02,17.63,29.81,0.1928,0.8565,118.2
3873,47.93,37.8,20.99,20.87,16.43,60.9,0.1897,0.83,119.54
3874,39.55,24.33,25.52,15.9,12.31,66.99,0.1656,0.8482,99.76
3875,49.56,49.59,19.81,18.18,11.56,29.75,0.1241,0.9077,134.97
3876,53.1,30.11,23.38,18.03,13.79,6.87,0.1313,0.9412,130.27
3877,44.25,20.97,22.77,19.95,12.4,68.88,0.1719,0.8415,101.26
3878,37.67,33.0,31.13,19.54,15.86,50.46,0.1144,0.9021,123.78
3879,52.65,35.19,26.09,20.89,16.47,39.63,0.1355,0.891,134.79
3880,19.79,59.96,21.69,20.89,12.85,72.05,0.1993,0.8143,110.08
3881,27.59,49.3,22.95,21.89,17.57,73.9,0.1652,0.8452,117.74
3882,46.16,23.58,30.14,18.64,19.9,33.09,0.109,0.9165,126.86
3883,59.79,53.02,17.2,21.95,13.53,6.74,0.1846,0.918,151.92
3884,45.46,12.39,20.99,24.12,16.21,21.41,0.1025,0.9308,110.92
3885,41.48,41.35,19.81,15.35,16.51,92.31,0.1972,0.8058,108.36
3886,36.27,26.58,25.88,16.02,15.05,30.12,0.1973,0.8527,102.15
3887,44.45,19.96,25.68,22.82,19.83,16.01,0.1329,0.9182,121.88
3888,49.26,21.84,24.3,23.16,17.14,87.43,0.1551,0.8491,115.22
3889,45.99,62.89,24.65,18.69,17.18,4.82,0.1091,0.9583,162.34
3890,40.5,41.93,18.34,22.41,13.79,80.96,0.1322,0.8735,119.64
3891,48.27,40.71,20.37,18.47,17.79,77.68,0.1647,0.8439,122.88
3892,42.44,51.59,27.96,19.92,14.16,57.06,0.1562,0.8622,134.57
3893,44.08,31.87,17.74,19.91,17.04,64.0,0.1031,0.9065,118.43
3894,47.77,60.73,23.71,20.48,10.18,17.35,0.1225,0.9226,150.26
3895,32.53,32.02,29.83,25.56,17.0,57.09,0.1973,0.8259,113.11
3896,39.82,9.93,26.1,29.92,16.99,54.76,0.1773,0.8452,103.75
3897,40.91,66.58,21.62,14.53,15.85,18.69,0.1741,0.8874,141.53
3898,30.39,10.76,28.63,17.73,8.12,74.45,0.1442,0.8646,82.68
3899,31.28,31.46,21.42,17.22,17.74,4.62,0.1151,0.9569,113.98
3900,34.99,47.3,25.31,25.52,18.52,36.16,0.1782,0.8601,130.42
3901,48.33,13.67,21.14,24.76,11.42,65.42,0.1153,0.8949,106.79
3902,38.43,33.02,17.6,23.56,17.87,80.21,0.1896,0.819,106.87
3903,41.04,32.8,24.43,18.42,11.69,57.17,0.1057,0.9068,116.41
3904,42.47,50.52,31.07,20.85,13.17,92.06,0.173,0.8298,131.17
3905,45.05,42.46,30.73,13.65,14.37,37.36,0.1354,0.8927,130.57
3906,44.01,20.48,28.69,22.92,17.94,96.6,0.157,0.8438,113.1
3907,40.54,27.0,28.6,21.56,16.75,23.82,0.1106,0.9228,124.08
3908,38.89,22.79,28.81,18.15,14.88,48.58,0.1058,0.9103,112.45
3909,48.76,16.65,24.0,23.12,14.32,91.83,0.188,0.815,103.39
3910,36.06,26.98,18.79,19.2,16.29,55.44,0.1971,0.8274,97.06
3911,50.88,63.35,25.85,12.6,15.37,64.41,0.1803,0.8364,140.55
3912,35.43,41.81,29.71,25.11,17.95,92.04,0.1548,0.8477,127.17
3913,37.73,41.51,29.32,26.93,12.4,94.41,0.1514,0.8501,125.73
3914,45.67,21.57,26.18,14.54,20.67,22.99,0.1942,0.866,111.39
3915,58.92,16.04,26.7,21.07,17.7,79.44,0.118,0.8876,124.64
3916,24.51,43.93,18.01,25.96,9.29,95.75,0.1848,0.8166,99.38
3917,46.93,52.41,32.8,14.71,15.51,4.77,0.1957,0.9256,150.27
3918,43.78,37.36,24.43,11.51,11.37,50.72,0.1545,0.8676,111.45
3919,36.37,47.43,14.46,19.05,14.7,84.45,0.1196,0.8844,116.76
3920,42.87,30.62,24.32,20.36,7.96,42.53,0.1442,0.8819,111.23
3921,30.39,35.79,25.4,25.15,10.88,49.45,0.1581,0.8654,110.44
3922,33.66,26.22,27.68,29.13,14.81,95.59,0.1258,0.8751,115.09
3923,43.42,40.84,24.64,22.7,13.48,68.69,0.1914,0.8236,119.49
3924,31.93,32.49,22.11,13.01,18.11,62.32,0.1557,0.8598,101.16
3925,41.21,44.59,22.35,21.81,13.77,78.12,0.1239,0.8824,126.84
3926,34.69,47.86,25.01,19.44,16.36,79.48,0.132,0.8743,125.33
3927,36.37,30.39,24.09,23.83,18.73,77.94,0.1646,0.8438,112.58
3928,48.61,42.98,34.97,12.44,10.88,24.48,0.1888,0.8673,129.98
3929,30.68,26.5,23.36,23.7,11.66,1.45,0.135,0.9737,112.86
3930,39.73,71.79,21.16,26.33,13.04,56.26,0.1047,0.908,156.22
3931,43.83,61.56,30.43,20.88,14.77,5.48,0.1149,0.9534,163.47
3932,42.06,39.38,25.01,24.67,17.06,1.16,0.1,0.9833,145.71
3933,35.27,25.83,29.55,23.14,10.7,99.55,0.1763,0.8235,102.52
3934,42.92,38.6,24.56,11.36,11.27,58.48,0.1248,0.8893,114.46
3935,31.76,21.55,28.58,20.65,15.17,69.36,0.1762,0.8372,98.55
3936,36.1,41.23,31.31,21.35,10.6,98.87,0.1917,0.8083,113.64
3937,52.73,14.92,32.13,15.75,12.92,41.64,0.124,0.8989,115.47
3938,45.12,22.74,28.81,21.26,12.66,88.51,0.181,0.8234,107.51
3939,40.02,40.55,14.62,13.42,13.87,72.83,0.139,0.8701,106.58
3940,43.6,61.1,17.43,20.09,19.65,32.37,0.1639,0.8751,141.66
3941,33.55,40.53,26.51,21.78,12.92,9.34,0.1763,0.9106,123.19
3942,42.25,30.8,17.71,29.77,12.06,63.75,0.1462,0.8676,115.04
3943,36.39,23.8,19.58,16.39,13.18,97.96,0.1174,0.8828,96.52
3944,35.36,28.52,29.5,22.96,12.86,55.87,0.1009,0.9115,117.75
3945,39.01,17.26,21.68,15.13,16.89,95.54,0.1009,0.8999,98.95
3946,35.19,29.86,22.16,24.59,16.32,8.85,0.1509,0.925,118.52
3947,41.13,84.47,23.02,19.79,12.96,93.57,0.1857,0.8165,148.1
3948,43.33,36.83,31.07,22.29,14.56,93.91,0.1496,0.8521,126.18
3949,37.82,41.36,31.31,16.38,12.97,40.15,0.126,0.8983,125.61
3950,17.19,16.63,36.68,22.15,15.49,10.87,0.1139,0.9388,101.52
3951,33.05,61.4,29.28,17.64,18.25,96.5,0.1329,0.8678,138.52
3952,31.35,64.31,32.89,19.49,18.14,87.88,0.1894,0.8155,135.52
3953,42.96,38.14,21.48,15.56,16.29,95.98,0.1484,0.8525,114.61
3954,34.16,44.75,17.96,18.58,13.26,29.13,0.1124,0.9169,118.02
3955,35.99,26.79,28.03,21.1,12.86,32.1,0.1238,0.9059,113.03
3956,46.72,31.34,24.04,19.93,10.74,50.27,0.1996,0.8294,110.11
3957,33.76,102.8,33.34,24.95,14.68,58.69,0.1536,0.8636,180.95
3958,41.62,29.03,23.08,17.69,12.96,59.06,0.11,0.9022,112.21
3959,35.06,72.78,21.94,26.39,17.96,21.94,0.135,0.9081,158.13
3960,36.23,79.59,23.52,18.64,10.8,3.87,0.1041,0.9642,162.74
3961,30.69,41.77,24.79,26.53,17.22,92.45,0.1035,0.898,126.63
3962,35.83,33.35,25.16,21.33,10.68,74.8,0.1809,0.83,104.87
3963,44.06,20.6,25.75,28.26,11.92,12.74,0.1036,0.941,122.9
3964,32.28,43.42,31.73,20.64,12.68,62.06,0.1817,0.8365,117.74
3965,34.28,35.21,19.24,13.74,12.42,19.92,0.1014,0.933,107.2
3966,57.52,33.54,29.43,19.05,18.27,4.99,0.1667,0.9352,147.58
3967,42.05,28.92,28.5,19.97,14.8,17.98,0.1806,0.8846,118.74
3968,42.71,39.48,26.59,26.52,18.47,72.69,0.1264,0.882,135.62
3969,34.99,42.19,27.24,12.96,15.18,49.84,0.1302,0.8889,117.84
3970,48.34,34.54,22.76,16.38,12.62,29.78,0.1946,0.8552,115.13
3971,49.64,56.05,18.04,20.88,10.8,75.07,0.1253,0.8822,137.09
3972,35.16,34.74,26.91,21.26,13.88,48.15,0.1144,0.9033,119.18
3973,48.55,32.96,22.62,25.0,13.12,37.01,0.1199,0.9053,128.78
3974,50.72,22.33,27.9,12.14,16.48,8.66,0.1137,0.944,122.32
3975,23.45,32.18,23.4,17.15,17.98,12.71,0.1064,0.9395,107.25
3976,46.88,34.1,29.27,23.37,19.18,27.79,0.1783,0.8699,132.93
3977,33.89,13.1,30.3,19.75,16.4,27.79,0.1209,0.9118,103.42
3978,50.6,42.97,29.62,22.84,12.12,21.94,0.1736,0.8819,139.48
3979,33.6,50.48,31.27,19.48,17.03,11.11,0.1024,0.9445,143.43
3980,44.86,84.37,24.93,24.15,17.07,62.1,0.121,0.8911,174.1
3981,25.92,24.13,30.01,17.35,12.52,49.62,0.1187,0.8988,98.81
3982,48.92,33.51,23.15,19.0,15.64,63.86,0.1115,0.899,126.06
3983,40.59,41.97,22.28,19.78,13.4,47.97,0.1748,0.8523,117.63
3984,50.33,34.24,25.41,17.1,12.4,60.79,0.171,0.8469,118.13
3985,34.27,25.94,31.56,20.46,17.88,86.23,0.1827,0.8228,107.05
3986,41.71,19.45,23.99,18.25,15.36,6.16,0.1645,0.9297,110.4
3987,52.15,36.03,29.52,21.26,18.01,56.34,0.1551,0.8636,135.56
3988,39.79,57.25,20.0,21.06,14.51,30.16,0.1956,0.8539,130.32
3989,43.44,35.07,15.63,17.02,13.15,20.36,0.1424,0.9053,112.54
3990,45.59,34.15,22.58,22.2,9.33,28.41,0.1732,0.8728,116.83
3991,27.58,40.84,24.74,20.97,20.13,86.94,0.1196,0.8837,118.66
3992,35.83,47.32,29.98,17.64,18.26,86.19,0.1796,0.8257,123.06
3993,49.1,39.91,23.84,23.5,12.46,12.68,0.1717,0.9025,134.31
3994,23.62,21.34,33.07,20.46,8.18,89.4,0.1318,0.8711,92.91
3995,48.94,42.06,27.51,24.29,18.15,74.74,0.1962,0.8157,131.28
3996,35.29,27.23,23.84,25.68,16.01,4.24,0.1878,0.9325,119.39
3997,56.44,26.25,26.17,15.62,17.49,76.01,0.1782,0.8319,118.1
3998,43.5,22.72,19.73,26.74,9.01,2.49,0.1506,0.9592,116.73
3999,33.6,33.81,23.87,22.21,11.19,46.04,0.156,0.8696,108.41
4000,47.84,28.22,24.11,21.24,15.34,26.8,0.1844,0.8668,118.54
4001,51.47,31.13,25.97,17.26,13.0,54.82,0.1613,0.8591,119.26
4002,44.83,23.48,23.54,21.36,13.5,82.42,0.1505,0.8554,108.39
4003,36.43,50.07,27.33,11.12,9.0,5.76,0.1328,0.9449,126.58
4004,51.51,29.93,16.96,15.59,13.69,32.38,0.1505,0.8854,113.04
4005,32.57,26.17,30.52,12.55,15.62,46.34,0.1011,0.9153,107.49
4006,48.57,17.81,24.89,19.44,17.01,79.21,0.1874,0.8216,104.94
4007,20.73,68.6,28.82,25.43,16.2,40.62,0.1656,0.8659,138.36
4008,40.94,18.79,30.21,21.04,13.7,12.53,0.1722,0.9026,112.53
4009,35.53,39.26,25.92,22.37,17.39,5.79,0.148,0.9384,131.83
4010,29.02,45.61,29.34,19.07,13.75,61.68,0.1968,0.8231,112.6
4011,50.44,29.97,26.8,20.05,20.71,6.87,0.1711,0.9233,136.62
4012,22.82,41.39,26.59,12.83,16.05,82.22,0.1987,0.8092,96.85
4013,51.07,42.68,22.56,24.21,14.83,81.67,0.199,0.8092,125.7
4014,27.74,48.99,31.04,22.04,15.08,99.35,0.1502,0.8497,123.12
4015,48.43,44.56,25.55,23.13,12.4,48.57,0.1874,0.8411,129.59
4016,33.77,30.88,31.97,21.38,17.29,36.34,0.1516,0.8808,119.17
4017,24.37,29.82,19.42,18.17,12.69,95.92,0.1213,0.8795,91.88
4018,36.38,79.44,22.03,22.05,18.18,80.38,0.1032,0.9014,160.51
4019,44.51,54.21,19.49,18.81,15.63,24.42,0.1358,0.9046,138.08
4020,32.81,26.47,30.44,19.67,12.57,82.78,0.1711,0.8355,101.9
4021,42.08,39.94,27.99,24.54,16.24,86.0,0.1204,0.8833,133.18
4022,45.52,40.99,17.31,24.03,13.02,86.26,0.159,0.8457,119.14
4023,51.94,34.74,20.78,18.09,12.74,83.37,0.1412,0.864,119.49
4024,40.51,70.66,19.33,21.51,15.56,30.77,0.1779,0.8664,145.17
4025,49.33,33.58,30.14,24.31,15.92,33.97,0.187,0.8557,131.15
4026,46.79,33.86,31.04,14.11,13.65,88.97,0.1528,0.8507,118.64
4027,39.26,48.64,22.66,20.46,13.58,25.62,0.1596,0.8863,128.16
4028,49.18,23.98,14.66,20.46,13.85,42.8,0.1085,0.9109,111.25
4029,47.15,28.34,15.1,13.26,16.75,9.15,0.1724,0.9132,110.13
4030,38.67,63.0,31.55,16.16,16.96,73.88,0.1052,0.9014,149.95
4031,45.71,34.59,31.18,15.1,16.68,56.87,0.1526,0.8656,123.99
4032,42.17,25.37,32.79,19.48,13.05,68.85,0.1143,0.8946,118.86
4033,44.38,37.54,24.38,20.86,21.4,32.37,0.1345,0.8976,133.33
4034,55.06,37.06,14.72,14.33,8.22,72.72,0.1521,0.858,111.02
4035,33.57,59.74,27.45,17.14,12.23,56.21,0.1806,0.8413,126.3
4036,42.04,54.08,22.56,19.23,16.53,97.83,0.1001,0.9001,139.01
4037,40.24,37.99,33.86,27.35,19.57,1.42,0.1227,0.9764,155.25
4038,46.31,67.93,28.43,17.74,15.97,65.89,0.1676,0.8471,149.41
4039,36.38,58.31,26.0,19.77,14.05,24.07,0.1223,0.9144,141.28
4040,35.47,40.38,23.02,21.27,18.54,14.82,0.1112,0.9333,129.42
4041,39.49,24.95,31.71,26.95,13.52,56.94,0.1584,0.8604,117.54
4042,43.8,71.65,21.42,20.62,12.55,39.76,0.1193,0.9039,153.7
4043,36.34,58.13,18.07,27.12,17.41,51.89,0.1179,0.8984,141.12
4044,18.76,21.56,25.41,13.95,19.37,26.37,0.1513,0.8912,88.28
4045,32.38,27.59,30.44,22.89,10.28,77.44,0.1544,0.8537,105.5
4046,51.32,20.53,33.21,16.77,19.96,64.23,0.1525,0.8617,122.18
4047,52.38,22.78,17.13,19.01,17.72,58.72,0.1839,0.8367,107.94
4048,36.03,58.14,31.36,18.22,17.47,71.38,0.1068,0.9007,145.2
4049,54.38,36.28,24.69,15.72,17.59,76.1,0.1131,0.8933,132.79
4050,37.39,26.83,29.04,24.4,16.95,56.07,0.1291,0.8866,119.35
4051,27.72,47.36,17.86,16.03,16.35,14.45,0.1417,0.9157,114.76
4052,37.55,48.99,23.08,17.39,14.26,26.96,0.107,0.9226,130.34
4053,45.8,59.73,28.24,19.06,11.23,11.21,0.1171,0.9364,153.62
4054,35.48,44.67,25.0,17.3,12.29,17.18,0.1705,0.8926,120.28
4055,44.83,45.22,24.39,21.17,15.82,8.74,0.1453,0.9282,140.55
4056,42.14,25.18,23.31,12.44,15.28,53.35,0.1936,0.832,98.47
4057,37.71,36.39,25.03,16.38,12.7,71.12,0.1343,0.8752,112.22
4058,46.21,34.57,25.11,16.96,13.19,15.45,0.1962,0.8807,119.81
4059,49.83,13.69,19.34,16.53,14.87,5.57,0.1578,0.9355,106.9
4060,41.45,40.39,22.21,25.5,13.05,46.08,0.1249,0.8955,127.7
4061,44.72,17.67,27.97,18.25,12.77,97.05,0.1017,0.8987,109.09
4062,28.35,46.7,24.34,18.05,17.44,60.46,0.196,0.8247,111.24
4063,51.13,29.99,27.47,20.7,11.92,81.39,0.168,0.8391,118.5
4064,35.74,30.2,24.17,24.07,14.9,21.0,0.1623,0.8911,115.02
4065,33.11,28.64,22.14,17.41,16.5,92.78,0.1302,0.8717,102.68
4066,47.09,27.42,30.12,21.01,15.25,44.07,0.1498,0.8761,123.44
4067,36.93,31.94,28.22,14.88,13.87,30.6,0.1006,0.9246,116.35
4068,34.45,50.72,24.46,21.28,19.75,52.81,0.1543,0.8664,130.53
4069,37.65,22.68,28.88,19.84,17.62,79.96,0.125,0.8807,111.56
4070,30.27,35.16,28.1,15.79,20.56,79.0,0.1629,0.845,109.75
4071,34.36,81.44,22.14,13.11,13.55,38.93,0.1023,0.9181,151.13
4072,48.18,26.76,25.83,24.77,15.51,18.41,0.1943,0.8749,123.4
4073,49.33,34.78,26.89,23.65,18.04,15.59,0.1783,0.8912,136.07
4074,40.52,49.01,27.44,22.11,20.85,27.78,0.1976,0.8559,136.88
4075,34.56,83.86,33.8,25.17,18.07,92.95,0.1215,0.8801,172.04
4076,43.31,65.11,28.22,22.15,13.86,22.09,0.128,0.9127,157.58
4077,24.83,33.09,28.29,16.25,15.13,62.98,0.1282,0.8842,103.97
4078,49.37,40.95,19.57,20.8,14.98,26.74,0.1072,0.9227,134.4
4079,39.44,32.21,38.27,26.1,15.38,83.55,0.1756,0.8308,125.78
4080,31.73,54.18,18.56,17.84,14.13,69.5,0.1291,0.8807,120.16
4081,51.9,33.37,22.24,18.8,15.52,85.26,0.1442,0.8604,122.03
4082,40.34,69.15,22.45,21.53,6.02,46.19,0.1538,0.8713,138.97
4083,36.59,16.17,23.43,26.05,12.08,57.88,0.1644,0.8545,97.69
4084,56.4,44.73,20.62,22.69,17.21,24.07,0.1512,0.8942,144.54
4085,35.8,47.2,16.9,16.58,21.09,12.76,0.1106,0.9371,128.92
4086,45.99,12.78,30.9,20.43,15.72,89.28,0.156,0.8475,106.63
4087,45.55,18.2,22.42,20.41,13.85,29.14,0.1054,0.9221,111.04
4088,33.22,59.21,14.4,22.6,11.51,73.41,0.1245,0.8835,124.52
4089,38.88,43.08,23.57,14.49,12.72,21.82,0.1775,0.8794,116.74
4090,37.98,48.05,27.22,14.61,14.85,41.34,0.1354,0.8899,127.0
4091,25.87,68.5,17.02,19.57,15.93,98.86,0.1821,0.8179,120.15
4092,24.29,30.47,28.09,19.92,12.82,11.57,0.1325,0.9272,107.17
4093,22.59,68.29,26.58,16.61,14.93,23.96,0.1064,0.9256,137.91
4094,36.4,112.8,20.65,20.29,16.6,73.67,0.1352,0.8733,180.55
4095,32.05,58.06,26.43,20.09,17.9,11.75,0.1578,0.9128,141.06
4096,32.55,41.62,33.13,27.34,15.64,84.86,0.1539,0.8512,127.9
4097,36.63,34.23,25.28,18.41,13.7,3.45,0.1851,0.94,120.56
4098,40.03,38.07,22.51,15.34,10.67,50.77,0.1691,0.8551,108.26
4099,37.5,37.54,20.89,25.83,14.09,38.3,0.1438,0.8854,120.27
4100,34.36,35.39,34.07,17.8,17.48,13.74,0.1764,0.8969,124.76
4101,55.45,22.52,23.96,21.67,15.63,64.75,0.1161,0.8945,124.54
4102,38.39,41.51,23.81,24.52,16.46,96.5,0.1508,0.85,122.99
4103,47.99,38.41,29.4,26.76,17.43,59.32,0.1196,0.8935,142.95
4104,30.11,60.44,27.86,20.61,18.76,20.75,0.169,0.887,139.95
4105,50.68,43.98,18.11,15.34,16.78,10.71,0.1322,0.9294,134.65
4106,35.61,26.12,26.02,21.64,16.27,80.22,0.1792,0.8289,104.16
4107,62.41,22.57,22.56,19.52,7.34,84.91,0.1242,0.8799,118.26
4108,29.51,34.92,30.89,15.76,16.72,61.45,0.1907,0.8288,105.92
4109,31.46,24.73,19.24,23.82,20.6,1.78,0.1581,0.9649,115.64
4110,38.49,37.09,28.97,23.43,10.88,10.68,0.1568,0.9163,127.24
4111,37.16,26.7,15.19,25.47,18.14,69.45,0.1993,0.8159,100.09
4112,30.62,58.35,28.24,20.86,18.4,30.43,0.1205,0.9098,142.36
4113,51.79,44.24,28.87,13.38,15.93,28.44,0.1239,0.909,140.17
4114,50.95,52.06,20.5,27.5,10.45,38.21,0.1848,0.8528,137.69
4115,37.28,32.77,29.33,14.37,10.73,80.21,0.1676,0.84,104.57
4116,48.08,37.89,24.37,16.43,15.53,79.08,0.1657,0.8423,119.86
4117,51.38,50.52,14.06,17.9,19.63,26.93,0.1855,0.8659,132.91
4118,39.92,40.52,26.49,22.4,10.0,75.92,0.1935,0.8176,113.9
4119,34.64,46.46,20.98,18.8,14.14,27.93,0.1588,0.884,119.36
4120,50.25,26.66,29.65,22.51,17.21,18.4,0.1251,0.9195,134.5
4121,49.01,49.33,31.55,15.49,13.84,91.12,0.1268,0.8754,139.38
4122,29.97,27.7,22.94,19.06,14.29,43.51,0.1876,0.8454,96.34
4123,51.33,80.62,19.55,23.62,19.37,63.01,0.1147,0.8964,174.34
4124,31.84,37.84,24.87,24.48,16.92,16.1,0.1418,0.9126,124.06
4125,43.03,54.45,28.66,23.2,16.44,11.39,0.116,0.9366,155.26
4126,33.47,29.33,21.96,21.85,11.31,74.87,0.1684,0.8417,99.24
4127,41.31,32.12,27.29,17.37,13.08,75.63,0.1665,0.8431,110.59
4128,40.93,31.5,29.48,16.78,15.44,66.58,0.1899,0.8263,110.83
4129,57.86,17.31,30.62,23.08,14.94,45.26,0.1391,0.8842,127.15
4130,27.02,12.19,26.91,20.34,15.97,86.31,0.123,0.8806,90.21
4131,33.84,31.19,16.38,16.45,19.34,6.94,0.1364,0.9386,110.01
4132,36.28,16.44,23.52,23.55,15.03,80.15,0.1697,0.838,96.22
4133,42.63,39.24,23.95,17.66,16.53,28.51,0.1096,0.9194,128.74
4134,37.5,32.84,25.44,25.6,5.4,90.63,0.1084,0.8937,113.31
4135,22.42,11.34,12.13,18.06,13.47,21.05,0.1947,0.8692,67.28
4136,45.9,28.29,21.01,17.38,16.72,13.05,0.1086,0.9377,121.24
4137,50.68,34.65,24.09,17.64,13.18,31.11,0.1963,0.8521,119.5
4138,43.46,61.55,27.21,18.77,12.14,32.83,0.1725,0.8681,141.61
4139,36.35,29.15,36.29,22.45,21.49,66.05,0.1483,0.8646,126.01
4140,41.64,18.15,28.3,19.46,17.14,16.32,0.1063,0.9342,116.48
4141,30.26,17.25,20.02,26.48,13.36,30.99,0.1429,0.8925,95.82
4142,48.49,28.41,20.85,19.66,18.38,60.94,0.1897,0.83,112.71
4143,43.98,23.6,21.6,15.87,13.76,29.26,0.1635,0.8789,104.42
4144,35.73,32.23,23.04,20.87,10.91,40.28,0.1332,0.8924,109.57
4145,40.66,37.47,26.13,28.11,13.36,14.03,0.1487,0.9125,132.98
4146,48.25,43.38,20.28,19.95,12.67,12.03,0.1608,0.9104,131.57
4147,49.32,43.89,23.91,13.07,13.11,74.36,0.124,0.8836,126.61
4148,39.41,27.53,24.0,16.55,11.72,7.59,0.175,0.9183,109.46
4149,57.17,45.02,26.69,21.31,14.93,96.6,0.1661,0.8348,137.85
4150,50.94,19.0,22.96,12.45,17.07,71.27,0.1654,0.8463,103.6
4151,44.22,36.96,21.17,26.48,14.41,78.69,0.1766,0.8321,119.2
4152,36.84,38.12,21.48,18.37,14.3,49.03,0.1736,0.8525,110.06
4153,37.08,36.8,26.96,8.4,16.26,22.78,0.1524,0.8951,112.34
4154,41.6,23.12,21.37,29.84,14.25,93.56,0.1862,0.8161,106.25
4155,39.12,24.15,28.5,25.89,16.75,97.74,0.1493,0.8511,114.39
4156,53.6,45.33,26.83,17.64,14.45,97.21,0.1334,0.8672,136.88
4157,32.5,29.61,19.55,16.42,17.87,35.03,0.1286,0.8999,104.35
4158,44.05,44.31,31.19,19.62,14.68,37.32,0.1122,0.9112,140.18
4159,23.99,27.43,25.4,26.58,12.41,33.39,0.174,0.8663,100.32
4160,43.02,109.57,21.67,20.05,17.65,14.41,0.1033,0.9387,198.97
4161,46.98,31.3,34.15,14.32,19.57,61.27,0.1807,0.8379,122.59
4162,51.52,56.42,24.94,25.18,12.62,76.79,0.1853,0.8249,140.79
4163,35.27,90.56,26.79,22.0,17.23,86.89,0.1626,0.842,161.52
4164,34.3,54.58,25.08,14.44,11.71,45.7,0.1251,0.8956,125.47
4165,48.19,30.39,32.21,17.23,9.33,6.08,0.1201,0.949,130.33
4166,49.56,33.66,33.9,19.32,17.42,36.37,0.1073,0.9156,140.88
4167,38.18,9.32,26.29,19.37,16.42,16.75,0.1901,0.8813,96.58
4168,24.32,13.72,25.36,23.7,15.63,54.82,0.1498,0.8691,89.29
4169,31.53,34.76,29.67,24.4,15.24,69.06,0.1381,0.8725,118.32
4170,39.26,27.73,22.58,21.51,17.7,39.86,0.1992,0.8395,108.12
4171,28.66,22.38,26.24,24.34,12.85,84.42,0.108,0.8957,102.53
4172,45.83,35.48,21.74,21.87,19.51,74.25,0.1784,0.8326,120.26
4173,33.82,27.65,34.46,15.95,17.09,31.64,0.1864,0.8589,110.78
4174,39.42,23.73,30.43,20.19,11.37,7.26,0.1797,0.9176,114.83
4175,48.76,52.3,33.91,17.93,12.08,37.49,0.1869,0.8518,140.53
4176,42.94,20.9,22.55,24.62,12.1,71.07,0.1306,0.8787,108.17
4177,55.55,46.26,29.54,17.25,16.75,86.34,0.1953,0.8105,134.02
4178,51.18,38.52,27.12,21.37,16.07,58.69,0.188,0.8331,128.52
4179,31.69,60.45,26.53,17.46,13.17,29.61,0.1651,0.8774,130.99
4180,44.74,28.95,33.28,13.52,15.05,24.9,0.1908,0.8652,117.27
4181,41.22,20.43,20.44,20.35,17.94,8.29,0.183,0.9114,109.72
4182,49.5,27.15,21.97,21.19,17.47,13.82,0.1818,0.8936,122.67
4183,44.19,34.43,22.33,24.1,15.24,90.14,0.109,0.8932,125.31
4184,36.0,51.96,17.78,22.86,17.12,13.35,0.1526,0.9117,132.86
4185,43.81,48.3,15.04,15.12,19.98,48.29,0.1343,0.8863,126.08
4186,37.05,32.08,24.15,19.9,16.84,7.08,0.1185,0.9463,123.04
4187,34.83,33.94,28.72,15.73,10.62,7.46,0.1619,0.9249,114.54
4188,39.11,46.26,23.89,16.74,15.09,40.93,0.1657,0.8656,122.12
4189,41.99,53.38,20.91,21.18,16.46,9.84,0.1332,0.9311,143.32
4190,50.4,39.89,31.07,22.06,18.41,88.86,0.1587,0.845,136.74
4191,36.03,39.28,19.33,13.7,13.57,9.51,0.1813,0.9074,110.61
4192,24.67,38.5,15.76,21.29,18.08,74.01,0.171,0.8397,99.33
4193,38.42,38.98,17.38,21.2,14.08,84.54,0.1294,0.875,113.8
4194,42.05,39.0,32.82,15.49,12.86,41.3,0.1999,0.8375,119.11
4195,41.46,23.49,23.98,19.46,11.31,10.02,0.1873,0.9024,108.01
4196,37.97,18.32,31.36,15.73,12.3,11.48,0.1766,0.9032,104.49
4197,47.6,24.64,31.1,12.67,15.46,94.68,0.1984,0.8035,105.64
4198,42.5,29.07,15.34,24.14,14.96,62.5,0.1839,0.8342,105.1
4199,44.82,45.52,25.31,23.62,13.52,7.9,0.1769,0.916,139.97
4200,25.3,31.41,28.86,19.29,15.07,61.71,0.1849,0.8339,100.01
4201,38.61,37.96,19.62,21.78,17.41,7.22,0.1102,0.9496,128.56
4202,38.89,36.0,18.56,15.52,21.38,48.77,0.1579,0.866,112.88
4203,53.47,42.69,27.52,23.44,14.56,88.62,0.1308,0.8723,141.03
4204,39.15,29.49,19.02,20.69,20.09,51.66,0.1484,0.8723,112.03
4205,34.72,26.18,26.44,15.02,15.18,36.54,0.1872,0.8526,100.21
4206,34.25,18.11,28.77,21.25,13.0,23.08,0.1319,0.9088,104.86
4207,47.83,39.98,29.44,21.5,19.42,35.59,0.1094,0.9145,144.65
4208,35.36,10.57,29.04,17.98,13.01,89.07,0.1059,0.8965,94.99
4209,33.18,37.37,31.41,13.92,14.61,31.17,0.1314,0.901,117.57
4210,47.33,49.94,19.96,18.05,13.8,37.21,0.1253,0.9009,134.32
4211,43.14,32.97,33.44,24.53,23.76,79.48,0.1015,0.9033,142.57
4212,38.11,40.51,22.44,22.77,13.12,5.29,0.1342,0.9464,129.6
4213,29.38,29.46,19.6,21.26,12.3,59.84,0.1583,0.8588,96.19
4214,44.43,34.92,30.37,17.23,19.33,4.02,0.1451,0.9492,138.86
4215,46.62,32.81,28.1,17.69,13.78,1.26,0.103,0.9818,136.46
4216,32.37,46.21,16.48,16.37,10.81,36.15,0.1158,0.9091,111.13
4217,42.92,31.24,29.37,20.68,17.95,19.54,0.1382,0.9093,129.27
4218,39.19,21.76,26.42,20.87,11.98,9.73,0.1815,0.9065,108.98
4219,32.93,39.88,25.17,24.54,13.98,76.72,0.1533,0.8551,116.72
4220,36.45,33.26,22.62,14.03,17.23,69.53,0.1566,0.8553,105.7
4221,39.62,26.48,31.55,19.11,15.9,87.25,0.1475,0.8565,113.62
4222,29.45,45.32,32.92,17.33,12.76,22.98,0.1881,0.8703,119.91
4223,44.57,77.79,28.24,20.19,14.51,48.59,0.1774,0.8496,157.43
4224,34.32,42.26,18.76,22.67,12.42,98.84,0.1749,0.8251,107.61
4225,34.64,48.14,18.88,17.27,18.53,48.38,0.1973,0.8329,114.5
4226,44.04,37.19,20.87,22.87,15.98,51.5,0.1021,0.9122,128.58
4227,36.38,62.01,29.82,22.3,8.84,8.68,0.1572,0.9225,147.0
4228,38.28,45.44,23.38,18.75,7.82,81.7,0.1197,0.8853,118.32
4229,39.16,28.01,28.1,23.78,16.74,47.31,0.1993,0.8322,112.99
4230,33.8,44.43,22.03,21.95,15.28,31.71,0.1271,0.9037,124.25
4231,35.86,41.6,32.0,17.26,17.53,70.21,0.1118,0.8965,129.32
4232,39.86,29.88,19.23,16.98,11.05,54.89,0.1035,0.9096,106.42
4233,39.88,57.54,23.89,23.44,14.84,97.77,0.1649,0.8355,133.34
4234,44.22,21.1,23.82,17.81,16.6,47.05,0.1024,0.9139,112.91
4235,44.57,40.62,28.43,22.66,11.43,91.3,0.1037,0.8981,132.66
4236,49.75,29.45,26.8,15.58,11.98,49.58,0.1272,0.8916,119.09
4237,27.95,18.41,32.41,23.98,13.75,46.21,0.1721,0.856,99.72
4238,47.3,36.68,31.49,13.65,21.36,7.2,0.1644,0.9249,139.17
4239,37.28,29.66,21.5,13.64,13.55,87.54,0.1334,0.8701,100.61
4240,45.27,27.71,25.22,18.11,17.04,90.91,0.126,0.8763,116.85
4241,42.72,22.91,24.96,25.06,17.88,1.04,0.1881,0.9708,129.62
4242,35.38,78.21,22.3,24.24,13.89,6.85,0.1431,0.936,162.87
4243,52.16,13.08,17.3,22.75,15.59,36.85,0.1164,0.9082,109.78
4244,46.09,14.74,24.9,22.19,9.05,22.49,0.1323,0.9093,106.36
4245,43.37,43.14,29.37,17.14,20.78,34.1,0.1344,0.8962,137.83
4246,57.52,42.12,25.96,14.11,15.24,20.81,0.1524,0.898,139.15
4247,32.21,20.08,26.69,25.3,14.49,74.07,0.1633,0.8469,100.58
4248,40.2,27.55,32.17,24.57,10.85,1.45,0.1505,0.9707,131.38
4249,44.5,44.97,20.63,16.11,13.07,86.37,0.1148,0.8886,123.76
4250,31.46,31.35,21.03,20.82,22.36,18.63,0.1703,0.8899,113.04
4251,34.69,48.13,22.86,19.22,14.43,57.15,0.1069,0.9057,126.18
4252,47.97,34.37,30.39,15.91,13.13,63.22,0.1558,0.8592,121.8
4253,36.03,28.4,29.48,14.36,13.35,32.54,0.1409,0.8925,108.54
4254,46.98,19.54,26.32,21.11,6.26,54.96,0.1193,0.8957,107.67
4255,34.96,34.1,32.15,19.35,14.81,53.31,0.1728,0.8501,115.08
4256,56.16,27.08,20.37,18.19,16.14,11.57,0.1368,0.9248,127.57
4257,21.26,52.12,22.89,19.58,12.27,44.4,0.1488,0.8767,112.32
4258,48.07,51.29,26.82,19.71,15.79,83.68,0.17,0.8361,135.19
4259,42.01,31.73,23.98,21.27,15.8,94.89,0.183,0.8186,110.34
4260,27.75,34.49,29.24,24.88,4.61,8.35,0.1167,0.9434,114.12
4261,38.22,30.17,33.64,23.74,15.69,21.79,0.1394,0.9054,128.07
4262,24.59,28.3,24.54,23.18,16.56,61.11,0.1079,0.9033,105.83
4263,42.82,22.81,27.05,18.15,12.13,39.11,0.1066,0.9146,112.45
4264,35.23,35.96,29.64,17.19,17.24,12.15,0.1536,0.9141,123.63
4265,24.4,31.17,28.82,17.28,11.49,8.01,0.1594,0.9239,104.55
4266,41.33,63.52,33.85,23.53,15.46,85.37,0.1164,0.8873,157.67
4267,41.16,30.4,27.08,23.07,15.45,55.08,0.1151,0.8994,123.35
4268,56.86,91.62,25.27,13.16,17.99,35.04,0.1658,0.8709,178.45
4269,46.62,72.12,20.15,24.0,16.69,71.53,0.1834,0.8293,148.93
4270,20.9,26.25,26.75,21.04,14.18,78.12,0.1987,0.8114,88.54
4271,35.77,33.96,20.41,20.08,23.01,48.6,0.1284,0.8912,118.74
4272,48.84,18.8,20.21,24.42,19.33,25.24,0.1914,0.8642,113.73
4273,26.99,29.59,27.07,21.11,12.1,28.15,0.1734,0.8731,102.02
4274,33.83,40.65,23.35,16.45,14.2,20.84,0.1028,0.9312,119.64
4275,40.01,38.0,12.9,16.97,14.58,52.3,0.1292,0.8885,108.8
4276,35.78,25.33,36.61,20.89,10.5,43.56,0.1446,0.8808,113.71
4277,52.73,33.95,17.73,20.73,12.24,43.74,0.134,0.8894,122.18
4278,41.47,42.76,23.73,22.46,16.97,53.76,0.1905,0.8344,122.98
4279,40.27,33.26,19.06,29.23,15.22,60.58,0.1925,0.8278,113.44
4280,32.67,60.03,23.72,25.02,11.35,17.62,0.1342,0.9148,139.76
4281,31.18,33.77,22.8,16.43,14.46,38.86,0.1399,0.888,105.36
4282,40.83,18.55,21.64,20.25,11.85,2.63,0.1777,0.9503,107.49
4283,39.36,18.45,24.52,18.84,13.35,81.26,0.1158,0.8891,101.81
4284,30.26,30.12,19.69,21.06,23.57,21.88,0.1125,0.9235,115.17
4285,41.87,21.75,27.68,16.02,15.74,96.94,0.1744,0.8264,101.69
4286,40.46,18.31,27.18,14.24,17.36,87.61,0.1527,0.8513,100.07
4287,37.53,29.51,25.33,14.6,17.98,64.81,0.1183,0.8924,111.51
4288,49.54,48.14,27.7,10.1,15.63,25.31,0.186,0.8679,131.16
4289,39.9,29.08,30.17,17.07,15.53,1.28,0.1417,0.9747,128.41
4290,38.1,39.95,17.97,28.48,16.93,46.91,0.1617,0.8642,122.21
4291,49.05,62.19,33.04,18.15,15.26,51.48,0.1984,0.8294,147.37
4292,38.79,40.8,33.36,21.21,15.75,74.1,0.1948,0.8173,122.52
4293,36.79,24.1,29.29,15.63,14.7,3.96,0.1109,0.9614,115.86
4294,30.64,34.66,23.37,16.78,13.54,52.0,0.1748,0.8493,101.05
4295,40.49,29.38,35.64,16.0,9.98,75.87,0.1769,0.8332,109.55
4296,47.46,42.8,30.6,17.5,12.2,43.91,0.1834,0.8485,127.75
4297,36.66,37.71,17.52,19.9,14.0,46.37,0.1912,0.8399,105.65
4298,29.37,31.26,23.12,24.37,14.36,81.31,0.1786,0.8289,101.52
4299,48.09,36.14,28.02,25.44,18.61,46.94,0.1505,0.8735,136.54
4300,48.4,30.79,18.66,22.65,15.78,64.89,0.1484,0.8651,117.89
4301,44.68,18.47,30.51,22.94,16.02,77.13,0.177,0.8325,110.41
4302,40.77,16.11,24.02,18.47,10.6,86.27,0.156,0.8486,93.32
4303,43.36,49.65,20.07,28.31,14.38,72.0,0.1042,0.903,140.65
4304,27.6,52.8,24.12,16.95,12.03,13.92,0.1176,0.931,124.28
4305,35.34,37.72,22.23,19.74,20.27,72.59,0.1124,0.8951,121.1
4306,45.4,51.03,16.4,18.39,12.18,4.56,0.1113,0.9585,137.46
4307,42.71,69.51,24.8,24.02,16.3,75.09,0.1407,0.8677,153.87
4308,47.22,29.22,22.91,18.23,23.17,35.8,0.1127,0.9118,128.33
4309,52.27,26.12,25.58,20.67,16.36,25.87,0.1439,0.8972,126.49
4310,30.12,46.96,19.6,23.75,5.35,92.1,0.192,0.811,102.01
4311,43.87,61.21,25.81,15.74,18.16,92.25,0.141,0.8612,141.91
4312,37.93,26.74,37.07,22.42,14.72,28.99,0.1498,0.8894,123.52
4313,36.43,63.13,18.75,21.37,10.42,55.04,0.1086,0.9051,135.86
4314,59.77,30.09,25.33,16.75,15.36,37.37,0.1903,0.8493,125.1
4315,27.44,38.29,26.6,17.75,16.99,13.83,0.1806,0.8943,113.64
4316,38.54,30.27,25.33,19.54,11.17,39.36,0.1452,0.8834,110.29
4317,38.11,38.68,24.88,20.86,16.37,69.83,0.1523,0.8591,119.31
4318,40.38,23.0,25.39,25.76,16.13,11.82,0.1932,0.893,116.67
4319,24.22,52.82,22.85,27.18,18.96,29.99,0.1424,0.8938,130.54
4320,32.15,18.2,33.4,17.01,15.09,13.4,0.1122,0.935,108.32
4321,40.39,24.09,27.07,30.21,16.37,10.94,0.1592,0.9143,126.28
4322,28.84,58.79,21.88,18.17,10.29,8.29,0.1331,0.9356,129.09
4323,47.63,86.54,31.06,27.34,16.27,41.82,0.1341,0.8906,185.97
4324,44.64,28.33,21.38,25.75,15.98,68.01,0.1911,0.8243,112.17
4325,27.3,64.65,19.33,15.97,14.01,44.52,0.1668,0.8617,121.72
4326,38.16,58.71,22.89,14.38,16.66,26.94,0.1717,0.8759,132.08
4327,43.0,41.2,32.17,20.48,18.1,73.96,0.1714,0.8393,130.06
4328,28.99,28.89,19.41,23.62,13.19,32.94,0.1626,0.8755,99.9
4329,27.38,61.35,23.57,20.11,13.92,6.23,0.1961,0.9158,134.01
4330,32.34,32.46,22.08,20.18,21.75,5.27,0.124,0.9506,122.44
4331,61.5,42.16,29.28,21.78,9.73,86.88,0.1461,0.858,141.08
4332,48.75,14.74,19.62,13.75,18.53,5.16,0.1676,0.9338,107.76
4333,35.13,29.79,28.15,20.45,22.43,26.52,0.1146,0.9175,124.74
4334,29.35,27.41,18.33,16.77,10.38,34.34,0.1247,0.9034,92.37
4335,33.4,36.81,30.47,18.53,19.69,33.92,0.1307,0.8992,124.9
4336,52.18,30.87,27.79,14.89,17.44,83.28,0.1376,0.8675,124.21
4337,56.27,28.56,28.67,14.76,18.01,40.79,0.1342,0.8912,130.36
4338,33.51,34.95,25.9,21.3,15.75,76.29,0.1055,0.9004,118.32
4339,42.49,25.67,19.67,19.46,13.14,9.17,0.1372,0.9309,112.11
4340,37.9,18.05,28.98,26.58,12.41,80.13,0.1184,0.887,109.9
4341,50.16,29.27,27.94,18.48,14.12,42.49,0.109,0.9107,127.47
4342,31.25,31.97,21.19,22.99,18.45,38.13,0.1259,0.8998,113.23
4343,47.83,47.26,18.81,24.72,19.73,49.41,0.1232,0.8952,141.75
4344,29.28,32.24,25.35,20.72,20.05,49.47,0.114,0.903,115.24
4345,47.58,40.91,25.74,20.98,14.19,94.79,0.1131,0.888,132.66
4346,33.19,26.2,28.65,24.92,11.98,49.48,0.1719,0.8536,106.66
4347,37.48,34.75,21.87,25.33,14.91,16.63,0.1996,0.8756,117.64
4348,34.84,17.52,26.93,22.42,20.68,9.51,0.1038,0.947,115.89
4349,55.69,27.22,29.9,25.58,14.94,56.07,0.1504,0.8679,133.09
4350,47.95,11.78,14.61,20.79,13.61,85.02,0.1163,0.8875,96.51
4351,36.71,21.74,13.35,15.66,19.77,32.28,0.1126,0.9143,98.04
4352,33.4,21.03,25.89,21.27,11.13,82.72,0.1153,0.8891,100.22
4353,50.51,44.77,26.42,17.34,13.34,32.57,0.1667,0.8728,133.0
4354,12.81,40.29,21.85,25.01,11.47,55.16,0.1117,0.9023,100.54
4355,43.83,53.66,17.6,18.92,19.35,81.5,0.1575,0.8491,130.23
4356,32.33,20.65,34.11,23.6,16.62,38.5,0.1227,0.9021,114.84
4357,58.03,48.62,25.33,16.79,17.97,33.86,0.1956,0.8492,141.59
4358,61.85,27.79,25.56,15.82,12.05,8.5,0.15,0.9267,132.56
4359,40.25,71.74,22.51,19.15,19.0,92.59,0.1817,0.8209,141.72
4360,37.08,32.59,24.25,14.76,6.31,98.58,0.1944,0.8058,92.64
4361,40.54,66.52,23.63,23.15,11.15,59.5,0.132,0.8824,145.59
4362,35.03,110.6,31.87,24.88,15.49,81.97,0.1012,0.9029,196.71
4363,33.64,41.46,37.41,22.34,17.72,62.52,0.198,0.8215,125.35
4364,41.88,71.38,21.05,25.59,12.96,32.99,0.1175,0.91,157.32
4365,44.99,30.66,30.46,22.76,9.08,33.82,0.1432,0.8896,122.72
4366,41.07,59.14,33.06,18.34,12.31,71.06,0.1434,0.8668,142.08
4367,42.32,34.12,20.86,20.45,11.63,68.36,0.114,0.8951,115.81
4368,34.94,43.91,22.19,20.52,23.39,98.66,0.1477,0.8524,123.55
4369,32.53,42.83,19.02,24.76,17.07,4.83,0.1758,0.9327,127.04
4370,32.45,32.61,22.03,20.35,11.94,74.24,0.1403,0.8684,103.67
4371,46.18,19.34,20.66,15.64,10.27,55.8,0.1117,0.902,101.11
4372,40.64,20.34,23.9,14.68,12.54,81.9,0.1576,0.8488,95.15
4373,41.61,55.67,18.62,19.26,15.48,2.47,0.1943,0.9475,142.74
4374,42.73,37.72,28.01,20.23,13.55,72.85,0.1079,0.8992,127.91
4375,39.54,51.64,29.21,14.68,21.46,23.31,0.127,0.912,142.76
4376,40.87,28.64,22.84,24.48,12.77,51.87,0.1936,0.8332,107.98
4377,50.37,30.46,19.65,19.21,16.86,71.22,0.1603,0.8511,116.21
4378,46.22,30.34,26.01,23.58,12.88,80.77,0.1502,0.8564,119.06
4379,38.62,17.95,26.35,16.61,17.51,73.96,0.1316,0.8766,102.59
4380,36.22,30.48,21.45,23.71,13.68,81.16,0.1581,0.8486,106.54
4381,48.22,30.86,22.91,15.93,18.13,1.7,0.1482,0.9681,131.71
4382,42.66,34.86,22.68,17.79,16.29,42.13,0.1581,0.8708,116.93
4383,37.54,31.65,28.97,18.33,20.44,7.38,0.1213,0.944,129.26
4384,29.67,60.36,25.98,18.9,15.63,64.39,0.1514,0.8626,129.86
4385,53.55,27.74,15.87,24.34,16.69,25.21,0.1088,0.9228,127.53
4386,30.98,48.92,36.94,21.49,11.2,2.35,0.1435,0.9623,143.9
4387,42.28,39.47,22.83,16.05,10.47,5.42,0.116,0.9531,124.96
4388,54.6,35.44,28.77,15.69,17.07,17.17,0.1212,0.9237,140.0
4389,37.27,47.28,25.31,20.63,14.61,38.64,0.1542,0.8767,127.21
4390,39.64,30.57,22.49,19.05,17.3,57.28,0.1851,0.8366,107.96
4391,46.83,28.38,29.78,20.82,13.48,55.05,0.1474,0.8711,121.34
4392,30.45,30.29,34.03,13.41,15.75,81.66,0.1714,0.8357,103.58
4393,26.64,38.01,19.4,28.93,12.73,34.35,0.139,0.8924,112.19
4394,37.14,16.8,21.08,13.17,16.41,25.21,0.1001,0.929,97.19
4395,40.65,32.73,32.73,19.15,12.21,76.73,0.1801,0.8298,114.07
4396,40.56,46.17,35.35,17.06,15.35,42.71,0.1896,0.8445,130.46
4397,51.34,34.66,26.87,15.07,13.25,92.53,0.131,0.8709,122.95
4398,32.43,36.69,31.75,22.51,18.82,36.71,0.1986,0.8434,119.94
4399,38.85,42.09,22.64,19.2,12.86,59.09,0.1069,0.9049,122.73
4400,52.06,36.26,16.67,15.39,13.24,76.04,0.1188,0.8879,118.64
4401,37.78,18.28,24.66,18.17,14.16,61.76,0.1687,0.8484,95.91
4402,55.9,62.72,32.15,22.64,17.75,99.17,0.1677,0.8323,159.09
4403,38.13,99.57,21.4,23.91,14.88,36.24,0.1935,0.848,167.81
4404,34.45,64.41,33.1,26.31,14.48,7.5,0.181,0.9158,158.22
4405,39.69,32.13,31.24,21.32,13.95,39.4,0.1194,0.9041,125.07
4406,42.08,24.56,25.87,17.97,15.7,14.88,0.125,0.925,116.71
4407,36.71,64.13,39.36,17.48,13.2,10.88,0.1102,0.9408,160.76
4408,43.19,37.06,24.24,22.05,12.61,81.69,0.1278,0.8774,122.09
4409,38.81,50.77,18.5,25.28,14.42,33.73,0.1512,0.8835,130.56
4410,50.16,23.54,23.36,12.1,13.25,30.8,0.1244,0.9065,110.97
4411,44.06,42.94,26.89,19.92,13.57,21.19,0.1705,0.8852,130.47
4412,40.09,40.86,21.67,14.93,8.7,97.78,0.1913,0.8092,102.17
4413,37.47,60.9,21.57,20.3,18.94,16.33,0.1194,0.926,147.4
4414,46.42,48.55,27.4,26.89,15.06,70.88,0.1972,0.8169,134.24
4415,40.25,37.42,29.27,12.9,14.96,16.52,0.1941,0.8793,118.53
4416,36.38,74.6,26.49,13.36,12.55,50.5,0.133,0.8861,144.77
4417,34.21,31.43,24.79,26.08,13.62,53.78,0.1543,0.8658,112.68
4418,45.6,64.65,22.15,21.31,11.6,84.32,0.1723,0.8337,137.81
4419,36.23,43.88,21.43,19.92,12.36,46.34,0.1838,0.846,113.22
4420,37.6,47.09,23.7,23.63,14.26,82.44,0.122,0.8828,129.14
4421,44.43,114.98,18.72,27.03,15.38,29.16,0.1643,0.8785,193.73
4422,48.57,14.86,22.02,21.09,16.47,20.45,0.1778,0.8816,108.45
4423,44.76,20.08,26.54,19.96,17.39,88.24,0.1355,0.8679,111.72
4424,46.82,55.99,19.23,12.45,18.59,21.43,0.1835,0.8761,134.11
4425,45.68,50.48,14.66,16.43,16.9,75.11,0.1645,0.8453,121.85
4426,40.07,36.84,22.69,12.57,14.77,10.3,0.1516,0.9202,116.81
4427,43.16,54.77,19.01,20.13,16.3,29.38,0.1163,0.9138,140.14
4428,54.61,22.39,22.35,25.68,14.52,13.33,0.1956,0.8869,123.77
4429,38.43,76.52,29.24,18.33,12.16,41.18,0.1153,0.9063,158.32
4430,31.26,60.95,29.2,21.82,21.16,76.46,0.1688,0.8406,138.19
4431,19.79,68.68,24.72,23.5,17.83,69.28,0.104,0.904,139.68
4432,55.48,18.65,27.89,21.58,16.51,24.26,0.1181,0.9172,128.52
4433,55.85,53.64,34.84,19.64,15.55,52.61,0.1698,0.8532,153.17
4434,32.07,35.02,23.73,14.55,17.04,46.96,0.1444,0.8786,107.56
4435,50.29,90.97,20.15,22.86,15.91,74.84,0.1936,0.8181,163.75
4436,48.26,38.86,28.35,24.78,15.36,7.89,0.1487,0.9295,144.62
4437,45.13,24.54,22.48,20.11,18.18,74.46,0.1315,0.8766,114.34
4438,44.03,44.21,19.58,18.65,15.12,21.19,0.1995,0.8657,122.57
4439,34.04,17.78,23.76,23.25,18.73,66.34,0.1167,0.8933,105.03
4440,41.03,53.43,26.97,21.39,15.43,10.67,0.1316,0.9298,147.14
4441,42.78,29.53,26.81,26.46,10.63,74.52,0.1887,0.8228,112.08
4442,40.56,32.59,18.08,18.18,16.44,70.69,0.1867,0.8268,104.04
4443,39.56,38.67,27.16,23.0,13.22,27.66,0.1623,0.8818,124.86
4444,50.4,30.88,17.7,21.69,12.01,89.84,0.1162,0.8862,117.59
4445,48.13,67.11,18.54,20.2,13.06,47.8,0.1526,0.8712,145.53
4446,46.99,31.26,31.7,17.63,10.4,60.78,0.1661,0.8513,117.47
4447,47.46,43.05,16.39,23.02,17.32,27.31,0.1347,0.9022,132.84
4448,41.83,43.79,12.97,26.39,16.26,52.2,0.1935,0.833,117.67
4449,49.33,35.59,27.19,12.01,15.71,5.08,0.1252,0.9509,132.97
4450,30.42,25.53,22.0,20.64,11.43,22.7,0.1204,0.9172,100.91
4451,40.56,14.07,23.04,22.35,16.52,15.21,0.1392,0.9158,106.72
4452,45.66,54.49,32.43,16.62,21.1,20.55,0.1148,0.9235,157.27
4453,44.35,23.12,30.33,21.78,15.56,9.8,0.1583,0.9182,124.09
4454,42.99,78.21,29.67,21.44,13.26,31.01,0.1061,0.9201,170.75
4455,47.42,27.32,25.14,22.9,11.6,82.87,0.1056,0.8984,120.73
4456,51.53,58.16,27.57,18.64,12.75,54.6,0.1175,0.8975,151.35
4457,31.49,36.87,22.58,14.73,20.25,56.35,0.1126,0.901,113.44
4458,42.4,65.93,21.96,20.11,13.64,44.8,0.1004,0.9166,150.36
4459,34.22,40.74,24.97,25.21,10.12,72.6,0.1591,0.8515,115.18
4460,48.56,42.42,28.04,23.54,15.95,91.08,0.1618,0.8411,133.32
4461,45.79,22.04,32.76,14.76,13.63,73.82,0.1927,0.8195,105.69
4462,32.24,47.44,30.36,19.35,11.97,20.76,0.1023,0.9316,131.69
4463,39.95,50.75,28.36,19.56,16.9,9.0,0.1077,0.9462,147.14
4464,27.99,37.53,24.42,22.37,13.97,6.72,0.1407,0.9375,118.39
4465,47.6,54.35,23.69,19.59,15.56,86.64,0.1347,0.8692,139.75
4466,35.71,41.25,26.14,19.33,15.28,39.97,0.1537,0.8761,120.65
4467,30.96,56.9,25.88,17.67,19.44,9.41,0.124,0.9369,141.34
4468,37.24,36.71,19.65,29.68,16.31,91.36,0.1553,0.8474,118.28
4469,44.67,54.57,23.12,12.9,16.52,40.52,0.1873,0.8485,128.79
4470,42.3,38.9,25.14,20.12,12.05,83.5,0.1566,0.8491,117.61
4471,36.09,79.71,28.22,20.52,10.12,26.44,0.1741,0.8748,152.78
4472,39.16,30.6,24.68,22.6,22.77,25.32,0.1648,0.8829,123.45
4473,37.67,33.72,34.62,18.39,17.2,97.49,0.185,0.8156,115.49
4474,32.53,26.85,21.95,18.27,11.83,24.78,0.1133,0.9201,102.52
4475,25.07,29.98,26.22,22.13,18.39,90.43,0.1135,0.8887,108.23
4476,39.95,28.45,24.38,18.52,15.17,40.78,0.1896,0.8464,107.04
4477,44.68,79.77,27.07,17.31,14.09,26.13,0.183,0.8688,158.93
4478,39.87,80.82,25.04,24.43,13.01,48.93,0.114,0.9032,165.44
4479,56.4,33.38,23.45,15.92,15.8,30.55,0.1126,0.9156,132.72
4480,35.23,61.83,27.78,17.14,19.01,4.7,0.1835,0.9307,149.83
4481,39.66,32.82,20.91,21.42,18.13,16.64,0.1969,0.8773,116.63
4482,43.89,41.63,18.43,22.93,21.46,14.33,0.1526,0.9095,134.91
4483,43.53,64.7,29.8,19.04,14.37,49.93,0.148,0.8737,149.78
4484,37.95,31.89,25.11,21.88,15.12,23.86,0.1179,0.9178,121.1
4485,39.57,23.46,32.53,20.82,17.86,11.85,0.1032,0.9428,126.57
4486,39.33,42.26,25.04,18.84,17.02,3.06,0.1277,0.9611,136.96
4487,45.47,25.34,17.74,16.1,21.72,20.41,0.1954,0.87,109.93
4488,34.44,35.51,27.11,23.95,21.82,78.07,0.1677,0.8409,120.1
4489,20.53,39.91,16.04,16.04,14.05,77.36,0.1116,0.8943,95.3
4490,37.26,45.97,16.96,30.73,8.93,93.8,0.1051,0.8962,125.33
4491,53.5,46.19,25.1,17.92,6.72,64.19,0.1744,0.8418,125.79
4492,46.41,39.58,26.01,26.41,16.33,30.06,0.1332,0.9006,139.36
4493,27.45,49.37,25.67,24.37,13.85,55.91,0.198,0.8262,116.26
4494,45.4,65.38,21.2,18.84,17.21,40.06,0.1485,0.8802,147.89
4495,41.67,49.23,21.03,24.13,13.26,11.4,0.1334,0.9271,138.44
4496,37.0,53.43,38.49,23.9,19.96,17.24,0.1235,0.9221,159.33
4497,31.38,24.53,19.35,18.66,11.19,71.51,0.1748,0.8374,88.03
4498,33.49,38.35,20.98,13.13,13.45,96.73,0.1461,0.8546,102.04
4499,35.52,41.41,32.26,13.95,13.46,67.03,0.1716,0.8427,115.12
4500,54.68,88.85,20.98,22.37,16.6,67.73,0.1596,0.8534,173.65
4501,45.12,14.57,23.7,19.92,13.55,80.54,0.1942,0.8144,95.17
4502,34.32,50.0,25.21,20.74,13.8,78.88,0.1019,0.903,130.1
4503,35.66,43.7,23.28,24.02,18.64,70.86,0.1634,0.8483,123.27
4504,39.7,47.06,30.75,18.5,18.28,81.68,0.1436,0.8623,133.05
4505,36.53,20.33,30.06,23.0,16.05,51.83,0.1784,0.8463,106.61
4506,40.13,37.93,28.89,17.5,11.81,15.2,0.1689,0.8979,122.35
4507,38.83,74.22,32.28,20.37,16.23,75.53,0.1376,0.8704,158.35
4508,40.78,22.11,24.42,20.74,17.48,23.26,0.137,0.9051,113.61
4509,24.01,46.67,31.35,15.73,14.63,91.26,0.1029,0.8989,119.02
4510,46.4,27.74,27.35,19.97,12.67,8.16,0.1991,0.9042,121.28
4511,35.52,68.56,20.46,23.42,13.44,15.54,0.1749,0.8935,144.21
4512,47.25,49.01,27.47,22.05,15.81,45.44,0.115,0.9041,146.1
4513,57.57,42.35,22.81,25.82,19.11,59.41,0.1558,0.8613,144.41
4514,28.38,26.02,17.46,18.13,12.3,55.61,0.1924,0.8313,85.03
4515,40.79,33.04,17.46,26.05,16.28,25.31,0.1145,0.9187,122.75
4516,36.64,30.31,20.18,20.88,18.12,28.61,0.1871,0.8624,108.77
4517,43.16,24.68,32.81,18.1,16.36,37.87,0.172,0.8633,116.63
4518,23.14,32.96,11.39,20.65,17.97,41.6,0.1324,0.8921,94.67
4519,37.13,16.06,23.67,17.13,13.38,83.01,0.1186,0.8859,95.12
4520,33.45,46.78,27.72,21.24,14.44,5.52,0.1629,0.9337,134.11
4521,53.02,29.66,24.27,13.43,10.88,79.94,0.1434,0.8632,113.29
4522,54.87,26.41,23.27,24.96,13.03,91.4,0.1283,0.8739,124.57
4523,37.71,19.72,20.96,17.43,12.53,77.15,0.1837,0.8261,89.51
4524,30.82,41.39,32.38,20.14,12.04,88.14,0.1994,0.8055,110.17
4525,33.29,75.73,22.74,24.8,16.92,65.38,0.1531,0.8606,149.29
4526,40.31,31.03,18.86,17.49,10.01,13.59,0.1089,0.9366,110.24
4527,28.79,60.66,22.53,22.71,11.16,67.07,0.1135,0.896,130.67
4528,44.15,44.13,26.34,24.63,17.38,23.92,0.1794,0.8747,137.01
4529,38.43,32.85,21.16,20.57,14.25,62.81,0.194,0.8249,104.98
4530,42.85,76.26,27.06,21.56,11.76,79.93,0.1108,0.8942,160.51
4531,43.16,17.55,24.79,25.23,16.44,20.33,0.1168,0.9224,117.28
4532,51.04,37.08,26.84,15.38,14.3,87.5,0.1902,0.8148,117.85
4533,45.08,30.39,32.02,24.78,15.77,92.73,0.1498,0.8523,126.18
4534,42.34,39.75,16.08,13.42,15.6,6.28,0.1971,0.9151,116.39
4535,41.99,22.04,22.91,17.92,14.26,65.47,0.1395,0.8729,103.98
4536,24.17,48.3,20.56,27.93,12.49,55.65,0.1186,0.896,119.58
4537,41.44,18.25,21.38,23.86,14.1,7.57,0.1115,0.948,112.84
4538,44.9,45.28,25.6,20.07,15.96,62.28,0.1533,0.8619,130.85
4539,39.03,28.62,24.91,28.23,16.25,45.66,0.1607,0.8659,118.66
4540,53.32,42.1,16.52,15.6,15.94,4.91,0.1513,0.9417,135.11
4541,28.12,26.39,18.98,22.11,14.0,73.23,0.1606,0.8498,93.14
4542,34.08,24.89,30.55,19.59,16.02,99.5,0.1727,0.8271,103.49
4543,34.92,66.07,18.16,20.09,10.59,73.71,0.1591,0.851,127.51
4544,40.07,69.15,28.44,23.01,16.21,65.6,0.1757,0.8398,148.55
4545,34.83,22.14,15.35,22.57,17.43,90.82,0.1588,0.8442,94.81
4546,30.08,37.3,16.86,20.43,5.74,75.92,0.1975,0.8138,89.84
4547,37.15,47.7,27.57,23.02,18.15,81.5,0.1673,0.8397,128.97
4548,48.12,34.09,32.47,25.51,19.69,14.68,0.1768,0.8943,142.97
4549,46.03,34.55,29.82,21.37,16.42,10.77,0.135,0.9277,137.49
4550,34.44,46.73,22.39,23.29,8.55,90.22,0.1227,0.8798,119.12
4551,37.01,43.55,21.24,20.88,15.34,91.19,0.149,0.8536,117.82
4552,33.78,29.25,27.13,18.1,12.62,22.74,0.1704,0.8828,106.71
4553,29.91,43.21,16.84,20.2,15.16,83.65,0.1095,0.8945,112.09
4554,43.42,31.5,27.21,22.76,16.15,95.98,0.1683,0.8328,117.45
4555,29.75,30.37,22.21,12.97,17.01,27.0,0.1624,0.8825,99.11
4556,45.3,26.07,33.12,21.23,15.68,17.56,0.1801,0.8858,125.25
4557,54.55,26.1,26.48,22.77,14.23,29.16,0.1964,0.8548,123.2
4558,43.01,38.82,24.13,20.4,19.29,64.07,0.1473,0.8664,126.18
4559,44.98,18.98,26.13,16.17,12.44,91.29,0.1032,0.8986,106.66
4560,44.75,18.77,23.2,22.84,11.17,66.44,0.1743,0.8406,101.49
4561,36.09,32.73,27.48,17.45,14.19,21.55,0.1089,0.9263,118.5
4562,42.96,35.05,20.58,26.82,13.94,34.13,0.1263,0.9024,125.75
4563,42.5,23.0,30.37,24.24,12.49,50.66,0.1631,0.8603,114.08
4564,34.99,70.52,23.19,21.02,16.64,17.76,0.1205,0.9233,153.59
4565,19.87,25.97,29.16,18.94,13.45,71.37,0.1924,0.8211,88.17
4566,31.62,26.94,28.82,14.18,17.1,74.76,0.1103,0.8963,106.36
4567,32.46,26.05,25.76,27.29,10.07,53.53,0.1607,0.8605,104.67
4568,44.01,51.17,28.46,17.63,12.73,60.24,0.1814,0.8379,129.03
4569,28.17,68.98,22.78,26.63,18.05,26.81,0.1539,0.8889,146.32
4570,54.97,23.78,28.22,11.17,13.3,29.65,0.1047,0.9222,121.22
4571,53.03,48.99,16.99,19.72,12.72,17.92,0.1662,0.8939,135.38
4572,48.42,38.93,19.72,17.71,19.46,53.62,0.1993,0.8269,119.27
4573,35.92,25.8,24.1,16.09,19.19,36.55,0.1901,0.8503,102.97
4574,23.37,38.89,15.54,21.3,11.56,25.35,0.1808,0.8715,96.44
4575,46.66,20.65,25.44,26.54,14.31,6.03,0.1176,0.9502,126.94
4576,34.02,31.67,35.6,18.41,15.29,54.84,0.1912,0.833,112.44
4577,46.3,23.45,21.44,20.89,16.21,8.63,0.157,0.9228,118.38
4578,44.81,30.6,25.22,16.96,10.83,72.72,0.1693,0.8419,108.12
4579,36.48,35.98,20.21,16.35,11.13,59.89,0.1451,0.8705,104.59
4580,30.24,63.64,30.4,11.37,16.11,37.35,0.1302,0.8969,136.11
4581,41.5,35.75,23.89,17.26,17.85,66.09,0.1585,0.8553,116.52
4582,27.44,23.5,24.93,19.08,13.79,60.27,0.1394,0.8754,95.19
4583,42.25,35.23,23.94,14.26,13.51,51.41,0.1911,0.8357,107.97
4584,43.76,15.27,23.71,27.52,15.42,93.51,0.1209,0.8806,110.66
4585,34.72,49.27,18.85,21.99,15.4,96.36,0.1943,0.8068,113.15
4586,27.97,25.3,25.9,22.91,15.62,79.69,0.1498,0.8572,100.89
4587,53.03,74.84,23.7,14.08,22.09,85.97,0.1092,0.8941,167.85
4588,35.72,50.45,17.56,21.79,12.31,41.57,0.1678,0.8633,119.0
4589,38.34,36.54,15.81,26.12,12.36,96.17,0.1082,0.8925,115.28
4590,48.73,31.07,24.16,19.68,13.72,44.18,0.1811,0.8501,116.78
4591,35.45,29.47,23.49,21.38,15.19,83.77,0.137,0.8679,108.48
4592,33.91,30.26,18.41,18.99,12.95,93.91,0.1674,0.8345,95.57
4593,56.08,34.9,29.14,21.77,13.53,74.5,0.1599,0.8499,132.09
4594,34.14,29.77,22.39,20.03,11.76,14.55,0.1315,0.9217,108.84
4595,49.73,43.71,27.79,18.87,12.21,86.69,0.132,0.8717,132.78
4596,41.22,62.99,20.8,21.62,10.58,12.55,0.1977,0.8881,139.62
4597,41.06,36.47,23.12,19.97,16.46,91.22,0.1597,0.8431,115.57
4598,35.95,54.47,21.97,21.35,13.3,96.67,0.1881,0.8129,119.52
4599,38.4,20.61,23.09,19.72,17.34,72.9,0.1273,0.8811,104.99
4600,54.3,40.36,26.12,24.36,16.72,85.23,0.1727,0.8328,134.8
4601,46.84,36.22,23.63,27.55,20.67,8.21,0.1317,0.9365,145.08
4602,29.1,20.03,28.12,21.05,14.65,27.71,0.1116,0.9186,103.76
4603,32.07,31.6,19.2,22.1,15.77,66.73,0.1626,0.8511,102.77
4604,43.06,49.28,21.37,18.38,11.9,86.36,0.1372,0.8668,124.82
4605,45.11,11.93,26.69,22.57,14.45,90.06,0.1119,0.8904,107.52
4606,46.13,32.31,29.5,13.76,16.24,48.3,0.1496,0.8734,120.47
4607,39.39,29.2,25.43,22.11,11.04,31.47,0.1412,0.8933,113.6
4608,33.2,38.98,28.72,16.31,16.6,37.28,0.127,0.8995,120.36
4609,33.52,50.29,20.54,25.48,15.49,41.94,0.1122,0.9084,132.01
4610,21.6,46.29,22.57,23.34,14.78,59.04,0.161,0.8569,110.17
4611,53.07,51.63,27.86,19.45,15.42,71.89,0.1128,0.895,149.83
4612,18.97,56.13,23.18,22.47,14.37,5.02,0.1809,0.9295,125.59
4613,38.07,30.27,22.71,27.63,15.77,68.5,0.1017,0.9063,121.86
4614,25.83,13.25,23.08,19.63,17.93,72.27,0.1846,0.8278,82.55
4615,35.32,45.8,18.95,21.33,19.2,68.25,0.125,0.885,124.44
4616,44.61,23.39,19.74,21.99,13.42,83.21,0.1614,0.8446,104.01
4617,21.71,39.18,21.55,22.3,15.91,99.29,0.1604,0.8395,101.28
4618,42.82,19.86,32.14,18.76,12.15,36.51,0.1319,0.8962,112.69
4619,46.97,26.02,22.88,23.38,22.27,16.77,0.1602,0.8999,127.35
4620,36.66,44.14,23.23,20.07,17.44,84.04,0.147,0.8582,121.47
4621,61.91,29.3,28.32,20.76,12.27,5.34,0.1679,0.9327,142.3
4622,22.04,17.95,24.97,17.77,19.47,18.86,0.133,0.9137,93.38
4623,26.3,20.36,22.6,24.27,10.15,96.49,0.1402,0.8606,89.22
4624,37.57,54.95,24.56,16.49,12.43,89.94,0.1746,0.829,121.03
4625,37.74,30.39,20.46,14.12,13.18,38.29,0.106,0.9155,106.1
4626,40.92,30.67,19.01,11.67,14.32,84.68,0.1955,0.811,94.55
4627,47.43,27.41,29.82,23.25,16.82,17.76,0.137,0.9128,132.11
4628,29.95,19.06,26.57,18.06,12.33,90.32,0.1933,0.8105,85.89
4629,29.13,31.45,15.31,17.59,13.62,43.01,0.1315,0.8919,95.53
4630,34.44,57.41,29.0,20.12,14.54,27.04,0.1801,0.8696,135.23
4631,48.25,25.64,23.94,15.13,16.96,84.18,0.1143,0.8897,115.59
4632,46.48,16.44,23.69,21.48,13.97,25.4,0.1752,0.8755,106.85
4633,39.44,47.71,29.62,29.08,15.8,29.08,0.1551,0.8854,143.11
4634,35.93,36.2,20.08,22.9,16.24,54.58,0.1614,0.8592,112.85
4635,38.78,37.76,25.27,21.62,16.44,53.06,0.1832,0.8412,117.66
4636,42.9,40.72,32.16,23.61,7.16,35.89,0.1461,0.8856,129.78
4637,40.79,17.42,23.53,29.89,15.83,60.05,0.1708,0.8475,108.02
4638,28.73,33.45,22.89,18.44,9.71,22.34,0.1092,0.9253,104.76
4639,28.17,38.56,33.22,18.46,14.94,26.61,0.1971,0.858,114.42
4640,37.93,34.4,22.28,17.79,14.44,35.52,0.1511,0.8819,111.87
4641,45.8,34.3,28.45,14.08,16.94,48.37,0.1831,0.845,117.94
4642,31.51,55.6,18.59,20.61,9.24,65.94,0.1042,0.9049,122.66
4643,43.26,41.73,28.97,20.13,11.65,40.18,0.1141,0.9078,132.31
4644,25.69,45.0,22.23,21.25,13.7,54.65,0.1653,0.8557,109.43
4645,40.57,32.87,29.56,15.87,13.83,95.45,0.1313,0.8697,115.42
4646,33.75,12.57,22.25,12.4,15.79,19.38,0.1762,0.8847,85.6
4647,23.28,30.73,27.62,12.15,11.44,17.3,0.1788,0.8872,93.34
4648,35.63,34.66,15.37,21.25,15.69,59.24,0.1686,0.85,104.2
4649,29.89,32.39,24.45,21.45,14.6,95.84,0.1605,0.8406,103.22
4650,37.79,33.96,25.4,26.97,19.24,75.04,0.1619,0.8477,121.53
4651,43.3,38.12,20.06,24.69,11.76,26.44,0.1912,0.8624,118.97
4652,43.65,51.18,25.18,14.69,17.63,78.84,0.1904,0.8189,124.74
4653,24.18,24.84,38.36,15.62,14.3,33.07,0.1651,0.8735,102.46
4654,44.6,32.24,19.91,22.07,13.03,33.57,0.1372,0.8944,117.93
4655,43.3,64.73,27.26,20.14,19.57,28.03,0.1162,0.915,160.13
4656,36.61,18.3,22.04,23.92,13.7,59.31,0.1651,0.8531,97.74
4657,29.85,31.33,31.03,25.5,16.19,1.03,0.1398,0.9785,131.02
4658,36.73,14.62,26.32,21.53,14.35,3.05,0.1439,0.9563,108.6
4659,52.89,31.57,22.5,20.25,14.32,74.17,0.1447,0.8643,122.32
4660,44.77,36.45,25.63,15.93,16.8,6.85,0.1398,0.9374,130.85
4661,47.78,16.92,33.46,16.08,17.23,75.19,0.1832,0.8276,108.81
4662,32.09,38.06,22.61,22.59,12.73,30.09,0.1103,0.9177,117.54
4663,35.74,26.69,29.46,15.09,12.95,79.84,0.1496,0.8573,102.82
4664,29.62,53.91,19.64,18.49,4.75,63.03,0.1328,0.88,111.24
4665,34.68,42.33,27.07,15.4,13.99,77.45,0.1774,0.832,111.03
4666,50.87,28.18,24.53,16.04,19.18,46.55,0.1233,0.8966,124.45
4667,36.41,32.2,30.96,19.27,19.64,85.18,0.1449,0.8598,119.07
4668,34.49,65.07,24.73,18.85,14.99,30.91,0.1779,0.8662,136.98
4669,41.91,33.42,31.37,22.38,19.64,29.03,0.1409,0.8959,133.24
4670,35.4,20.43,20.98,25.0,18.46,2.83,0.131,0.9618,115.69
4671,40.74,22.16,19.01,19.03,16.94,21.5,0.1699,0.8852,104.35
4672,35.45,32.46,20.17,15.16,11.17,33.87,0.147,0.8867,101.44
4673,41.53,54.89,27.34,18.66,14.2,81.88,0.1575,0.8489,132.95
4674,36.96,28.77,19.6,23.82,12.05,13.94,0.1342,0.9212,111.65
4675,31.06,22.59,13.87,16.04,11.81,53.92,0.1634,0.8579,81.82
4676,48.43,35.13,23.3,15.73,15.98,28.21,0.1665,0.878,121.66
4677,54.54,39.9,25.81,14.27,16.78,59.57,0.1441,0.8716,131.87
4678,43.98,43.02,22.75,25.61,8.38,99.95,0.1179,0.8819,126.77
4679,27.99,17.72,19.35,10.9,13.62,81.12,0.128,0.8775,78.6
4680,38.17,39.71,30.83,15.66,11.81,22.17,0.1334,0.909,123.79
4681,41.96,38.84,29.05,15.57,15.05,92.66,0.1477,0.8544,120.02
4682,26.52,29.35,26.7,18.47,12.8,35.05,0.1932,0.8496,96.72
4683,35.71,55.13,31.5,17.45,15.88,65.68,0.1026,0.9065,141.12
4684,28.76,41.94,20.49,20.53,18.53,94.33,0.1201,0.8811,114.77
4685,31.76,24.84,23.95,17.84,15.2,85.77,0.1012,0.902,102.46
4686,42.72,42.22,30.85,16.01,17.35,45.76,0.1629,0.864,128.88
4687,39.6,16.45,25.81,18.12,18.93,12.72,0.1235,0.9298,110.56
4688,31.24,28.91,33.51,15.1,15.44,47.93,0.1994,0.8315,103.28
4689,39.46,29.71,16.25,24.11,10.93,63.67,0.1197,0.8916,107.41
4690,37.1,45.59,15.91,25.4,11.43,23.44,0.1451,0.8993,121.79
4691,47.06,118.07,22.52,12.63,14.67,13.2,0.1308,0.9247,198.75
4692,23.41,31.13,27.92,21.86,20.43,96.57,0.1265,0.8742,109.05
4693,34.07,62.89,28.55,20.38,9.57,81.32,0.1956,0.8126,126.34
4694,52.14,60.25,23.81,20.37,16.28,58.54,0.1879,0.8333,144.02
4695,30.69,20.56,30.16,17.97,15.72,57.87,0.1008,0.9108,104.83
4696,31.35,59.8,27.08,17.17,16.72,75.69,0.1361,0.8717,132.61
4697,35.86,26.4,25.33,23.76,14.66,75.11,0.1658,0.8441,106.36
4698,50.15,35.13,31.65,23.84,15.02,18.62,0.1475,0.9047,140.95
4699,43.22,87.7,25.33,20.46,14.88,32.05,0.1984,0.8493,162.71
4700,31.5,43.04,21.37,13.63,11.8,64.88,0.1716,0.844,102.4
4701,39.32,27.06,23.91,20.26,8.58,75.68,0.1609,0.8484,101.07
4702,37.19,41.83,19.9,18.37,21.0,6.08,0.1395,0.9407,130.08
4703,43.6,18.98,24.01,19.75,14.24,71.15,0.117,0.8913,107.48
4704,39.66,53.53,20.91,20.5,11.73,2.44,0.171,0.9541,139.62
4705,41.57,27.06,18.34,19.55,18.28,29.23,0.1037,0.9233,115.21
4706,37.43,13.09,22.61,23.94,13.51,95.35,0.1928,0.8088,89.44
4707,50.58,30.3,17.48,17.34,15.81,43.96,0.1384,0.8856,116.47
4708,39.66,28.49,28.74,23.91,16.41,49.67,0.1552,0.8677,119.07
4709,34.99,42.73,28.18,18.6,12.92,74.23,0.1405,0.8682,119.3
4710,48.48,22.07,30.08,23.22,16.87,58.81,0.1365,0.8787,123.66
4711,44.72,40.24,22.34,23.61,14.27,30.99,0.1983,0.8508,123.52
4712,32.72,26.66,27.27,21.67,17.78,59.4,0.1563,0.8608,108.55
4713,8.48,34.03,19.29,17.65,18.18,54.85,0.1881,0.8357,81.59
4714,44.32,53.62,22.15,12.73,17.18,13.72,0.1195,0.9302,139.53
4715,36.51,54.32,30.13,21.9,6.92,74.7,0.1542,0.8551,128.08
4716,40.34,58.3,30.87,18.3,16.1,61.17,0.1486,0.8668,142.07
4717,49.46,25.81,25.62,20.38,18.1,7.28,0.139,0.9362,130.47
4718,32.38,39.42,28.39,23.89,14.33,15.28,0.1491,0.9097,125.9
4719,31.0,40.1,23.84,17.21,10.29,13.94,0.1242,0.9271,113.52
4720,28.83,57.76,30.03,20.53,14.37,7.92,0.1793,0.9148,138.61
4721,57.63,30.7,20.45,13.5,11.65,21.75,0.1607,0.8909,119.32
4722,49.53,19.29,25.6,21.47,15.06,57.81,0.1119,0.901,118.0
4723,45.37,49.15,30.92,17.55,13.78,13.06,0.1484,0.9148,143.43
4724,24.58,59.84,22.47,10.83,15.89,22.75,0.1943,0.8663,115.76
4725,28.61,39.74,24.93,21.71,6.85,92.18,0.194,0.809,98.56
4726,45.62,22.61,27.16,30.51,18.76,62.82,0.199,0.8204,118.69
4727,43.21,83.23,29.7,19.87,17.1,57.25,0.1221,0.8922,172.28
4728,37.83,36.72,21.29,15.73,11.51,24.5,0.1803,0.8732,107.48
4729,29.18,26.88,26.88,22.54,15.45,52.43,0.1593,0.8624,104.3
4730,48.44,54.29,29.9,18.5,17.54,21.99,0.1771,0.8794,148.32
4731,54.34,68.12,29.88,21.8,13.22,53.02,0.1648,0.8572,160.61
4732,43.51,18.41,24.78,16.03,14.67,77.0,0.1238,0.8828,103.64
4733,33.95,43.4,23.26,13.86,9.11,62.36,0.1093,0.9015,111.41
4734,52.19,58.81,24.94,21.32,8.66,30.33,0.1489,0.8887,147.44
4735,41.35,33.57,21.46,17.72,11.12,70.36,0.1387,0.8715,109.13
4736,53.04,37.13,27.68,17.25,13.29,35.81,0.1413,0.8894,131.98
4737,37.14,33.23,25.67,23.86,19.87,24.93,0.158,0.8883,124.17
4738,56.5,64.68,12.79,18.13,14.86,35.68,0.1769,0.8616,143.85
4739,36.41,22.51,26.82,21.75,8.71,50.2,0.1727,0.8524,99.05
4740,34.71,31.57,22.56,17.76,15.44,73.74,0.1477,0.8616,105.15
4741,46.63,82.67,25.82,24.81,16.15,98.54,0.1532,0.847,166.09
4742,39.41,27.31,32.59,26.99,12.54,98.49,0.1582,0.8419,116.9
4743,43.1,18.89,20.45,22.72,15.05,71.56,0.1758,0.8365,100.55
4744,31.85,34.85,23.02,16.18,18.35,7.67,0.1881,0.9118,113.3
4745,31.99,53.91,23.84,23.29,13.93,55.77,0.1527,0.8661,127.29
4746,36.95,34.48,18.49,19.98,13.55,19.61,0.1863,0.8776,108.32
4747,42.87,28.82,25.5,21.74,12.83,34.32,0.1934,0.8503,112.04
4748,33.78,42.76,27.17,18.65,16.25,54.06,0.1199,0.8956,124.14
4749,48.55,94.77,23.08,18.37,13.49,33.35,0.1466,0.8874,175.94
4750,39.14,31.59,27.76,20.98,15.03,78.77,0.133,0.8735,117.49
4751,53.66,80.17,32.44,27.56,12.33,4.8,0.1141,0.9564,197.18
4752,31.58,41.29,21.55,21.18,13.33,39.98,0.1264,0.8981,115.79
4753,42.74,24.77,24.24,19.13,20.74,72.33,0.1412,0.8684,114.29
4754,43.67,68.07,23.53,17.27,12.6,98.21,0.152,0.8483,140.09
4755,42.17,30.44,33.87,18.61,19.49,55.73,0.1514,0.8673,125.39
4756,39.61,18.77,27.86,26.22,11.67,84.5,0.1329,0.8716,108.19
4757,46.78,39.37,30.35,18.01,19.75,49.65,0.1953,0.8336,128.59
4758,30.11,29.05,24.06,18.33,14.56,99.95,0.1052,0.8945,103.87
4759,42.26,72.34,33.99,15.44,16.08,88.98,0.1765,0.8276,149.05
4760,32.11,41.16,30.02,22.96,12.2,64.53,0.1921,0.8255,114.29
4761,35.37,28.26,20.53,22.32,15.78,54.29,0.1771,0.8457,103.39
4762,42.15,49.55,19.04,25.41,16.1,93.03,0.1126,0.8889,135.33
4763,47.59,35.04,25.29,23.02,15.03,68.33,0.1869,0.828,120.85
4764,29.01,39.86,27.62,19.48,10.74,89.4,0.1301,0.8727,110.59
4765,53.21,13.49,23.17,26.01,12.38,46.06,0.124,0.8963,114.95
4766,48.02,22.08,21.33,25.25,11.2,44.97,0.1942,0.8386,107.24
4767,40.35,38.39,29.84,20.53,14.85,97.44,0.15,0.8505,122.45
4768,31.46,20.96,26.81,21.6,12.04,84.11,0.1444,0.8606,97.14
4769,52.23,27.59,24.61,13.44,11.4,54.4,0.1251,0.891,115.18
4770,43.7,50.71,21.34,21.16,11.46,89.43,0.1523,0.851,126.27
4771,43.69,43.03,24.67,20.41,12.3,9.47,0.1495,0.9238,133.12
4772,34.58,55.82,21.22,19.73,22.57,39.35,0.1352,0.8914,137.21
4773,41.55,35.19,29.59,21.87,16.24,33.44,0.1338,0.8972,129.6
4774,34.99,26.64,28.73,16.3,15.19,88.32,0.1271,0.8761,106.75
4775,49.72,61.57,20.27,29.27,15.78,47.52,0.1729,0.8542,150.86
4776,49.92,35.66,20.42,23.02,8.82,47.32,0.1882,0.8415,115.99
4777,38.77,22.81,31.54,22.84,17.5,11.82,0.1598,0.9115,121.65
4778,35.32,67.29,29.02,22.83,17.2,60.95,0.1538,0.8622,148.0
4779,46.33,35.96,28.47,23.97,16.24,47.57,0.1746,0.8528,128.75
4780,45.21,51.79,30.71,20.52,16.83,16.27,0.1577,0.9024,148.95
4781,30.67,39.39,20.16,17.7,15.23,81.96,0.1309,0.8744,107.69
4782,37.67,51.73,23.93,13.78,14.55,60.57,0.1434,0.8717,123.47
4783,57.54,45.3,34.48,24.27,15.16,94.0,0.1407,0.8608,152.15
4784,39.94,31.01,32.59,22.29,8.07,51.11,0.1417,0.8784,117.61
4785,41.88,30.27,27.93,15.07,20.75,63.25,0.1603,0.8551,116.21
4786,44.36,46.55,26.05,14.81,9.89,35.69,0.1532,0.8801,124.68
4787,35.53,36.65,27.76,12.75,18.42,53.33,0.1042,0.9096,119.26
4788,46.13,34.91,24.63,18.81,17.59,35.11,0.1093,0.9149,129.98
4789,43.02,29.43,21.52,24.63,15.59,10.89,0.1003,0.9461,126.96
4790,49.0,31.45,20.96,14.12,7.78,8.91,0.1895,0.9056,111.67
4791,26.52,19.14,35.92,20.33,15.79,34.7,0.1392,0.8919,104.98
4792,42.83,42.91,22.07,13.93,20.08,10.14,0.1469,0.9231,130.93
4793,41.68,27.1,30.23,14.19,15.27,20.08,0.102,0.9325,119.79
4794,28.66,36.56,14.22,17.26,14.02,17.63,0.1407,0.9107,100.83
4795,37.87,34.11,22.39,27.24,14.43,74.3,0.1676,0.8427,114.64
4796,43.15,37.88,24.44,16.79,15.78,46.3,0.1256,0.8949,123.53
4797,40.4,35.47,22.26,14.39,6.68,6.84,0.1644,0.9265,110.44
4798,39.8,42.0,21.15,17.82,16.7,23.15,0.108,0.9253,127.2
4799,39.89,24.63,29.7,17.88,12.11,7.58,0.1535,0.9283,115.31
4800,36.28,34.0,26.73,19.0,16.14,22.48,0.1975,0.8647,114.27
4801,56.04,35.4,22.27,17.33,20.41,66.68,0.1953,0.8212,124.38
4802,42.63,24.81,21.83,17.74,13.29,79.7,0.1816,0.8268,99.46
4803,42.48,23.64,18.22,21.6,11.82,83.46,0.1472,0.8582,101.05
4804,29.38,27.89,19.46,19.87,15.23,16.72,0.1018,0.9364,104.72
4805,37.48,37.54,19.67,15.99,20.1,69.82,0.1578,0.854,111.68
4806,35.77,22.66,22.76,22.3,15.82,12.39,0.1093,0.9384,111.97
4807,39.75,51.01,40.33,28.84,18.35,96.05,0.1211,0.8797,156.85
4808,37.43,27.4,22.26,21.65,16.92,41.29,0.1599,0.87,109.31
4809,35.06,34.89,22.76,24.71,18.52,4.5,0.1389,0.9486,128.96
4810,38.17,45.76,22.22,17.81,13.08,14.42,0.1121,0.9334,127.92
4811,31.34,19.4,27.27,20.32,19.5,83.85,0.1207,0.8836,104.11
4812,44.76,60.42,18.62,15.55,16.87,34.77,0.1319,0.8975,140.21
4813,46.44,24.59,19.96,10.43,10.88,3.11,0.1862,0.9429,105.89
4814,43.98,59.53,30.48,17.08,14.41,63.02,0.1932,0.8255,136.6
4815,46.85,43.11,26.32,18.27,15.52,97.1,0.1993,0.8015,120.28
4816,46.28,17.0,25.86,15.38,15.33,4.24,0.1856,0.9332,111.85
4817,29.73,32.94,29.45,19.12,14.79,70.76,0.1966,0.8176,103.04
4818,51.94,25.59,25.2,15.06,15.77,60.07,0.152,0.8642,115.42
4819,46.95,67.48,19.04,27.53,15.77,1.64,0.151,0.9681,171.13
4820,24.73,38.06,27.47,14.91,13.4,55.06,0.1392,0.8783,104.13
4821,33.92,16.12,27.82,16.57,16.24,16.85,0.1301,0.9186,101.66
4822,30.14,57.99,17.4,17.45,17.35,80.31,0.1656,0.8419,118.15
4823,43.47,43.6,26.53,23.71,20.33,33.52,0.1797,0.8618,135.85
4824,35.73,41.33,28.26,22.78,21.43,22.5,0.1972,0.8648,129.31
4825,40.19,35.32,28.48,20.13,13.93,39.37,0.1634,0.8688,119.94
4826,53.88,19.83,29.18,17.39,13.66,79.21,0.1779,0.8306,111.25
4827,51.55,65.88,27.06,9.13,14.02,26.33,0.1306,0.9062,151.91
4828,32.34,31.8,29.98,16.49,11.47,54.06,0.1322,0.8849,108.03
4829,43.66,62.25,20.01,20.15,15.5,69.43,0.1032,0.9047,146.16
4830,54.62,35.2,32.74,18.35,25.13,30.62,0.1517,0.8862,147.15
4831,32.68,32.43,15.56,24.4,12.37,64.54,0.1642,0.8508,99.92
4832,47.74,17.53,29.29,21.9,13.15,95.27,0.145,0.8562,110.97
4833,38.65,26.37,20.23,17.24,9.99,54.8,0.1315,0.8852,99.57
4834,32.47,59.39,31.23,22.69,17.86,18.5,0.1796,0.8842,144.69
4835,52.11,46.7,28.61,14.04,15.59,64.09,0.1643,0.8511,133.66
4836,36.57,43.17,22.25,21.09,12.53,97.92,0.1965,0.804,109.02
4837,38.8,44.35,23.64,23.93,11.83,75.97,0.1389,0.869,123.87
4838,37.16,35.05,22.77,22.28,13.28,23.22,0.1921,0.8671,113.19
4839,48.43,29.01,28.66,17.63,17.09,37.76,0.1943,0.8457,119.08
4840,47.87,25.42,17.96,23.19,16.07,10.69,0.1787,0.9046,118.06
4841,34.06,29.14,23.83,12.99,12.41,50.02,0.1613,0.8623,96.95
4842,40.93,37.04,27.42,15.37,13.17,33.24,0.16,0.8773,117.48
4843,42.95,25.71,15.48,16.18,17.84,55.86,0.1968,0.8273,97.76
4844,47.8,35.24,18.53,12.7,9.28,15.97,0.1443,0.9113,112.59
4845,35.14,36.12,31.03,24.18,11.67,98.33,0.1479,0.8523,117.75
4846,51.06,32.54,15.54,25.92,15.41,37.05,0.193,0.8475,119.04
4847,46.52,18.13,20.16,19.14,15.33,51.91,0.1913,0.8351,99.61
4848,32.4,22.99,33.22,24.86,17.01,99.96,0.1302,0.8695,113.46
4849,43.88,32.81,26.85,15.93,17.49,34.51,0.1773,0.8626,118.13
4850,43.91,14.89,31.45,18.22,16.97,37.77,0.1535,0.8781,110.14
4851,34.33,52.75,21.06,18.47,9.33,80.57,0.1705,0.8371,113.78
4852,43.41,58.87,17.99,15.5,17.41,8.33,0.154,0.9253,141.73
4853,40.02,49.21,25.49,21.95,16.21,27.0,0.1376,0.9005,137.65
4854,27.75,39.18,27.21,19.64,15.1,49.6,0.119,0.8986,115.82
4855,14.43,21.37,16.74,18.02,17.98,57.84,0.1322,0.883,78.19
4856,56.39,39.57,25.02,20.33,18.75,82.77,0.1083,0.8958,143.39
4857,39.01,61.39,20.83,23.53,13.04,75.26,0.1267,0.8808,138.99
4858,40.86,22.25,25.33,18.41,9.49,72.24,0.1453,0.8646,100.58
4859,31.79,97.23,30.06,28.97,13.65,39.22,0.1496,0.88,177.48
4860,35.21,48.54,23.62,22.79,11.55,97.26,0.1843,0.8164,115.7
4861,57.35,22.9,30.89,21.21,14.41,83.22,0.1067,0.8973,131.69
4862,59.34,23.37,23.83,20.3,16.85,47.68,0.1058,0.9108,130.87
4863,25.16,28.6,29.52,27.48,12.99,34.88,0.1294,0.8994,111.31
4864,40.46,34.25,29.32,21.29,12.51,1.26,0.105,0.9814,135.26
4865,54.94,30.11,28.2,19.52,4.7,39.3,0.1018,0.9183,126.24
4866,41.58,11.42,26.11,16.39,16.33,6.33,0.1482,0.9359,104.66
4867,45.47,20.79,33.79,21.29,17.39,31.2,0.1554,0.8828,122.47
4868,38.64,34.9,26.08,22.29,12.31,20.51,0.1249,0.9168,123.05
4869,44.12,37.76,28.67,26.87,11.94,33.37,0.1945,0.8506,127.04
4870,51.56,50.21,17.67,19.18,14.6,7.05,0.1704,0.9228,141.4
4871,44.17,26.82,28.67,20.93,9.87,77.88,0.1078,0.8978,117.12
4872,30.27,37.16,30.08,18.85,18.19,9.73,0.1956,0.8992,121.0
4873,34.95,35.13,23.03,22.34,12.49,72.08,0.1617,0.8493,108.67
4874,46.19,25.04,31.29,22.55,17.46,93.59,0.1147,0.8866,126.38
4875,39.46,44.87,20.07,17.88,14.7,49.53,0.1088,0.9073,124.29
4876,35.64,42.43,20.23,20.22,9.69,78.7,0.1117,0.8938,114.59
4877,31.28,88.45,26.99,20.4,12.15,94.41,0.1513,0.8503,152.43
4878,32.03,53.64,26.71,21.3,8.68,54.31,0.1483,0.8707,123.95
4879,34.28,18.86,22.3,24.17,15.31,27.13,0.1872,0.8643,99.33
4880,43.65,50.83,18.85,26.08,12.71,3.13,0.1155,0.9645,146.71
4881,35.86,19.74,30.88,14.27,13.94,43.94,0.1257,0.8962,102.78
4882,41.42,63.12,17.12,23.77,19.04,16.21,0.1779,0.8901,146.4
4883,41.26,31.11,27.21,16.23,17.73,85.62,0.1487,0.856,114.3
4884,46.15,39.74,20.79,22.28,13.85,79.4,0.1625,0.8452,120.7
4885,33.42,59.21,26.35,21.23,14.68,73.69,0.1413,0.8676,134.39
4886,52.93,42.25,24.37,17.49,12.54,10.29,0.1417,0.9254,138.43
4887,25.93,48.44,33.24,26.13,16.93,65.13,0.1978,0.8199,123.54
4888,37.4,27.0,31.97,18.17,21.22,31.87,0.1937,0.8531,115.81
4889,36.6,24.11,24.14,23.93,12.42,49.18,0.1667,0.8582,104.03
4890,33.68,35.39,30.83,20.14,16.07,97.12,0.1262,0.8743,119.01
4891,22.37,45.56,15.71,13.45,12.48,10.25,0.179,0.9059,99.26
4892,49.71,33.61,24.32,19.51,17.64,65.92,0.155,0.8585,124.3
4893,46.63,67.5,23.64,22.7,16.8,92.88,0.1631,0.8391,148.76
4894,43.99,43.93,14.77,18.79,16.53,6.07,0.1611,0.9316,128.57
4895,34.19,30.99,22.76,16.29,10.42,62.49,0.1035,0.9067,103.95
4896,35.95,32.89,30.81,22.41,8.25,59.51,0.1167,0.896,116.78
4897,37.31,28.08,25.91,18.94,16.23,59.69,0.1395,0.8756,110.74
4898,38.08,42.32,27.66,19.66,10.85,28.28,0.1062,0.9221,127.77
4899,46.36,29.92,19.52,14.74,14.28,72.43,0.1698,0.8416,105.06
4900,36.04,37.91,20.5,25.84,13.57,85.02,0.1223,0.8817,118.03
4901,33.15,64.58,24.38,26.3,18.1,31.27,0.1934,0.8541,142.22
4902,41.17,42.0,26.75,18.27,17.48,18.73,0.1886,0.8778,127.88
4903,40.34,34.29,28.04,17.16,13.76,95.24,0.1608,0.8405,112.29
4904,44.03,32.04,25.18,29.59,15.99,83.05,0.1229,0.8817,129.45
4905,51.11,59.36,22.19,21.07,16.04,93.45,0.164,0.8381,142.29
4906,36.74,40.93,22.41,16.74,17.59,13.77,0.1151,0.9327,125.38
4907,47.46,47.4,21.58,21.04,9.03,87.7,0.1462,0.8576,125.64
4908,41.14,27.75,21.31,20.12,12.38,84.24,0.1306,0.8739,107.23
4909,48.2,20.57,20.7,24.73,17.67,45.81,0.1329,0.889,117.23
4910,49.86,58.48,27.69,29.24,10.92,41.13,0.1288,0.8954,157.75
4911,33.94,53.61,25.26,19.87,11.18,42.94,0.1276,0.8952,128.79
4912,55.84,22.93,27.65,22.82,14.43,60.44,0.1494,0.8664,124.47
4913,41.45,48.92,23.54,18.22,13.25,61.02,0.135,0.879,127.78
4914,30.82,60.52,24.57,14.97,16.38,80.76,0.125,0.8804,129.65
4915,30.89,29.96,15.8,20.26,18.72,36.97,0.1225,0.9033,104.44
4916,51.79,34.37,28.77,12.54,9.03,4.42,0.1784,0.9345,127.56
4917,50.51,75.25,26.94,30.17,15.22,32.2,0.1109,0.9157,181.38
4918,48.77,57.99,25.64,24.18,14.51,67.83,0.1379,0.8733,149.42
4919,35.67,26.11,29.58,21.28,11.27,86.24,0.176,0.8292,102.74
4920,37.01,27.08,33.51,12.9,7.48,28.63,0.1185,0.9128,107.69
4921,27.39,31.92,21.08,20.42,12.26,72.44,0.1342,0.8748,98.91
4922,37.66,38.87,32.08,14.34,9.97,43.94,0.1022,0.9156,121.7
4923,41.37,43.26,31.32,23.11,15.63,9.55,0.1758,0.91,140.76
4924,52.0,21.22,22.93,24.84,12.84,9.75,0.1785,0.908,121.51
4925,37.8,27.44,19.54,20.18,12.62,17.92,0.1555,0.9007,105.9
4926,37.33,16.57,26.41,13.45,17.03,71.03,0.1641,0.8476,93.9
4927,42.32,47.48,30.66,13.85,20.78,84.43,0.1212,0.8829,136.92
4928,46.8,35.75,18.7,13.42,14.09,7.79,0.1669,0.9213,118.64
4929,52.42,32.05,18.76,16.8,16.59,28.86,0.1841,0.8642,118.08
4930,34.4,29.49,27.93,15.22,17.77,89.74,0.119,0.8835,110.27
4931,38.63,32.84,25.69,17.54,11.04,64.95,0.1754,0.8405,105.69
4932,41.1,41.21,29.27,25.89,10.22,34.8,0.1659,0.8711,128.65
4933,37.87,21.74,26.46,17.51,14.22,62.03,0.1426,0.8717,102.69
4934,35.04,26.08,26.85,17.32,16.41,33.58,0.1002,0.9229,112.31
4935,37.94,23.3,25.81,20.47,12.63,16.43,0.1824,0.8868,106.54
4936,30.25,12.51,25.2,22.59,9.61,1.06,0.1344,0.979,98.05
4937,35.15,71.35,28.28,24.43,19.21,75.06,0.106,0.9003,160.64
4938,30.14,45.93,18.24,27.46,17.05,45.78,0.175,0.8539,118.53
4939,40.1,25.29,24.77,17.19,14.15,84.7,0.1914,0.815,99.03
4940,36.87,38.5,22.8,19.24,11.91,80.59,0.1363,0.8697,112.47
4941,35.64,21.96,22.51,11.98,10.64,4.58,0.1571,0.9414,96.7
4942,40.13,42.77,28.13,15.23,12.18,52.89,0.1419,0.8771,121.42
4943,20.21,91.47,29.08,18.9,20.09,34.68,0.131,0.8983,161.47
4944,37.46,51.25,28.93,17.02,13.92,91.03,0.1846,0.8187,121.65
4945,41.56,15.85,29.06,16.64,15.7,97.77,0.1079,0.8924,106.02
4946,47.8,18.94,26.39,16.09,23.78,24.97,0.1212,0.9143,121.6
4947,44.87,19.31,17.86,23.39,20.53,21.67,0.1171,0.9206,115.97
4948,50.16,29.6,23.76,14.24,15.47,15.59,0.1911,0.8835,117.71
4949,28.53,34.08,27.21,25.97,20.3,90.11,0.1799,0.8238,112.11
4950,48.37,61.56,25.75,15.58,16.4,45.19,0.1751,0.8542,143.22
4951,42.39,20.34,29.46,26.14,20.86,23.31,0.198,0.8628,120.1
4952,35.7,35.31,26.53,14.46,15.08,31.27,0.1147,0.9134,116.09
4953,40.86,12.18,25.49,14.85,17.17,41.09,0.145,0.8822,97.54
4954,65.0,23.19,21.02,20.81,16.75,98.08,0.1749,0.8255,121.15
4955,41.16,20.47,23.32,19.85,12.53,89.65,0.1692,0.8344,97.91
4956,40.64,14.87,30.12,23.18,17.27,49.79,0.1173,0.8999,113.46
4957,46.87,47.41,23.48,16.15,11.85,86.65,0.1746,0.8304,121.05
4958,38.25,26.95,29.01,18.51,13.42,24.68,0.1446,0.8981,113.29
4959,33.66,37.59,16.22,19.83,17.44,53.18,0.1833,0.8411,104.92
4960,51.23,20.12,20.86,22.15,16.17,78.49,0.1156,0.8902,116.2
4961,28.49,56.02,16.93,21.82,15.08,17.63,0.1659,0.8946,123.77
4962,40.35,23.9,13.61,23.16,15.95,52.52,0.1071,0.9074,106.15
4963,39.48,54.6,15.85,25.11,14.87,35.63,0.1154,0.9098,136.39
4964,33.34,53.73,24.18,19.51,18.15,77.83,0.1518,0.856,127.47
4965,29.46,38.79,32.27,25.9,21.95,86.13,0.1213,0.8824,130.91
4966,38.98,40.3,16.99,19.38,19.26,14.32,0.1535,0.909,122.63
4967,42.93,23.35,25.11,20.52,13.95,80.15,0.1708,0.8369,105.34
4968,48.38,18.31,23.87,21.44,16.51,65.1,0.1647,0.8501,109.25
4969,33.83,37.78,25.25,20.23,12.61,99.87,0.1789,0.8208,106.46
4970,33.72,38.17,23.88,22.94,18.64,36.9,0.1271,0.8997,123.58
4971,52.21,30.11,21.62,21.41,15.04,44.22,0.195,0.8386,117.73
4972,36.26,25.2,13.79,14.07,17.41,54.77,0.1421,0.8759,93.47
4973,37.33,24.78,27.84,13.31,16.0,79.69,0.1095,0.8956,106.81
4974,49.75,19.37,30.12,21.31,7.42,48.31,0.1732,0.8534,109.21
4975,26.83,51.29,24.85,16.52,14.94,19.66,0.1655,0.8911,119.8
4976,30.39,26.49,25.26,21.88,15.82,83.28,0.1363,0.8688,104.11
4977,51.14,23.98,18.21,13.42,16.27,22.53,0.1491,0.8977,110.43
4978,35.19,45.04,22.49,19.65,12.28,14.44,0.1807,0.8926,120.18
4979,35.73,28.35,27.65,17.09,11.08,41.33,0.1737,0.8587,102.96
4980,36.4,27.56,19.93,21.95,15.63,57.86,0.1115,0.9013,109.49
4981,37.44,55.03,24.45,15.33,15.34,83.14,0.1176,0.8868,130.88
4982,36.33,22.08,35.74,22.14,13.73,17.34,0.1427,0.9099,118.3
4983,41.14,22.6,26.07,24.26,13.38,12.57,0.1514,0.9143,116.52
4984,50.02,16.42,19.37,21.82,18.72,96.21,0.1946,0.8066,101.91
4985,33.57,34.64,38.93,21.23,12.72,77.74,0.1104,0.8953,126.33
4986,35.27,27.65,26.86,23.83,13.29,42.29,0.1299,0.8937,113.42
4987,40.26,73.69,20.89,23.32,8.2,74.23,0.1462,0.8628,143.53
4988,52.57,27.62,24.5,12.56,17.42,16.49,0.1998,0.8759,117.95
4989,37.64,45.39,16.5,24.31,15.46,9.36,0.1753,0.911,126.89
4990,32.81,24.71,20.9,26.14,19.69,39.48,0.1874,0.8494,105.53
4991,23.84,48.51,29.36,22.33,12.33,82.41,0.1351,0.8702,118.68
4992,33.91,62.57,18.82,14.49,10.35,23.6,0.1557,0.8917,124.96
4993,33.06,28.39,17.93,15.05,12.59,12.78,0.1908,0.8913,95.39
4994,30.47,32.72,29.71,11.07,17.69,58.17,0.1582,0.8598,104.59
4995,40.56,32.11,35.98,24.18,18.31,96.24,0.1785,0.8226,124.34
4996,37.9,38.99,27.75,25.19,15.33,26.68,0.1611,0.8838,128.31
4997,51.41,51.98,33.84,21.78,15.19,54.66,0.1706,0.8511,148.26
4998,41.72,27.28,19.26,23.16,19.79,74.15,0.1135,0.8935,117.24
4999,48.07,53.27,27.32,18.76,16.78,35.79,0.1634,0.8721,143.19
5000,38.63,37.95,30.65,22.12,15.0,34.3,0.1439,0.8887,128.28
5001,32.97,65.77,22.46,19.86,12.87,66.74,0.1248,0.8857,136.33
5002,44.95,40.07,20.24,21.05,17.0,45.49,0.1111,0.9074,130.04
5003,30.97,19.95,24.47,20.93,11.38,92.2,0.1206,0.8813,94.92
5004,49.26,46.55,26.76,22.71,11.36,15.36,0.1755,0.8935,139.94
5005,34.02,35.13,23.86,16.36,14.44,38.91,0.1632,0.8694,107.64
5006,45.92,31.26,26.04,15.08,19.59,3.93,0.1391,0.9518,131.25
5007,43.01,43.09,18.74,25.75,11.28,20.1,0.162,0.8927,126.64
5008,32.23,25.64,26.49,24.28,18.35,43.04,0.1804,0.8518,108.17
5009,49.68,32.44,28.79,22.56,16.98,37.57,0.1864,0.8521,128.2
5010,55.36,28.44,26.38,20.29,11.6,33.47,0.134,0.897,127.44
5011,34.01,45.97,21.1,15.99,15.9,4.37,0.139,0.9492,126.21
5012,34.76,30.74,16.94,21.85,12.84,58.88,0.1389,0.8766,102.67
5013,40.55,37.06,25.48,16.35,12.84,89.03,0.1402,0.863,114.15
5014,46.94,37.39,22.14,24.14,18.55,29.25,0.1174,0.9131,136.19
5015,49.8,42.63,33.1,14.97,14.62,30.9,0.1987,0.8506,131.94
5016,37.13,28.94,32.09,20.0,14.48,67.85,0.1142,0.895,118.72
5017,41.1,56.67,15.66,22.59,14.96,77.67,0.1136,0.8923,134.72
5018,37.19,53.0,23.68,21.67,18.89,92.36,0.1745,0.8281,127.88
5019,36.7,74.19,21.21,23.84,14.25,32.46,0.1174,0.9105,154.96
5020,35.75,24.4,19.06,16.27,17.35,33.51,0.1182,0.9091,102.57
5021,29.09,37.65,24.15,22.41,17.37,58.56,0.1402,0.8756,114.42
5022,46.91,18.56,21.05,18.72,10.03,26.4,0.1938,0.8606,99.2
5023,40.82,22.33,20.43,20.58,18.34,22.19,0.1172,0.92,112.7
5024,52.21,47.14,19.91,12.53,18.7,35.85,0.1885,0.8524,128.27
5025,46.59,33.39,31.63,24.22,16.99,20.97,0.1903,0.8724,133.32
5026,36.8,23.78,24.01,16.0,13.59,16.09,0.1013,0.9376,107.05
5027,30.87,47.77,24.69,21.27,12.5,77.04,0.1232,0.8834,121.11
5028,54.94,40.04,31.31,25.4,14.75,82.53,0.1433,0.8623,143.52
5029,26.41,13.44,23.42,28.84,9.72,98.54,0.1238,0.8763,89.23
5030,37.26,54.45,26.6,23.09,16.27,34.34,0.1126,0.9128,143.93
5031,37.39,35.86,21.38,22.24,11.24,84.43,0.1464,0.8586,110.0
5032,34.82,28.13,22.52,23.47,16.07,7.96,0.1293,0.9384,117.31
5033,33.19,20.45,25.61,18.05,13.8,50.49,0.1094,0.9064,100.69
5034,30.23,42.1,26.0,20.02,16.19,11.84,0.1418,0.9214,123.96
5035,34.2,28.86,28.73,23.45,13.57,26.22,0.1856,0.8668,111.65
5036,39.59,32.98,30.36,19.15,14.75,18.63,0.1549,0.8998,123.13
5037,42.45,35.76,24.73,12.47,12.86,45.38,0.1483,0.8764,112.42
5038,35.8,43.17,30.4,24.96,15.78,42.96,0.1653,0.8642,129.73
5039,35.76,39.26,20.89,22.84,17.77,43.19,0.1233,0.8986,122.67
5040,31.66,64.13,28.53,15.38,18.62,22.82,0.1262,0.9132,144.58
5041,41.34,17.2,21.32,15.33,13.9,82.6,0.1305,0.8746,95.41
5042,40.38,27.83,21.5,21.3,7.02,16.97,0.1546,0.903,106.59
5043,43.04,53.95,30.16,34.4,13.49,76.74,0.1351,0.8723,152.69
5044,35.67,79.83,13.84,20.24,17.08,90.34,0.1709,0.8325,138.73
5045,32.71,55.79,28.31,17.73,18.06,35.38,0.1272,0.9007,137.45
5046,39.84,42.85,25.99,12.77,20.71,68.73,0.1638,0.849,120.7
5047,44.16,49.71,25.84,21.44,13.01,76.72,0.1022,0.9034,139.26
5048,32.9,49.09,33.09,22.7,19.66,36.63,0.1668,0.8686,136.76
5049,34.98,27.8,19.63,18.61,14.06,46.84,0.1643,0.862,99.21
5050,30.2,44.68,19.12,19.35,16.35,2.72,0.1826,0.9479,122.95
5051,30.63,23.78,30.55,18.8,16.27,21.96,0.17,0.8843,106.14
5052,35.63,36.97,23.95,16.0,18.78,53.03,0.1044,0.9096,119.46
5053,33.27,28.81,31.07,16.13,10.17,24.44,0.186,0.8693,103.83
5054,46.4,42.37,28.29,8.99,10.93,26.54,0.1184,0.9147,125.31
5055,40.24,28.33,26.65,15.69,15.34,36.5,0.1539,0.8789,110.97
5056,50.12,36.07,23.96,21.57,11.78,65.08,0.1275,0.884,126.85
5057,50.2,23.42,23.74,16.23,15.27,53.75,0.1017,0.9116,117.46
5058,40.12,30.21,34.93,21.68,17.71,13.37,0.1125,0.9349,135.24
5059,23.97,55.75,21.94,13.13,19.3,47.77,0.1142,0.9036,121.16
5060,43.19,16.66,30.2,21.49,12.25,15.57,0.1552,0.9054,112.08
5061,49.15,35.87,20.39,17.55,11.75,43.66,0.185,0.8474,114.15
5062,45.06,61.4,20.54,17.38,16.48,89.79,0.197,0.8071,129.82
5063,42.79,50.02,25.91,25.23,17.48,51.33,0.1895,0.8371,135.14
5064,38.02,36.21,24.24,10.64,13.01,99.99,0.1445,0.8552,104.43
5065,30.58,47.25,29.8,22.21,12.53,38.89,0.1971,0.8422,119.91
5066,45.0,26.08,23.61,23.16,17.36,17.94,0.1053,0.9327,126.12
5067,38.44,46.95,22.41,18.72,18.17,86.62,0.1824,0.8228,119.04
5068,42.5,57.26,18.64,14.34,15.05,19.56,0.1301,0.9146,135.17
5069,35.3,38.46,36.68,20.28,16.69,56.37,0.1917,0.8314,122.57
5070,55.99,52.3,17.59,18.15,12.58,42.37,0.1713,0.8598,134.66
5071,41.91,23.32,40.58,24.14,13.37,94.57,0.1743,0.8275,118.59
5072,36.96,22.01,28.35,23.48,14.43,92.07,0.1353,0.8668,108.56
5073,30.91,47.84,27.25,20.0,13.2,65.71,0.1075,0.902,125.56
5074,28.81,94.09,17.47,15.72,10.09,86.63,0.1304,0.8733,145.13
5075,44.97,36.3,27.73,19.52,13.3,23.37,0.1546,0.8928,126.61
5076,35.34,49.88,17.24,20.59,16.12,47.78,0.1914,0.8384,116.68
5077,36.4,10.81,24.18,19.46,13.73,96.4,0.1862,0.8149,85.22
5078,35.66,44.71,30.49,19.04,17.55,38.39,0.1441,0.8851,130.5
5079,31.26,28.76,17.79,17.57,13.87,64.32,0.1058,0.904,98.76
5080,37.68,77.94,28.27,14.94,11.95,26.8,0.1779,0.8716,148.85
5081,40.45,47.71,23.19,19.05,15.34,57.66,0.1938,0.8286,120.77
5082,31.95,36.19,27.82,20.54,17.26,43.47,0.1664,0.8629,115.42
5083,42.66,28.13,18.29,20.31,12.32,6.29,0.1082,0.9533,116.02
5084,30.21,58.47,31.63,19.82,9.29,72.32,0.1021,0.9048,135.2
5085,36.47,59.03,28.47,12.37,15.98,20.96,0.1945,0.8695,132.45
5086,42.92,25.34,20.79,16.82,17.28,61.34,0.1908,0.8288,102.06
5087,39.89,55.94,21.11,24.77,9.77,63.34,0.1084,0.902,136.63
5088,26.87,52.54,31.35,22.8,18.02,74.14,0.1466,0.8625,130.74
5089,17.71,39.09,22.86,19.36,13.38,48.96,0.1137,0.9035,101.55
5090,44.54,48.77,20.79,20.28,14.21,82.74,0.1441,0.8614,128.0
5091,45.52,43.91,27.61,15.53,13.85,40.14,0.1295,0.8954,131.11
5092,43.5,23.11,28.22,15.71,13.91,38.4,0.1763,0.8594,106.95
5093,38.18,40.4,22.22,17.22,14.22,44.83,0.1966,0.8367,110.65
5094,38.02,33.26,32.16,18.74,15.57,87.64,0.1124,0.8906,122.67
5095,39.15,22.66,24.99,17.85,13.97,73.21,0.1457,0.8637,102.46
5096,44.68,25.58,29.56,20.55,19.56,62.73,0.1828,0.8351,116.86
5097,38.93,18.03,29.55,20.21,15.32,70.61,0.1843,0.829,101.17
5098,42.99,17.45,18.38,20.84,16.42,76.39,0.1353,0.8722,101.25
5099,50.51,27.79,30.79,12.29,21.03,63.75,0.1547,0.8599,122.45
5100,32.26,54.52,30.11,30.25,17.45,47.12,0.1714,0.8558,140.86
5101,38.52,20.89,26.68,21.16,23.35,23.37,0.1976,0.863,112.69
5102,33.13,21.65,12.94,18.56,14.27,92.49,0.1762,0.8263,83.09
5103,36.85,75.33,26.17,18.39,17.42,72.37,0.1735,0.8381,145.97
5104,39.19,23.93,20.45,19.99,16.45,25.09,0.1889,0.8662,103.95
5105,32.96,35.42,18.17,18.11,15.69,88.62,0.1874,0.8171,98.34
5106,27.01,42.78,24.22,16.92,16.54,73.45,0.1266,0.8815,112.36
5107,29.55,32.35,14.1,19.67,15.26,61.27,0.1836,0.8353,92.66
5108,43.55,34.37,24.48,23.4,17.49,42.98,0.1182,0.9029,129.38
5109,34.65,25.37,30.46,19.63,12.83,48.53,0.1176,0.9003,110.69
5110,38.25,27.01,27.75,20.72,11.45,48.68,0.1098,0.9069,113.53
5111,40.4,39.83,30.86,23.94,16.1,58.86,0.1634,0.8548,129.18
5112,47.26,21.64,23.41,23.25,17.77,36.08,0.1333,0.8954,119.38
5113,37.73,62.03,27.27,26.78,16.72,43.33,0.1204,0.9008,153.62
5114,41.97,17.1,19.56,13.91,10.07,35.41,0.1304,0.8982,92.17
5115,30.94,38.13,15.27,16.33,17.81,97.27,0.1622,0.8384,99.34
5116,38.71,22.88,19.44,16.56,15.05,48.2,0.1968,0.8335,93.88
5117,32.18,42.27,21.3,12.99,18.63,74.89,0.1131,0.8936,113.83
5118,38.87,23.74,21.1,16.89,10.79,43.53,0.1253,0.8967,99.87
5119,41.02,44.33,31.14,22.67,18.5,84.8,0.1694,0.8362,131.84
5120,38.13,48.49,24.24,25.49,14.83,32.52,0.1193,0.909,137.42
5121,36.61,50.22,35.71,21.55,21.49,29.74,0.1912,0.8578,142.05
5122,42.15,28.8,32.62,27.55,16.06,5.15,0.157,0.9381,138.07
5123,36.77,63.94,19.96,16.7,17.03,47.34,0.1596,0.8656,133.66
5124,36.69,35.78,30.13,23.17,13.38,75.6,0.1953,0.816,113.54
5125,31.58,34.42,30.23,22.67,14.07,26.35,0.1717,0.8766,116.57
5126,44.05,43.64,23.2,20.77,14.5,35.23,0.1413,0.8898,130.06
5127,39.66,18.21,25.1,19.59,15.35,19.84,0.166,0.8905,105.0
5128,36.16,31.95,21.7,18.91,14.28,11.46,0.1107,0.9394,115.54
5129,31.69,40.48,36.92,23.32,16.92,88.18,0.1651,0.839,125.29
5130,58.69,27.72,33.08,21.91,18.33,57.33,0.1709,0.8491,135.63
5131,15.87,34.47,23.54,21.33,16.78,87.71,0.1172,0.8859,99.21
5132,33.93,68.34,32.81,22.15,15.71,3.18,0.1734,0.9462,163.64
5133,36.14,25.41,22.77,19.73,14.02,1.84,0.1085,0.9754,115.18
5134,47.36,48.23,29.75,23.16,6.15,57.09,0.1199,0.8943,138.31
5135,37.48,27.26,26.28,17.26,17.17,51.64,0.1471,0.8734,109.57
5136,41.46,36.16,24.56,20.44,12.84,34.1,0.1711,0.8678,117.55
5137,36.47,43.35,19.9,19.86,13.44,39.36,0.161,0.8707,115.83
5138,54.75,48.68,22.09,19.18,13.35,3.64,0.118,0.9607,151.84
5139,43.16,40.65,28.05,20.32,15.85,77.68,0.1044,0.901,133.38
5140,34.8,47.14,25.35,17.66,18.22,41.92,0.142,0.8841,126.58
5141,45.63,32.61,23.34,30.28,12.91,73.35,0.1664,0.8443,122.23
5142,38.02,29.46,32.28,24.72,10.32,93.79,0.1344,0.8672,116.89
5143,54.61,52.94,25.65,24.69,16.01,1.88,0.1339,0.9692,168.54
5144,50.81,16.77,25.01,22.53,11.43,74.05,0.1608,0.8493,107.47
5145,42.36,29.78,22.31,23.84,13.6,88.11,0.1497,0.8541,112.65
5146,38.11,31.69,26.48,23.78,12.33,86.05,0.1895,0.8162,108.05
5147,34.92,37.59,27.96,18.95,15.2,91.86,0.1417,0.8606,115.86
5148,47.06,50.2,25.74,18.88,16.37,18.31,0.1173,0.9246,146.31
5149,51.62,38.01,27.94,16.86,16.79,10.0,0.117,0.9391,142.01
5150,37.67,32.08,21.7,22.84,14.36,1.56,0.1006,0.9795,126.01
5151,43.59,48.89,19.58,13.22,19.2,57.0,0.1232,0.8914,128.8
5152,44.04,39.21,23.71,21.57,12.57,82.78,0.1625,0.8437,119.05
5153,47.12,36.86,27.13,18.68,11.34,72.06,0.1231,0.8853,124.95
5154,33.77,66.42,30.16,13.46,11.83,75.9,0.146,0.8623,134.21
5155,43.55,51.57,36.18,21.12,22.83,28.57,0.1045,0.9231,161.78
5156,57.95,101.2,28.22,18.92,11.35,90.05,0.1348,0.868,188.9
5157,40.77,16.02,14.85,21.63,18.65,85.07,0.1624,0.8429,94.34
5158,43.63,58.74,30.86,17.94,14.23,8.74,0.1851,0.9085,150.27
5159,43.03,63.4,27.08,14.22,17.36,85.4,0.1188,0.885,146.11
5160,44.43,26.64,21.54,19.39,8.32,82.55,0.1191,0.8856,106.55
5161,30.74,33.41,29.12,16.52,13.79,49.59,0.1508,0.8715,107.7
5162,56.38,36.23,27.11,12.55,16.97,69.48,0.1755,0.8378,125.03
5163,40.8,29.25,22.58,23.4,16.64,19.61,0.1452,0.9046,120.01
5164,44.36,30.54,25.61,17.57,19.49,84.77,0.1052,0.8983,123.57
5165,40.7,131.34,20.52,19.44,10.41,82.21,0.1574,0.8489,188.81
5166,47.55,35.03,24.0,11.17,16.77,89.62,0.1776,0.8262,111.15
5167,35.99,44.31,18.47,18.3,15.79,3.29,0.1161,0.9632,127.97
5168,29.54,40.66,27.13,22.8,14.58,84.33,0.1979,0.8089,108.97
5169,39.06,36.33,26.85,11.84,15.16,11.53,0.1307,0.9283,119.98
5170,43.83,22.33,30.67,19.43,13.31,23.69,0.1744,0.8785,113.84
5171,37.23,51.48,30.02,17.16,12.19,5.59,0.1063,0.9565,141.63
5172,34.63,34.34,21.7,22.94,16.68,14.35,0.1635,0.903,117.65
5173,42.79,18.78,26.93,18.08,17.75,61.83,0.1629,0.8536,106.13
5174,32.58,37.34,27.11,21.87,15.22,17.62,0.1686,0.893,119.76
5175,47.83,39.59,21.0,22.5,15.62,82.66,0.1412,0.8643,126.65
5176,37.5,55.67,29.54,18.66,15.5,32.64,0.1915,0.8538,133.94
5177,43.98,20.41,23.42,21.96,20.44,46.03,0.1451,0.8787,114.42
5178,30.71,33.41,21.77,18.98,11.09,85.73,0.1768,0.8287,96.1
5179,50.83,26.66,24.16,21.37,15.89,40.7,0.166,0.8655,120.22
5180,43.75,25.09,16.57,16.2,14.23,53.3,0.1584,0.8626,99.92
5181,44.91,38.3,16.15,16.22,13.5,4.19,0.1622,0.942,121.59
5182,29.67,29.29,27.91,15.34,18.33,37.09,0.1853,0.8535,102.88
5183,34.0,42.81,21.69,21.05,16.31,37.91,0.1933,0.8463,114.99
5184,41.59,24.49,18.89,24.83,14.53,82.31,0.181,0.8262,102.72
5185,31.34,33.07,16.87,23.84,17.55,10.85,0.1624,0.9128,111.98
5186,34.98,39.25,18.65,19.04,12.78,13.04,0.1343,0.923,115.09
5187,46.04,41.38,21.16,19.35,19.48,72.71,0.1407,0.8686,128.04
5188,35.15,37.73,15.04,23.28,15.91,75.49,0.1242,0.8831,112.24
5189,42.99,34.41,28.29,25.27,17.28,52.75,0.13,0.8875,131.56
5190,33.38,27.78,27.07,11.37,12.91,35.33,0.1953,0.8476,95.38
5191,44.81,66.06,21.02,17.97,13.37,58.77,0.1359,0.8793,143.52
5192,31.03,38.13,31.53,20.62,15.92,70.61,0.1591,0.8525,116.99
5193,44.75,22.23,21.44,19.83,10.69,14.86,0.102,0.9388,111.66
5194,57.31,15.95,24.81,19.71,19.56,47.89,0.1427,0.8795,120.8
5195,35.72,56.49,31.66,27.62,13.91,73.47,0.1846,0.8272,136.82
5196,34.71,20.9,23.27,16.65,17.46,26.91,0.1925,0.8609,97.27
5197,49.11,37.7,29.0,17.53,17.14,52.17,0.1556,0.8657,130.28
5198,40.52,21.71,28.48,16.15,19.82,42.1,0.1495,0.8778,111.21
5199,30.64,37.07,22.56,13.66,12.03,11.35,0.1034,0.9436,109.42
5200,42.71,39.65,23.61,17.35,15.97,79.78,0.1448,0.8619,120.06
5201,41.73,48.21,18.17,16.18,17.1,10.26,0.1433,0.9247,130.75
5202,34.94,33.74,11.02,18.82,11.26,55.08,0.1632,0.8573,94.12
5203,34.63,33.79,21.13,23.48,13.85,4.71,0.1602,0.9394,119.19
5204,46.95,22.84,26.19,17.27,15.59,30.83,0.1833,0.8623,111.09
5205,32.1,31.61,18.9,23.34,13.69,1.31,0.1006,0.9817,117.44
5206,29.03,35.54,28.07,23.72,8.43,95.87,0.1403,0.8606,107.4
5207,33.8,35.58,22.77,19.61,9.84,33.95,0.1271,0.9019,109.68
5208,46.92,32.72,29.96,21.98,21.49,97.61,0.1822,0.8184,125.27
5209,37.91,22.77,19.63,23.33,18.61,48.51,0.195,0.8348,102.06
5210,35.49,20.84,24.71,18.57,16.93,90.83,0.153,0.8498,99.04
5211,39.45,63.97,18.96,19.15,14.64,19.57,0.1761,0.8844,138.12
5212,43.9,44.29,15.46,21.47,13.02,5.57,0.1907,0.9221,127.36
5213,52.28,89.91,23.69,21.83,16.21,18.63,0.1469,0.905,184.56
5214,42.81,41.09,19.0,19.77,12.18,60.88,0.1522,0.8637,116.47
5215,55.68,45.68,24.7,23.01,18.03,96.48,0.1728,0.8282,138.4
5216,45.85,24.37,27.1,19.27,16.66,5.0,0.1999,0.9222,122.88
5217,37.62,62.98,17.73,22.19,15.27,65.69,0.1727,0.8425,131.26
5218,47.13,16.72,29.15,21.54,14.2,11.24,0.1531,0.9167,118.02
5219,45.1,45.31,18.98,17.48,14.15,54.35,0.1154,0.8994,126.84
5220,49.3,36.59,21.43,25.48,15.98,65.37,0.1684,0.8466,125.95
5221,45.9,62.74,21.67,23.75,11.41,56.34,0.1653,0.8547,141.42
5222,40.91,33.22,26.08,15.81,22.13,55.11,0.1526,0.8666,119.7
5223,36.15,35.54,27.84,22.67,13.77,82.55,0.1393,0.8661,117.77
5224,41.08,16.16,27.6,18.72,11.4,45.45,0.1254,0.8955,102.96
5225,28.14,16.42,21.52,23.09,17.44,7.01,0.1851,0.9164,97.69
5226,38.7,40.57,27.65,24.34,13.62,51.71,0.154,0.8674,125.67
5227,30.56,55.19,29.28,22.19,13.56,50.42,0.174,0.8512,128.34
5228,43.67,39.3,22.02,24.72,15.18,83.11,0.1565,0.8494,123.07
5229,46.67,33.16,17.19,22.27,13.46,94.28,0.1975,0.8046,106.81
5230,42.52,39.59,23.29,18.33,13.36,91.68,0.162,0.8407,115.26
5231,38.7,37.89,30.71,11.59,14.56,86.3,0.1029,0.9002,120.12
5232,37.72,45.62,33.67,15.37,19.2,43.41,0.1437,0.8816,133.63
5233,49.61,23.82,14.33,17.6,14.42,21.04,0.1755,0.8822,105.66
5234,47.89,38.77,26.33,21.95,14.47,18.21,0.1857,0.8808,131.61
5235,31.51,23.35,26.84,14.9,18.24,77.59,0.1788,0.8305,95.38
5236,42.04,54.42,32.31,14.45,9.08,95.32,0.1637,0.8376,127.57
5237,42.6,22.59,25.83,18.23,16.89,76.09,0.1213,0.8855,111.7
5238,38.36,31.99,25.92,18.69,17.03,79.46,0.1095,0.8957,118.21
5239,29.07,44.45,23.22,20.3,15.34,96.48,0.1341,0.8667,114.73
5240,23.56,20.64,20.23,24.99,13.96,93.63,0.1564,0.8455,87.41
5241,41.38,25.27,22.17,17.88,15.13,12.66,0.1619,0.9081,110.62
5242,26.45,85.57,26.96,19.3,14.11,86.71,0.1373,0.8666,149.41
5243,35.81,50.99,19.14,23.41,15.78,90.34,0.1544,0.8487,123.17
5244,45.48,40.01,31.04,16.24,14.3,11.47,0.1108,0.9393,138.14
5245,43.33,45.31,26.33,24.53,18.25,88.53,0.1852,0.8193,129.23
5246,35.23,17.7,17.21,15.94,13.89,70.67,0.1601,0.8515,85.12
5247,47.16,45.0,26.34,18.18,14.44,72.26,0.1102,0.8972,135.59
5248,44.21,76.5,22.18,17.02,17.32,96.38,0.1118,0.8888,157.52
5249,36.1,28.73,33.3,26.15,17.06,38.54,0.1813,0.8552,120.87
5250,52.17,72.59,17.1,20.36,15.45,74.97,0.1231,0.8842,157.1
5251,43.9,29.09,24.37,19.16,14.06,73.43,0.127,0.8811,115.06
5252,33.76,36.74,20.8,15.15,14.42,76.77,0.119,0.8875,107.27
5253,23.58,20.48,28.49,24.57,23.45,51.67,0.122,0.895,107.92
5254,41.79,41.67,29.74,23.18,17.94,53.06,0.1137,0.9015,139.11
5255,35.96,37.15,18.14,17.22,16.38,86.64,0.14,0.864,107.88
5256,40.17,32.02,25.85,20.03,14.8,22.53,0.1074,0.9263,123.09
5257,38.11,24.8,33.58,21.5,19.53,62.11,0.1871,0.8316,114.36
5258,22.41,38.3,29.35,21.25,8.79,51.98,0.1603,0.8618,103.51
5259,37.66,27.23,32.82,18.0,17.37,42.06,0.132,0.8922,118.74
5260,31.18,54.48,26.82,26.0,15.47,89.14,0.133,0.87,133.95
5261,35.93,38.83,18.16,19.06,15.76,5.59,0.1539,0.937,119.69
5262,35.37,28.82,16.91,19.19,18.81,36.35,0.1104,0.9132,108.76
5263,40.51,52.22,22.18,23.86,19.79,73.12,0.1984,0.8145,129.14
5264,42.4,29.46,21.47,22.89,15.03,45.81,0.1719,0.8565,112.4
5265,43.69,51.64,33.57,23.6,14.91,79.09,0.1216,0.8843,148.04
5266,20.82,36.69,34.96,27.52,12.21,49.84,0.1835,0.8435,111.51
5267,51.37,16.32,28.39,17.29,14.69,15.73,0.159,0.9027,115.6
5268,26.94,44.28,28.13,20.56,19.63,64.08,0.1788,0.8378,116.92
5269,39.89,34.26,20.56,16.76,14.04,34.17,0.1862,0.8561,107.45
5270,33.37,43.7,27.55,17.86,9.36,16.85,0.1642,0.8972,118.3
5271,42.36,38.15,17.88,16.79,11.95,61.76,0.1674,0.8496,108.01
5272,25.36,38.25,19.42,19.65,13.66,84.7,0.1824,0.8237,95.84
5273,52.39,35.6,32.52,23.21,12.77,44.05,0.1563,0.8708,136.27
5274,37.13,110.88,26.52,18.55,16.89,30.85,0.1465,0.8899,186.84
5275,44.0,43.19,28.56,20.58,16.37,95.69,0.1714,0.8298,126.73
5276,33.6,17.25,12.69,16.42,18.12,69.36,0.1394,0.8713,85.46
5277,53.29,19.15,22.73,17.01,14.09,38.73,0.147,0.8824,111.42
5278,29.02,41.62,22.4,14.49,15.79,30.64,0.1359,0.898,110.75
5279,18.95,27.84,30.44,18.58,12.08,14.94,0.1865,0.8879,95.8
5280,50.9,53.77,29.74,19.35,14.13,46.94,0.1435,0.8794,147.65
5281,30.59,39.83,29.42,19.79,15.09,34.22,0.18,0.8608,115.96
5282,39.44,40.69,25.63,16.95,15.3,99.55,0.1776,0.8222,113.47
5283,52.47,24.22,32.05,21.24,17.77,42.2,0.1014,0.917,135.49
5284,36.76,44.04,21.01,19.15,16.22,17.66,0.1887,0.8801,120.73
5285,42.08,37.5,23.57,16.61,14.73,28.87,0.1553,0.8855,119.08
5286,46.52,24.07,33.74,20.41,21.27,1.49,0.1556,0.9692,141.5
5287,40.24,24.1,25.5,20.26,12.05,56.38,0.134,0.8822,107.77
5288,50.41,67.88,31.44,19.43,17.7,89.18,0.1831,0.821,153.4
5289,45.64,43.93,22.74,24.37,15.02,59.64,0.113,0.8993,136.42
5290,32.85,30.03,25.62,21.5,16.47,9.37,0.1478,0.925,116.98
5291,45.85,28.14,30.28,30.52,11.72,77.73,0.1249,0.8816,129.17
5292,39.73,35.15,31.65,18.23,11.65,17.79,0.1763,0.8877,121.08
5293,39.76,39.28,24.58,20.27,14.14,28.11,0.1194,0.9126,125.98
5294,42.66,20.41,18.11,15.36,14.88,21.01,0.1136,0.9237,102.93
5295,47.36,33.3,20.44,18.0,11.73,94.56,0.1197,0.8814,115.32
5296,32.3,15.42,23.06,12.41,13.43,50.83,0.188,0.8388,81.05
5297,50.44,34.66,27.37,21.92,15.96,73.85,0.1407,0.8682,130.53
5298,49.95,62.69,21.17,23.77,13.09,80.3,0.1025,0.9021,153.97
5299,34.94,20.8,27.31,18.88,19.85,52.96,0.1761,0.8475,103.21
5300,54.07,33.1,26.47,13.35,13.24,66.46,0.1669,0.8473,118.81
5301,38.61,32.09,22.69,28.57,14.78,29.36,0.1471,0.891,121.83
5302,44.54,22.32,15.58,18.24,14.25,97.72,0.1997,0.8008,92.04
5303,36.31,29.2,27.51,18.07,11.23,17.31,0.1334,0.9158,112.01
5304,46.56,20.63,16.54,23.05,14.86,7.47,0.1496,0.9306,113.2
5305,36.44,23.77,29.23,16.08,12.48,34.64,0.1335,0.8964,105.77
5306,41.28,37.37,35.8,17.1,18.48,95.52,0.1529,0.8482,127.26
5307,19.05,40.87,25.11,22.71,15.34,48.51,0.1956,0.8342,102.68
5308,36.23,30.68,22.43,25.17,14.53,7.92,0.103,0.9511,122.72
5309,35.48,59.87,32.59,18.95,13.97,69.19,0.1727,0.8406,135.22
5310,24.87,46.9,23.63,14.28,18.3,98.98,0.1546,0.8454,108.2
5311,46.15,76.9,26.34,23.73,15.21,1.49,0.1269,0.9749,183.59
5312,36.92,33.38,28.33,10.6,11.76,48.17,0.1323,0.8881,107.44
5313,25.46,23.01,20.99,21.95,17.43,79.69,0.1181,0.8874,96.58
5314,44.81,32.45,32.59,14.64,17.18,45.61,0.1531,0.8723,123.59
5315,48.72,78.39,30.68,18.53,12.3,34.76,0.1017,0.921,173.72
5316,38.92,23.44,36.22,21.22,14.0,21.34,0.1791,0.8792,117.64
5317,27.92,49.16,27.9,16.1,21.35,14.24,0.169,0.9001,128.19
5318,24.93,23.19,23.33,18.17,15.92,10.77,0.1382,0.926,97.73
5319,30.2,30.23,18.9,18.23,26.3,77.69,0.1232,0.8832,109.4
5320,33.36,28.65,25.65,19.52,19.02,31.96,0.1497,0.8864,111.86
5321,53.68,24.25,25.51,20.66,22.52,46.03,0.1337,0.8882,130.23
5322,38.37,47.81,31.31,19.99,12.82,84.81,0.1783,0.8276,124.39
5323,29.82,62.25,24.06,20.1,22.36,40.38,0.1359,0.8902,141.17
5324,35.08,50.21,21.38,24.29,11.32,8.36,0.1723,0.9163,130.38
5325,48.57,35.38,16.04,25.76,14.45,42.38,0.1623,0.8672,121.57
5326,44.44,19.31,24.5,21.87,12.84,57.64,0.1562,0.8619,105.98
5327,40.37,36.87,21.44,21.14,15.17,2.46,0.1878,0.9494,128.16
5328,38.65,44.95,23.01,13.87,16.85,58.54,0.1641,0.8544,117.34
5329,40.03,33.74,23.98,10.45,14.72,15.82,0.1942,0.881,108.29
5330,41.25,59.54,25.48,18.61,15.91,11.9,0.1473,0.9182,147.63
5331,38.45,32.35,20.45,26.14,14.15,71.15,0.1378,0.872,114.69
5332,40.82,27.54,21.57,18.99,16.66,15.6,0.1622,0.901,113.15
5333,37.59,51.95,32.25,22.85,16.39,10.9,0.1437,0.9227,148.59
5334,33.15,49.5,23.7,19.19,14.17,45.82,0.1467,0.8775,122.59
5335,37.89,63.73,28.58,20.63,14.32,41.47,0.1349,0.8902,147.0
5336,42.64,43.14,23.07,17.44,11.34,65.68,0.1718,0.8433,116.07
5337,34.18,25.37,23.71,23.02,15.44,95.03,0.1626,0.8388,102.09
5338,43.37,12.42,30.12,20.1,16.44,10.28,0.1551,0.9184,112.45
5339,46.64,17.57,22.35,16.87,17.92,93.88,0.1449,0.8568,103.96
5340,42.73,27.75,29.36,13.67,11.44,74.12,0.1649,0.8453,105.62
5341,35.51,59.5,27.96,23.06,12.54,28.21,0.1901,0.8607,136.48
5342,40.77,57.1,23.07,21.49,16.73,89.5,0.1757,0.8281,131.8
5343,41.23,29.77,19.27,20.82,16.74,5.78,0.1268,0.9473,121.1
5344,41.59,48.46,28.89,16.51,17.53,98.36,0.1663,0.8339,127.58
5345,51.92,20.18,21.89,23.04,22.38,77.97,0.1058,0.8996,125.42
5346,30.74,57.5,23.54,17.13,11.43,33.64,0.188,0.8553,120.03
5347,41.65,31.28,22.29,23.63,12.89,68.8,0.1541,0.8579,113.03
5348,36.8,45.34,16.4,16.26,15.62,97.38,0.1685,0.8321,108.53
5349,30.03,43.41,25.1,15.04,15.27,35.21,0.1495,0.8835,113.83
5350,29.94,42.16,14.52,19.92,16.13,44.88,0.157,0.8696,106.66
5351,47.02,21.66,28.11,22.66,19.89,84.48,0.1727,0.8332,116.08
5352,28.77,27.67,28.25,23.15,21.83,45.48,0.1874,0.8438,109.41
5353,42.39,53.37,24.44,20.77,12.74,13.06,0.1181,0.9322,143.28
5354,41.05,42.88,18.84,24.6,17.18,65.38,0.13,0.8815,127.43
5355,33.14,22.71,27.73,21.08,19.48,35.33,0.193,0.8494,105.45
5356,46.69,40.68,6.47,20.37,13.21,94.32,0.1034,0.8977,114.39
5357,30.55,23.03,24.94,10.65,15.76,11.57,0.1272,0.9301,97.6
5358,35.61,21.1,31.46,15.83,14.04,49.81,0.1509,0.8712,102.84
5359,31.27,27.31,26.51,24.23,10.33,74.26,0.1836,0.8278,99.04
5360,46.12,33.68,21.82,16.23,12.79,89.7,0.141,0.862,112.6
5361,49.47,21.64,19.02,18.87,14.52,75.19,0.1223,0.8849,109.3
5362,41.99,50.0,37.37,18.39,19.31,93.62,0.1306,0.871,145.5
5363,60.31,26.35,22.93,15.85,16.07,75.09,0.1264,0.8811,124.7
5364,43.57,34.55,23.96,17.51,16.0,30.85,0.1154,0.9133,123.83
5365,45.06,41.87,22.39,19.81,14.73,84.0,0.1411,0.8639,124.27
5366,48.05,73.25,20.23,15.31,15.77,54.52,0.1476,0.8712,150.39
5367,34.62,44.38,12.51,18.57,15.99,71.14,0.1636,0.848,106.92
5368,43.27,30.99,22.01,17.18,9.76,30.18,0.1595,0.8808,108.53
5369,32.26,23.58,24.51,20.4,16.94,98.19,0.1385,0.8617,101.43
5370,29.46,21.21,19.8,23.54,14.94,61.79,0.1197,0.8924,97.23
5371,48.74,23.63,12.03,25.49,18.63,86.08,0.1752,0.83,106.68
5372,33.2,32.97,26.24,20.34,12.28,91.58,0.1609,0.8418,105.25
5373,41.47,56.69,24.84,15.96,20.04,53.42,0.1375,0.8807,140.03
5374,53.05,33.24,32.43,25.66,12.48,76.19,0.1219,0.885,138.82
5375,25.51,27.97,24.32,21.56,18.51,92.99,0.1693,0.833,98.19
5376,45.21,36.63,15.31,17.74,13.61,26.4,0.1675,0.8796,113.03
5377,39.82,67.67,31.38,18.67,16.9,31.42,0.1443,0.891,155.42
5378,39.44,25.88,31.56,17.33,18.99,85.77,0.1328,0.8713,116.06
5379,40.48,42.04,18.09,22.89,16.62,32.94,0.1926,0.8526,119.47
5380,40.14,30.27,27.61,23.92,14.25,24.23,0.1714,0.8798,119.83
5381,44.19,37.93,32.13,21.33,13.49,6.09,0.1183,0.9497,141.57
5382,31.59,45.19,33.22,24.37,14.11,39.7,0.129,0.8962,133.07
5383,44.02,60.64,31.68,19.74,11.5,87.85,0.1894,0.8155,136.67
5384,30.98,34.23,26.51,29.4,15.64,27.43,0.1243,0.9096,124.4
5385,56.83,55.09,24.72,19.49,18.83,99.09,0.1234,0.8766,153.36
5386,39.16,41.16,22.0,12.26,18.34,3.78,0.1056,0.9641,128.15
5387,41.44,20.84,21.77,23.66,18.84,24.21,0.1416,0.9008,113.99
5388,54.17,32.36,18.59,18.39,17.32,57.96,0.1409,0.8753,123.27
5389,33.8,88.69,27.33,24.29,9.57,79.79,0.1708,0.8371,153.76
5390,39.91,33.44,24.08,21.17,13.95,54.48,0.1938,0.831,110.15
5391,28.72,30.86,22.93,17.26,16.6,6.95,0.1926,0.9133,106.29
5392,32.24,30.83,24.25,19.61,13.68,40.53,0.1329,0.8925,107.65
5393,28.61,29.05,30.52,14.15,14.04,86.24,0.1356,0.8684,101.06
5394,46.39,20.18,28.49,16.95,15.7,9.81,0.1937,0.8999,114.92
5395,44.56,13.96,15.05,21.31,15.14,52.0,0.1074,0.9074,99.83
5396,36.5,25.69,37.21,23.04,17.06,64.91,0.1373,0.8751,122.07
5397,35.95,30.41,30.63,23.17,12.69,99.59,0.1639,0.8358,111.04
5398,47.77,43.62,22.52,17.51,7.4,22.45,0.1034,0.9292,128.99
5399,39.96,30.19,25.02,24.28,11.83,94.43,0.1342,0.8671,113.83
5400,33.06,36.82,24.45,20.1,18.93,46.53,0.1521,0.8725,116.35
5401,48.59,21.82,19.8,22.36,15.32,6.63,0.1893,0.9165,117.2
5402,38.87,17.63,23.1,24.3,14.1,85.42,0.1242,0.8798,103.81
5403,45.42,40.22,19.96,20.98,18.99,9.88,0.1774,0.9081,132.2
5404,40.57,45.41,29.6,16.31,10.71,10.59,0.1453,0.9227,131.58
5405,56.62,51.84,16.7,24.72,18.15,1.35,0.1495,0.9722,163.37
5406,38.35,56.66,21.75,21.74,16.41,40.24,0.1009,0.9185,142.29
5407,23.93,59.31,20.05,21.67,17.6,21.36,0.1307,0.9118,129.99
5408,38.18,46.07,33.87,15.21,16.45,17.06,0.189,0.8812,131.99
5409,42.13,27.86,28.97,24.78,17.67,86.07,0.1484,0.856,121.05
5410,43.68,39.19,27.51,21.71,16.58,48.61,0.1624,0.8623,128.2
5411,46.47,30.77,30.5,14.59,16.15,45.55,0.1182,0.9014,124.83
5412,35.35,31.92,25.21,19.14,16.38,80.52,0.1982,0.8106,103.77
5413,52.51,40.94,24.25,19.69,11.66,43.2,0.139,0.8856,132.0
5414,47.72,58.07,24.37,20.22,12.67,14.24,0.1371,0.9189,149.82
5415,41.05,47.45,22.66,19.19,22.95,11.13,0.1868,0.8988,137.77
5416,34.45,34.89,28.47,20.06,12.87,33.96,0.1188,0.9083,118.74
5417,55.42,36.41,29.8,23.82,11.8,73.84,0.1752,0.8359,131.44
5418,45.83,40.43,28.41,19.73,13.8,60.61,0.135,0.8792,130.29
5419,36.06,56.07,22.77,17.78,13.01,87.49,0.1635,0.8408,122.51
5420,51.22,73.54,22.17,20.6,11.97,16.22,0.1892,0.8831,158.51
5421,41.76,36.87,36.19,24.39,17.1,48.43,0.1768,0.8503,132.9
5422,52.07,32.26,23.18,22.97,14.29,83.21,0.1665,0.8397,121.57
5423,33.26,37.28,32.02,10.74,11.28,72.82,0.1542,0.856,106.64
5424,38.4,52.88,23.03,14.79,12.97,29.33,0.1035,0.9233,131.17
5425,51.06,43.11,23.16,12.8,11.5,28.07,0.1587,0.8838,125.18
5426,34.65,28.53,27.17,21.72,13.77,41.61,0.1454,0.8815,110.93
5427,37.97,35.17,32.65,24.36,17.34,2.83,0.1333,0.9611,141.76
5428,18.1,35.23,26.93,19.78,14.92,16.84,0.1458,0.9088,104.48
5429,43.3,27.02,22.02,20.5,16.43,37.09,0.1168,0.9077,117.34
5430,49.23,26.89,37.02,16.08,15.91,72.94,0.119,0.8888,129.0
5431,32.63,21.58,26.17,24.4,14.82,63.51,0.1992,0.8197,98.03
5432,43.58,32.99,23.83,16.92,15.74,99.36,0.1814,0.8185,108.91
5433,35.67,55.03,28.11,24.38,16.52,34.95,0.1767,0.8625,137.76
5434,27.93,52.61,19.81,17.58,11.81,85.76,0.1791,0.8264,107.21
5435,37.4,34.63,29.06,26.49,18.51,35.23,0.1635,0.8726,127.47
5436,35.4,71.43,19.79,14.36,19.1,26.0,0.1997,0.8571,137.2
5437,41.02,34.24,28.3,15.8,12.89,50.01,0.1442,0.8769,115.97
5438,37.55,30.54,32.97,24.7,16.89,49.12,0.1914,0.8373,119.45
5439,50.7,15.87,20.59,24.61,15.0,31.85,0.1364,0.8966,113.66
5440,35.54,37.9,25.61,18.92,14.02,89.02,0.1527,0.8508,112.3
5441,38.96,24.46,26.77,14.57,20.86,92.93,0.1747,0.8277,103.97
5442,41.92,62.56,29.77,10.01,13.67,54.07,0.1453,0.8736,137.96
5443,39.59,21.29,27.58,25.59,13.51,65.64,0.1407,0.8717,111.19
5444,35.72,58.57,25.44,21.67,15.12,68.59,0.1698,0.8436,132.03
5445,40.41,37.99,31.78,20.63,14.08,30.08,0.103,0.9231,133.76
5446,44.2,22.1,26.13,17.23,11.01,67.89,0.1357,0.8753,105.62
5447,47.19,18.01,21.72,18.45,13.27,40.94,0.1529,0.876,103.92
5448,23.06,40.59,19.51,23.46,17.68,42.67,0.1209,0.9008,111.97
5449,44.05,24.22,30.92,15.51,15.59,87.75,0.1827,0.8221,107.11
5450,34.6,15.91,32.31,23.41,15.63,56.2,0.1018,0.9105,110.96
5451,49.26,77.25,25.87,22.59,18.13,93.49,0.1188,0.8827,170.45
5452,47.46,49.54,17.63,26.35,16.13,73.3,0.137,0.8718,136.98
5453,47.4,22.14,22.26,22.14,11.77,55.73,0.1605,0.8592,108.03
5454,35.33,16.92,31.73,23.5,16.62,70.87,0.1315,0.878,108.95
5455,28.86,56.13,27.75,14.32,15.08,33.84,0.1994,0.8463,120.29
5456,50.17,20.36,17.5,19.06,14.6,46.82,0.115,0.9034,109.94
5457,49.35,36.42,27.51,19.6,16.43,45.35,0.1571,0.8691,129.78
5458,23.97,41.7,24.75,21.5,11.17,82.92,0.1278,0.8771,107.96
5459,51.0,28.49,29.43,20.45,13.76,32.58,0.1298,0.9009,128.95
5460,42.84,23.68,22.81,24.01,14.06,55.77,0.1016,0.9109,116.05
5461,41.06,16.36,31.65,20.55,19.61,43.43,0.13,0.8929,115.38
5462,33.42,42.05,23.76,16.52,13.54,94.32,0.1826,0.8193,105.93
5463,48.11,90.7,10.2,15.93,16.84,85.59,0.1266,0.8774,159.5
5464,36.32,22.12,21.89,26.07,13.56,93.2,0.1575,0.8446,101.32
5465,36.28,23.49,26.26,21.14,14.11,44.4,0.1769,0.8534,103.51
5466,22.91,47.72,25.68,20.51,16.43,40.31,0.1788,0.8556,114.0
5467,34.05,13.2,22.58,21.04,12.66,28.03,0.1954,0.8571,88.73
5468,32.06,25.52,17.21,20.8,11.08,24.58,0.1638,0.8847,94.37
5469,23.38,38.05,30.76,18.78,13.01,44.88,0.1965,0.8367,103.74
5470,52.47,25.13,33.15,22.42,16.12,17.48,0.1148,0.9273,138.44
5471,39.0,43.06,20.27,24.06,15.25,99.62,0.1158,0.8841,125.22
5472,28.59,41.29,29.36,23.4,19.35,18.26,0.1517,0.9026,128.16
5473,32.29,36.65,28.11,19.83,18.7,75.4,0.1819,0.8288,112.36
5474,35.35,25.84,18.75,15.79,16.16,83.56,0.1856,0.8212,91.88
5475,35.23,29.7,26.87,14.83,15.46,95.96,0.1448,0.8562,104.54
5476,46.4,36.11,39.23,23.85,16.1,30.84,0.1967,0.8522,137.81
5477,37.85,38.08,18.38,18.06,13.57,87.79,0.1932,0.8118,102.24
5478,40.79,61.94,31.76,20.6,16.03,29.76,0.1381,0.8972,153.54
5479,37.88,46.85,24.8,16.5,10.04,50.97,0.1507,0.8707,118.49
5480,49.3,30.11,23.61,20.79,15.35,58.21,0.1471,0.8697,121.02
5481,51.02,43.87,31.36,24.46,16.83,51.65,0.197,0.8305,139.14
5482,38.93,45.08,21.88,25.2,16.83,16.92,0.1804,0.887,131.2
5483,32.43,26.92,25.45,14.44,19.43,98.95,0.1519,0.8481,100.65
5484,39.12,44.17,24.35,22.82,12.52,17.97,0.1026,0.9344,133.6
5485,15.12,31.85,20.13,16.44,20.5,7.48,0.1034,0.952,99.04
5486,42.51,39.34,31.2,27.04,23.86,1.43,0.124,0.9761,160.03
5487,29.13,52.41,27.37,27.77,17.7,75.0,0.1713,0.8389,129.51
5488,38.23,52.76,36.35,21.53,20.27,6.03,0.1292,0.9452,159.88
5489,43.77,24.72,25.76,20.4,16.21,23.21,0.1036,0.9283,121.48
5490,35.44,22.42,24.46,19.24,11.71,52.78,0.1689,0.8539,96.71
5491,36.49,71.27,23.34,25.93,10.45,22.74,0.1568,0.8922,149.43
5492,42.06,71.41,23.58,20.64,8.48,83.08,0.19,0.8171,135.78
5493,35.54,46.92,32.6,21.18,16.93,48.15,0.1907,0.8387,128.46
5494,47.4,31.09,22.18,19.07,17.28,89.07,0.1995,0.8051,110.31
5495,46.18,31.12,27.28,20.18,17.36,88.88,0.1298,0.8732,124.1
5496,44.54,23.65,23.26,22.11,16.53,47.66,0.1296,0.8906,115.87
5497,34.96,38.18,18.51,21.74,14.99,22.46,0.1979,0.8644,110.96
5498,44.59,33.33,26.63,23.59,10.73,37.13,0.1973,0.844,117.21
5499,34.06,33.71,17.27,20.95,9.89,88.65,0.1202,0.8827,102.27
5500,39.3,22.09,26.24,19.42,13.91,82.62,0.1466,0.8591,103.91
5501,18.91,51.26,22.72,21.29,10.41,24.67,0.1556,0.8904,110.94
5502,49.26,41.88,23.04,20.92,7.37,49.79,0.1916,0.8366,119.19
5503,53.81,42.01,24.37,17.15,15.06,73.74,0.1123,0.8948,136.37
5504,41.8,17.13,25.11,11.56,15.59,31.49,0.1277,0.9035,100.47
5505,27.35,19.08,23.97,16.13,14.21,70.58,0.1268,0.8824,88.89
5506,38.26,22.55,27.62,15.01,15.52,10.52,0.1929,0.8976,106.78
5507,40.57,47.69,25.04,23.56,10.4,53.52,0.116,0.8993,132.42
5508,40.13,28.78,39.02,16.26,17.11,40.15,0.1555,0.8745,123.57
5509,60.33,23.14,19.49,25.71,17.3,7.13,0.1628,0.9259,135.16
5510,38.04,45.46,19.37,17.02,13.84,83.86,0.1427,0.8624,115.34
5511,35.38,30.74,23.07,22.42,8.29,29.22,0.1014,0.9249,110.9
5512,41.3,40.63,20.68,27.65,12.8,19.88,0.1096,0.9277,132.71
5513,38.86,23.29,31.0,22.41,16.21,58.08,0.135,0.8805,116.01
5514,34.0,34.62,33.75,27.72,12.34,88.94,0.184,0.8202,116.83
5515,25.91,59.71,22.99,16.22,21.8,82.77,0.1262,0.8786,128.84
5516,45.86,57.47,27.57,24.78,16.96,13.51,0.1248,0.9275,160.14
5517,33.09,25.49,27.05,17.17,16.35,42.03,0.1994,0.8371,99.74
5518,31.95,31.34,22.72,23.95,16.52,95.03,0.1838,0.8178,103.44
5519,33.51,48.43,28.09,19.77,11.81,19.24,0.1216,0.9206,130.36
5520,28.3,36.26,29.15,20.96,15.22,54.47,0.1181,0.897,116.51
5521,45.25,40.31,16.66,19.91,8.97,1.58,0.1672,0.9655,126.57
5522,44.18,60.88,19.1,18.77,8.56,10.39,0.1539,0.9187,139.17
5523,41.52,38.19,23.54,20.51,14.19,27.58,0.1101,0.9198,126.88
5524,45.68,27.6,23.4,21.74,14.5,24.84,0.1125,0.9206,122.35
5525,43.45,57.84,25.39,14.0,17.84,56.33,0.154,0.8646,137.06
5526,44.7,25.19,20.41,18.88,11.54,20.69,0.1542,0.897,108.28
5527,54.6,34.68,19.8,22.62,15.0,62.59,0.174,0.8431,123.68
5528,47.85,27.77,23.19,20.63,13.4,87.67,0.1274,0.876,116.37
5529,41.41,21.72,19.16,23.87,10.05,81.76,0.1414,0.8644,100.46
5530,32.53,33.6,30.98,14.1,13.81,72.63,0.1979,0.8153,101.93
5531,27.23,35.86,30.2,21.24,12.06,11.88,0.1922,0.8933,113.09
5532,25.92,31.66,28.05,23.06,12.89,24.81,0.1619,0.8857,107.69
5533,47.57,52.22,30.1,18.87,13.74,33.92,0.1753,0.8648,140.52
5534,35.54,25.83,22.86,18.46,21.45,66.38,0.1891,0.8271,102.66
5535,40.63,40.45,22.81,25.39,17.2,30.85,0.1566,0.8823,129.23
5536,32.38,21.55,27.01,8.32,17.96,3.35,0.1974,0.937,100.46
5537,57.64,91.34,28.88,18.02,16.39,77.62,0.1267,0.8799,186.79
5538,25.63,26.93,26.81,17.74,15.15,89.73,0.1171,0.8854,99.4
5539,41.11,18.31,26.46,22.48,17.87,69.86,0.1526,0.8588,108.4
5540,37.13,31.88,26.75,24.06,14.18,34.08,0.1426,0.8898,119.25
5541,40.15,38.32,29.87,24.28,10.43,64.96,0.1477,0.8657,123.83
5542,37.44,49.82,30.45,17.53,14.62,72.03,0.1096,0.8978,134.55
5543,32.87,53.76,23.83,21.04,14.72,16.78,0.197,0.8769,128.22
5544,31.06,44.9,28.13,17.9,21.81,84.22,0.1558,0.8496,122.18
5545,56.39,49.0,14.41,24.16,17.81,74.33,0.1851,0.8263,133.67
5546,37.62,54.42,16.71,21.1,13.7,52.66,0.1683,0.8544,122.66
5547,42.74,38.64,23.25,19.74,14.42,13.97,0.118,0.9307,129.15
5548,27.25,25.8,21.82,20.77,13.57,82.61,0.1415,0.864,94.36
5549,23.06,36.27,33.76,23.72,12.63,35.81,0.104,0.9186,118.91
5550,34.59,26.28,23.52,21.29,16.71,18.84,0.1498,0.9028,110.5
5551,46.98,53.25,26.86,18.81,8.19,99.22,0.1175,0.8825,135.99
5552,40.23,56.61,26.05,19.22,14.8,61.43,0.1011,0.9093,142.67
5553,35.68,58.0,17.97,22.93,12.38,79.49,0.1724,0.8357,122.81
5554,43.44,22.09,26.45,15.9,9.73,14.52,0.1877,0.8882,104.47
5555,35.6,53.52,25.17,23.81,9.33,62.22,0.1631,0.8532,125.78
5556,51.01,27.83,32.82,12.25,16.17,73.67,0.117,0.8904,124.74
5557,51.34,40.56,22.23,20.29,20.08,28.32,0.1357,0.9005,139.13
5558,35.38,48.73,28.11,17.34,11.0,15.82,0.1152,0.9294,130.63
5559,33.79,19.7,27.9,31.4,17.49,75.98,0.1295,0.8778,114.36
5560,39.41,49.42,20.77,10.7,13.86,27.86,0.1484,0.8916,119.63
5561,43.41,18.85,13.27,18.7,13.84,59.33,0.1354,0.8795,95.04
5562,37.81,32.32,25.18,17.24,15.98,78.13,0.1764,0.8325,107.01
5563,48.37,51.73,31.24,23.35,14.04,12.94,0.1425,0.9185,154.96
5564,42.12,59.51,26.55,25.01,16.05,53.47,0.1119,0.9029,152.81
5565,48.71,48.36,29.57,19.6,18.23,76.7,0.1576,0.851,139.97
5566,31.02,27.93,21.83,9.37,15.44,15.66,0.1472,0.9101,96.1
5567,35.26,27.53,28.85,27.65,15.26,6.92,0.1247,0.944,127.02
5568,44.27,33.06,15.99,23.99,17.79,34.22,0.1602,0.8761,118.36
5569,40.42,35.76,27.89,27.25,13.9,83.38,0.128,0.8768,127.33
5570,38.5,49.67,16.71,19.4,18.24,23.1,0.1641,0.8866,126.35
5571,35.85,34.11,27.99,21.34,19.96,26.77,0.1241,0.9104,126.78
5572,40.69,29.1,22.2,17.87,18.06,6.42,0.1014,0.9559,122.29
5573,51.43,30.32,29.24,11.41,16.27,26.5,0.1819,0.8691,120.51
5574,23.93,55.13,24.8,18.36,17.9,54.47,0.1563,0.8637,121.02
5575,38.78,35.8,30.49,16.41,13.46,81.45,0.1572,0.8494,114.63
5576,39.13,64.39,27.18,19.63,17.56,18.8,0.1004,0.9349,156.96
5577,31.3,51.2,25.45,13.66,14.31,29.47,0.1157,0.9142,124.24
5578,38.75,28.39,30.93,22.55,14.06,28.36,0.1412,0.8963,120.72
5579,26.88,29.24,27.24,21.37,13.68,57.59,0.1965,0.8263,97.85
5580,35.33,33.52,33.69,11.49,18.89,54.7,0.1723,0.8496,112.93
5581,37.85,33.14,24.83,10.25,18.7,37.67,0.114,0.9095,113.49
5582,39.96,55.58,23.95,16.6,18.83,89.16,0.1451,0.8582,132.94
5583,55.0,28.2,20.51,23.27,16.29,76.29,0.1542,0.8544,122.42
5584,33.47,36.6,22.22,28.54,8.65,52.67,0.1401,0.8789,113.79
5585,29.4,40.02,23.81,15.87,6.54,60.4,0.117,0.8954,103.55
5586,47.94,46.41,21.55,17.76,15.96,30.42,0.1653,0.8763,131.11
5587,4.3,42.28,28.19,14.91,14.25,97.51,0.1489,0.8516,88.51
5588,35.05,41.0,18.72,19.14,10.14,30.34,0.1943,0.8546,106.02
5589,37.39,28.91,20.67,19.21,15.61,63.45,0.1705,0.8457,103.0
5590,32.47,30.07,14.34,23.91,13.77,82.99,0.1132,0.8911,102.08
5591,39.24,38.65,21.55,14.1,19.31,98.16,0.1282,0.8721,115.85
5592,34.81,32.45,31.09,23.97,14.89,74.87,0.1454,0.8633,118.45
5593,26.07,24.1,22.43,23.05,13.55,6.27,0.1559,0.9328,101.86
5594,44.94,29.36,20.8,17.68,10.93,20.32,0.1567,0.8959,110.83
5595,45.25,37.48,21.27,16.94,15.14,63.52,0.1453,0.8685,118.19
5596,32.1,56.29,26.75,19.01,17.51,17.32,0.1876,0.8815,133.7
5597,35.67,24.02,31.39,16.97,14.42,55.94,0.1391,0.8779,107.51
5598,54.85,22.53,29.37,18.59,17.34,72.44,0.1774,0.8345,119.08
5599,43.59,47.44,18.38,12.67,14.96,74.79,0.135,0.8731,119.67
5600,40.0,29.72,31.97,18.7,17.35,47.03,0.1286,0.8919,122.85
5601,52.94,24.94,30.09,18.37,15.14,9.51,0.1346,0.9313,131.75
5602,27.03,34.74,27.36,20.61,10.77,40.23,0.1677,0.8646,104.18
5603,23.74,24.43,19.34,25.06,18.7,25.47,0.1382,0.9017,100.32
5604,41.34,84.52,20.48,19.25,18.04,84.37,0.1194,0.8847,162.45
5605,46.72,25.68,21.16,16.08,18.31,92.81,0.157,0.8452,108.14
5606,26.31,37.77,22.32,13.07,25.73,89.84,0.1152,0.8872,111.08
5607,29.6,43.06,25.96,22.25,14.7,47.24,0.1583,0.8667,117.51
5608,46.34,51.14,11.36,20.92,14.81,32.56,0.1561,0.8809,127.36
5609,30.78,22.74,18.58,19.6,14.54,81.92,0.1977,0.8103,86.09
5610,37.95,41.97,23.85,20.64,13.28,47.31,0.118,0.9006,124.01
5611,41.68,18.15,29.93,23.35,16.65,74.81,0.1997,0.8123,105.4
5612,47.64,39.61,23.47,21.24,14.08,32.99,0.1148,0.9121,133.19
5613,37.55,34.2,25.94,21.24,19.37,90.69,0.1847,0.8188,113.24
5614,43.94,47.28,30.49,25.72,15.17,93.48,0.1849,0.8174,132.9
5615,30.08,38.84,21.02,20.21,16.75,22.56,0.1235,0.9153,116.15
5616,44.71,33.48,19.96,17.28,16.33,54.12,0.1077,0.9062,119.39
5617,32.73,34.51,19.47,25.22,16.76,69.11,0.1208,0.8886,114.36
5618,28.95,19.56,23.61,17.73,12.24,27.2,0.1364,0.9011,92.0
5619,56.52,25.27,21.74,15.12,18.84,18.13,0.1437,0.9079,124.84
5620,54.64,64.31,33.31,21.66,16.45,22.77,0.164,0.8872,168.89
5621,41.19,37.98,26.22,22.59,16.54,83.94,0.1603,0.8453,122.16
5622,52.38,45.98,28.37,16.82,16.41,32.34,0.175,0.8667,138.64
5623,37.39,27.34,20.73,23.37,7.91,50.51,0.1698,0.8546,99.77
5624,38.91,49.58,24.75,19.96,15.32,2.87,0.1024,0.9699,144.06
5625,38.59,31.3,23.46,18.12,15.26,25.5,0.1765,0.8744,110.81
5626,32.69,19.7,25.96,20.13,15.79,52.87,0.1553,0.8655,98.9
5627,21.25,33.87,26.91,17.54,18.05,35.35,0.1944,0.8483,99.77
5628,37.53,58.76,23.23,19.94,17.74,88.09,0.1284,0.8748,137.53
5629,50.42,15.31,23.96,26.69,17.96,54.34,0.1341,0.8832,118.64
5630,42.21,46.98,30.64,18.67,12.1,74.28,0.1367,0.8717,131.27
5631,46.52,37.28,20.42,18.52,15.37,62.0,0.1641,0.8524,117.72
5632,43.14,98.73,28.6,16.56,10.31,97.33,0.1337,0.8667,171.06
5633,33.23,87.64,26.45,18.21,15.25,47.7,0.1308,0.8896,160.83
5634,41.99,17.28,28.74,14.95,11.64,26.34,0.1183,0.915,104.86
5635,37.34,60.82,23.44,18.15,14.21,12.04,0.1348,0.9249,142.4
5636,31.5,29.94,30.17,17.17,17.42,95.31,0.171,0.8304,104.79
5637,47.36,32.38,21.81,19.0,21.41,7.29,0.1316,0.9396,133.38
5638,29.56,27.8,27.5,15.84,12.12,37.5,0.1727,0.8631,97.38
5639,34.73,26.46,27.49,29.91,15.76,6.76,0.1419,0.9368,125.86
5640,57.74,59.29,25.78,16.76,14.86,50.06,0.1714,0.8536,148.9
5641,45.61,13.65,30.13,18.39,13.61,10.99,0.1886,0.8983,109.05
5642,41.96,26.82,30.52,21.05,15.87,18.41,0.1036,0.9333,127.13
5643,22.61,45.87,28.42,21.59,15.91,73.95,0.1354,0.8731,117.35
5644,39.06,15.48,33.88,22.94,15.27,7.73,0.1376,0.9353,118.44
5645,30.68,31.92,23.0,18.95,10.88,64.65,0.1574,0.857,98.93
5646,39.38,21.58,23.66,16.6,15.11,93.02,0.1505,0.8515,99.06
5647,38.48,38.43,26.43,25.92,16.89,83.51,0.1685,0.8376,122.42
5648,33.15,35.71,24.12,16.46,10.08,55.28,0.1006,0.912,109.0
5649,49.38,50.84,23.18,19.14,12.8,3.1,0.1921,0.9411,146.18
5650,47.64,13.84,17.67,20.21,12.25,95.17,0.1577,0.8436,94.16
5651,30.99,41.57,28.89,22.48,14.48,21.26,0.1671,0.8874,122.84
5652,52.59,25.93,24.46,21.74,17.31,79.05,0.1355,0.8711,123.72
5653,30.8,62.53,24.72,17.67,14.36,31.27,0.1236,0.9067,136.08
5654,53.31,29.32,19.91,20.81,19.35,46.82,0.1687,0.8583,122.49
5655,38.31,25.24,23.04,13.79,15.96,42.03,0.1884,0.8461,98.44
5656,36.8,28.09,26.18,28.8,15.22,81.3,0.1192,0.8858,119.67
5657,51.91,43.9,18.97,16.78,15.12,31.08,0.1958,0.8525,125.05
5658,38.69,46.24,24.16,23.6,9.61,17.58,0.1189,0.9246,131.57
5659,48.78,34.65,22.83,16.1,14.68,1.29,0.1496,0.9731,133.35
5660,29.59,23.67,24.48,22.56,16.23,6.86,0.1291,0.9422,109.8
5661,40.23,21.79,24.1,15.93,20.58,59.92,0.163,0.8545,104.8
5662,43.8,45.89,18.27,23.57,12.18,93.11,0.1112,0.8903,127.95
5663,49.57,43.16,29.24,27.62,18.84,36.77,0.1001,0.921,155.13
5664,45.7,41.25,12.68,20.29,16.84,37.93,0.1775,0.8588,117.45
5665,40.36,65.92,26.07,22.26,13.23,37.48,0.1828,0.8551,143.53
5666,43.79,25.48,30.2,23.9,13.2,73.52,0.1507,0.859,117.3
5667,34.18,77.2,24.58,17.69,18.97,86.02,0.1479,0.8566,147.86
5668,44.83,40.06,18.11,23.79,16.6,23.76,0.1066,0.9257,132.74
5669,43.82,28.6,28.94,18.18,17.95,35.1,0.1842,0.8565,117.77
5670,33.78,34.25,16.93,28.65,13.91,24.96,0.1797,0.8729,111.32
5671,40.98,21.72,23.32,15.15,12.05,73.41,0.1828,0.8289,93.86
5672,46.17,23.27,30.69,20.65,6.55,31.12,0.1235,0.907,115.47
5673,59.55,33.46,24.44,15.9,11.32,35.89,0.1555,0.8782,127.05
5674,49.48,47.75,25.1,24.77,12.99,97.59,0.1826,0.8179,130.95
5675,41.8,26.41,31.16,29.97,17.44,59.04,0.1293,0.885,129.9
5676,42.28,82.69,17.4,21.13,11.92,47.73,0.1868,0.8424,147.77
5677,38.84,34.41,25.24,27.72,10.05,26.4,0.1635,0.8825,120.25
5678,40.89,27.51,25.03,23.32,13.27,37.12,0.1432,0.8868,115.31
5679,46.21,20.94,21.15,26.7,13.41,19.66,0.1394,0.9084,116.64
5680,46.01,28.43,21.89,23.28,15.02,21.01,0.1795,0.8795,118.4
5681,39.32,62.32,30.02,27.04,22.66,89.86,0.1931,0.8109,147.06
5682,31.21,69.75,15.71,26.46,15.97,92.13,0.1024,0.8992,143.06
5683,38.29,44.75,24.08,18.05,15.51,90.01,0.1081,0.8941,125.78
5684,33.31,35.8,21.48,18.16,16.18,41.08,0.193,0.8432,105.35
5685,30.28,19.71,25.96,19.19,21.57,58.77,0.1909,0.8305,96.93
5686,44.87,12.51,22.36,17.54,9.73,60.41,0.1905,0.8297,88.79
5687,42.76,37.74,25.87,22.23,18.71,51.01,0.1985,0.8297,122.23
5688,32.65,29.85,24.71,25.88,17.55,33.08,0.1851,0.8581,112.11
5689,37.4,28.12,25.17,22.1,10.55,34.82,0.108,0.916,112.99
5690,42.45,41.03,24.47,18.75,12.91,96.68,0.1496,0.8512,118.83
5691,42.06,20.5,25.48,20.97,12.23,82.8,0.1548,0.8511,103.19
5692,43.51,62.8,26.03,12.17,10.69,58.56,0.1857,0.8352,129.62
5693,33.9,73.73,25.32,15.48,13.41,10.02,0.1744,0.9091,147.13
5694,42.86,46.12,24.05,18.8,11.0,44.84,0.1945,0.8385,119.76
5695,39.62,31.03,30.05,22.07,16.63,43.22,0.105,0.9136,127.35
5696,46.18,27.48,20.35,19.02,19.33,50.61,0.104,0.9109,120.57
5697,48.6,30.94,35.83,20.82,12.66,35.94,0.1933,0.8485,126.29
5698,64.23,39.77,20.62,19.07,11.48,82.42,0.1825,0.8247,127.97
5699,50.48,52.4,22.59,18.42,18.49,51.53,0.1873,0.8389,136.22
5700,41.01,41.91,15.87,15.43,11.44,90.97,0.1923,0.8111,101.92
5701,39.7,57.96,23.49,21.78,10.25,94.4,0.173,0.8288,126.94
5702,32.51,43.65,29.41,18.19,12.99,43.83,0.1673,0.8619,117.85
5703,32.71,52.91,20.2,20.55,17.23,25.79,0.1199,0.9144,131.3
5704,42.17,34.59,31.83,17.48,15.71,79.44,0.1468,0.8602,121.95
5705,42.42,22.1,24.12,22.36,18.27,88.08,0.1936,0.8113,104.88
5706,61.41,58.56,17.94,20.44,11.9,16.37,0.1332,0.9174,156.19
5707,34.18,83.88,20.83,21.08,17.78,54.13,0.1379,0.88,156.41
5708,33.35,39.39,27.35,16.95,14.38,2.37,0.1144,0.9698,127.45
5709,42.0,28.14,22.34,16.72,9.43,26.51,0.1566,0.8873,105.26
5710,35.97,42.3,33.04,21.26,19.12,85.48,0.12,0.8838,134.05
5711,43.11,30.4,21.53,14.31,15.27,60.46,0.1708,0.8473,105.59
5712,36.21,35.45,24.44,23.47,19.3,47.01,0.1895,0.8407,116.75
5713,37.72,36.21,21.83,19.56,18.68,39.94,0.1958,0.8422,112.84
5714,43.44,25.85,29.59,16.1,18.15,7.41,0.1584,0.9268,123.38
5715,35.46,26.25,17.53,14.0,22.64,52.3,0.1201,0.8963,103.88
5716,37.12,34.01,14.69,24.04,11.64,92.15,0.1791,0.8236,100.08
5717,44.23,32.34,22.31,11.0,21.32,64.85,0.1075,0.9023,118.37
5718,40.37,43.96,23.92,21.88,14.3,37.16,0.1704,0.8652,124.97
5719,34.88,39.0,16.53,20.56,17.76,71.96,0.1635,0.8477,109.12
5720,36.14,44.6,27.15,22.55,15.37,60.49,0.1299,0.8838,128.87
5721,48.34,33.08,28.54,15.66,17.79,39.46,0.1841,0.852,122.19
5722,42.48,25.35,23.23,17.31,14.71,23.36,0.117,0.9189,113.09
5723,37.11,23.06,21.59,21.3,19.79,37.25,0.1919,0.8482,104.19
5724,46.93,51.99,32.31,20.21,17.42,59.81,0.1195,0.8934,150.87
5725,43.49,28.82,19.44,23.51,11.58,62.98,0.1482,0.8662,109.86
5726,50.84,27.18,27.66,19.82,16.34,44.54,0.1849,0.8466,120.08
5727,47.09,58.38,22.61,25.59,17.02,49.29,0.134,0.886,151.24
5728,49.33,29.9,25.91,20.55,17.16,99.68,0.1962,0.8035,114.8
5729,37.28,14.64,28.94,26.5,12.16,73.79,0.1512,0.8584,102.59
5730,32.89,38.23,26.6,26.88,14.22,36.85,0.1387,0.8906,123.63
5731,46.17,28.1,15.94,27.01,15.92,56.59,0.1421,0.8749,116.49
5732,46.25,26.21,29.57,17.05,14.41,91.35,0.1092,0.8927,119.16
5733,39.16,33.11,15.41,24.87,21.13,39.81,0.1339,0.8922,119.27
5734,31.65,15.43,28.32,19.91,14.62,62.09,0.1266,0.8861,97.41
5735,42.46,16.64,27.26,19.93,12.24,11.61,0.104,0.9428,111.75
5736,43.11,29.12,23.58,23.28,14.66,68.05,0.1951,0.8206,109.74
5737,29.14,43.81,27.32,18.59,10.43,51.54,0.1337,0.885,114.4
5738,42.99,31.5,19.43,13.34,15.29,63.3,0.1245,0.8874,108.76
5739,49.21,30.96,18.33,20.1,12.22,6.31,0.1821,0.9213,120.53
5740,29.49,34.97,27.76,27.57,12.51,10.6,0.113,0.9399,124.35
5741,44.23,49.97,23.33,18.61,17.02,45.65,0.1759,0.8532,130.68
5742,50.48,35.55,32.47,19.69,9.56,24.26,0.1893,0.8672,128.14
5743,50.98,34.3,23.19,21.58,14.03,66.9,0.1306,0.8804,126.85
5744,25.0,28.02,19.88,18.53,18.75,21.46,0.1647,0.8887,97.93
5745,48.7,29.95,38.21,19.2,11.77,19.13,0.1316,0.9142,135.15
5746,37.49,37.6,17.88,20.51,14.86,71.59,0.1519,0.8586,110.2
5747,36.56,59.23,25.75,18.35,20.78,9.44,0.1285,0.9346,150.16
5748,60.1,38.49,25.54,25.24,18.66,17.82,0.1415,0.9099,152.88
5749,41.76,25.27,28.57,28.47,13.76,12.56,0.1657,0.9062,124.9
5750,36.94,31.03,23.31,21.84,12.55,38.15,0.16,0.8726,109.67
5751,46.39,54.51,23.63,18.05,16.87,10.29,0.1051,0.9447,150.64
5752,53.49,36.11,24.25,22.04,13.95,62.7,0.1466,0.8678,130.03
5753,41.39,20.13,34.0,15.44,20.14,93.66,0.1117,0.8896,116.62
5754,35.73,41.63,29.33,14.47,16.78,30.0,0.1347,0.8996,124.09
5755,40.73,27.05,20.73,19.66,9.77,4.68,0.1894,0.9285,109.52
5756,48.73,22.1,22.36,25.04,10.71,64.36,0.1011,0.9082,117.11
5757,37.51,36.21,24.34,25.63,11.72,34.04,0.1271,0.9018,122.12
5758,48.73,25.0,20.52,21.58,12.53,53.38,0.1558,0.8648,111.0
5759,38.88,48.44,16.96,22.81,14.79,9.28,0.132,0.9332,132.41
5760,25.16,36.28,21.6,20.93,16.51,38.14,0.1604,0.8722,105.09
5761,52.16,59.91,20.44,19.6,11.27,86.05,0.1474,0.8571,140.03
5762,42.68,40.21,32.88,15.19,10.85,30.58,0.1442,0.8919,126.48
5763,48.43,28.69,25.42,24.77,11.7,66.05,0.1776,0.8378,116.46
5764,42.42,28.54,17.5,18.31,13.59,74.24,0.1166,0.8906,107.2
5765,40.3,30.29,23.46,23.3,16.83,29.39,0.1689,0.8748,117.38
5766,45.9,42.64,27.19,19.86,11.74,76.22,0.166,0.8433,124.24
5767,38.77,19.66,28.66,16.18,16.47,53.1,0.1847,0.84,100.58
5768,54.51,39.04,25.99,16.69,13.33,33.99,0.1327,0.8975,134.23
5769,39.76,24.23,27.64,17.69,12.34,23.22,0.1689,0.8831,107.43
5770,54.55,85.75,24.3,20.44,13.86,26.82,0.1697,0.8775,174.52
5771,44.84,43.66,24.31,24.73,14.22,28.68,0.1478,0.8912,135.24
5772,20.95,45.41,41.47,22.84,19.73,37.14,0.144,0.8861,133.26
5773,32.08,36.04,21.99,16.83,16.18,81.56,0.1707,0.8364,102.97
5774,46.8,18.49,18.7,14.74,11.52,73.2,0.1468,0.8627,95.11
5775,32.65,35.26,22.81,22.69,19.9,88.37,0.1176,0.8852,118.02
5776,29.15,40.92,24.46,27.75,19.05,16.01,0.1815,0.8883,125.54
5777,50.27,27.86,17.17,23.84,11.72,62.11,0.1204,0.8917,116.68
5778,27.29,33.94,27.51,28.14,11.61,33.41,0.1185,0.9089,116.78
5779,46.22,45.05,21.95,18.0,13.09,88.47,0.1737,0.8305,119.85
5780,37.09,36.6,13.43,19.99,11.16,32.58,0.1231,0.9061,107.17
5781,45.62,39.02,24.9,25.32,17.21,80.57,0.1232,0.8822,134.16
5782,42.13,43.18,20.94,13.46,17.15,96.05,0.1676,0.8335,114.07
5783,23.41,57.36,30.07,21.53,15.77,89.73,0.1058,0.8965,132.81
5784,37.48,25.08,19.95,21.26,14.04,92.32,0.1222,0.8796,103.63
5785,38.05,76.03,22.29,25.59,15.82,65.3,0.1438,0.869,154.49
5786,43.27,75.96,26.72,16.13,13.97,40.82,0.1286,0.8958,157.71
5787,42.55,28.05,23.15,19.1,13.75,34.84,0.1643,0.8723,110.44
5788,38.04,45.8,20.28,17.28,14.5,14.81,0.1087,0.9348,127.03
5789,30.93,72.54,20.26,19.57,15.53,18.58,0.1404,0.9093,144.41
5790,43.85,62.28,31.0,15.09,16.34,15.58,0.1687,0.8972,151.22
5791,46.97,17.61,22.33,22.12,11.83,33.49,0.1772,0.8638,104.39
5792,42.65,32.92,18.99,20.67,14.48,54.87,0.178,0.8445,109.54
5793,38.24,28.62,23.74,18.9,15.09,81.67,0.1433,0.8627,107.49
5794,37.04,49.29,24.27,21.13,14.82,26.94,0.1313,0.9051,132.63
5795,32.66,51.09,27.87,21.76,9.34,28.5,0.1678,0.8767,125.12
5796,41.99,21.82,18.58,25.94,14.57,43.62,0.1244,0.8974,110.28
5797,41.53,26.38,33.5,19.61,13.74,2.42,0.191,0.949,127.88
5798,46.69,18.64,22.29,25.33,12.44,16.65,0.12,0.9252,116.01
5799,35.02,33.78,33.63,16.75,16.78,73.08,0.1344,0.8744,118.89
5800,40.95,31.19,26.01,17.52,17.49,34.09,0.1044,0.9193,122.43
5801,29.47,42.15,27.84,26.4,15.95,15.83,0.1027,0.937,132.88
5802,37.28,72.04,29.13,24.87,11.49,85.75,0.1722,0.8331,145.64
5803,35.51,38.96,22.93,13.22,12.04,67.34,0.1802,0.8347,102.37
5804,48.46,31.05,18.22,11.24,19.09,28.09,0.1139,0.9166,117.38
5805,53.65,48.28,28.59,26.03,18.91,92.15,0.1274,0.8746,153.45
5806,30.59,30.41,35.85,19.48,16.86,95.24,0.1163,0.8847,117.83
5807,47.26,32.57,25.05,17.48,12.22,22.39,0.1246,0.9147,123.1
5808,45.44,37.52,25.28,21.04,17.06,86.5,0.1267,0.877,128.34
5809,35.61,21.74,26.67,17.66,18.99,26.6,0.1792,0.8709,105.09
5810,33.99,30.94,17.7,20.02,21.66,68.86,0.1122,0.8965,111.44
5811,33.88,25.43,30.88,18.83,11.82,28.45,0.16,0.8825,106.65
5812,36.98,48.33,18.79,18.51,21.41,84.06,0.1269,0.8775,126.39
5813,37.13,23.19,32.48,12.3,9.31,22.85,0.1483,0.8978,102.71
5814,38.78,24.03,26.31,15.88,19.35,3.8,0.1287,0.9562,118.9
5815,35.92,26.34,31.4,24.43,13.61,17.02,0.1683,0.8943,117.79
5816,46.45,25.59,16.08,23.07,17.01,46.51,0.1642,0.8623,110.55
5817,44.07,68.36,29.39,20.84,11.65,18.51,0.1276,0.9177,159.97
5818,38.61,54.01,25.94,23.21,18.26,42.49,0.1579,0.8706,139.33
5819,35.68,42.58,23.75,20.3,12.36,22.1,0.1133,0.9227,124.26
5820,35.47,29.75,30.73,13.16,12.29,32.51,0.1919,0.8537,103.63
5821,43.51,34.12,28.89,15.55,18.79,95.28,0.1951,0.8065,113.6
5822,40.45,65.83,25.89,21.96,10.94,9.17,0.1963,0.9011,148.74
5823,41.59,30.92,14.18,13.03,12.67,49.48,0.1698,0.8554,96.13
5824,46.87,22.77,23.4,16.79,19.28,86.52,0.148,0.8563,110.56
5825,39.57,48.52,29.53,17.15,16.15,39.34,0.194,0.8442,127.41
5826,50.96,31.85,21.87,21.02,17.01,98.19,0.1048,0.8954,127.79
5827,23.98,32.65,26.52,19.19,13.51,18.92,0.1475,0.9042,104.75
5828,29.48,31.99,28.26,20.75,10.95,5.32,0.1819,0.9272,112.58
5829,54.48,32.9,31.29,21.91,14.56,5.15,0.1453,0.9427,146.25
5830,36.82,42.7,26.11,21.43,13.38,63.11,0.1829,0.8347,117.23
5831,42.37,30.98,20.39,23.45,13.41,38.66,0.1967,0.8428,110.07
5832,50.02,39.59,31.19,20.67,14.4,64.23,0.1248,0.8868,138.23
5833,42.75,53.14,23.8,16.03,16.04,93.21,0.1181,0.8835,134.07
5834,47.3,63.21,27.57,15.01,12.84,70.43,0.1948,0.8195,135.98
5835,44.92,24.39,21.8,21.61,16.36,81.17,0.1224,0.8829,113.97
5836,47.86,52.65,18.5,19.57,18.61,25.37,0.1628,0.8843,139.01
5837,43.94,55.07,18.75,19.94,16.48,29.56,0.1441,0.893,137.69
5838,45.85,57.97,32.11,17.35,19.04,46.49,0.1358,0.8862,152.71
5839,35.36,35.7,24.8,19.72,18.0,3.55,0.113,0.9628,128.61
5840,44.18,31.81,28.63,13.91,17.87,46.47,0.1571,0.8683,118.44
5841,39.68,18.87,35.31,14.37,13.24,74.64,0.131,0.877,106.52
5842,39.3,36.42,29.68,31.72,17.9,38.36,0.145,0.8844,137.1
5843,26.57,71.4,34.5,11.36,15.01,64.81,0.1648,0.8502,135.03
5844,36.63,39.69,19.74,15.82,19.43,24.99,0.1988,0.8593,112.83
5845,38.92,32.11,25.02,15.29,19.96,53.57,0.1347,0.8831,115.95
5846,52.45,44.14,20.56,15.29,17.67,52.84,0.1391,0.8796,132.03
5847,37.77,21.77,19.66,18.13,15.71,47.45,0.1387,0.8831,99.83
5848,42.26,31.38,21.96,14.73,16.09,66.32,0.1452,0.8673,109.64
5849,51.0,48.49,21.27,22.79,15.69,87.92,0.1535,0.8504,135.42
5850,30.1,43.77,22.07,20.31,12.61,86.23,0.1031,0.9,115.97
5851,36.94,28.65,25.44,21.79,12.14,4.83,0.1842,0.9295,116.15
5852,47.04,71.44,26.62,20.98,16.94,6.43,0.1586,0.9309,170.38
5853,59.75,19.52,29.88,17.17,12.96,11.99,0.1425,0.9207,128.24
5854,24.12,39.67,27.83,16.84,15.79,90.34,0.1002,0.9018,112.04
5855,39.06,49.11,34.77,25.26,13.89,7.97,0.1291,0.9385,152.13
5856,45.03,57.37,35.56,20.45,12.13,59.11,0.1291,0.8852,150.96
5857,46.73,36.75,22.53,20.48,12.94,63.99,0.1693,0.8466,118.04
5858,57.97,47.54,26.27,20.39,21.72,59.95,0.116,0.8965,155.89
5859,34.84,35.06,25.1,20.35,12.95,73.62,0.1097,0.8973,115.12
5860,38.12,68.22,19.91,14.19,13.03,35.67,0.1735,0.8643,132.65
5861,26.98,39.83,29.58,21.5,12.29,72.08,0.1481,0.862,112.21
5862,41.02,55.66,29.13,30.25,15.64,67.45,0.1764,0.8381,143.91
5863,44.09,22.05,28.52,20.28,14.22,16.94,0.1213,0.9239,119.34
5864,56.74,33.44,29.69,26.93,9.87,49.28,0.1149,0.9022,141.35
5865,53.63,43.43,21.89,20.58,19.56,81.81,0.1068,0.8976,142.79
5866,52.13,43.28,31.56,21.21,8.12,49.17,0.1404,0.8807,137.64
5867,34.44,27.88,31.3,21.29,12.14,51.19,0.1505,0.8707,110.64
5868,43.41,16.63,14.25,12.24,14.03,96.8,0.1461,0.8546,85.94
5869,43.11,17.31,22.82,13.95,17.29,24.95,0.1755,0.8759,100.28
5870,43.74,23.96,27.5,19.29,13.06,71.44,0.1637,0.8478,108.13
5871,39.66,106.73,39.34,26.92,12.95,64.16,0.1337,0.8787,198.23
5872,49.05,10.39,26.32,18.15,15.47,96.63,0.1497,0.8511,101.6
5873,37.15,32.73,26.7,22.08,13.58,57.3,0.1259,0.8889,117.55
5874,42.64,31.12,23.73,16.26,10.96,11.58,0.1577,0.9133,113.9
5875,51.63,35.6,24.62,23.79,18.56,98.05,0.1112,0.889,137.09
5876,57.23,33.86,32.71,14.11,16.83,24.96,0.1063,0.9248,143.11
5877,33.37,23.65,25.56,24.32,17.64,29.61,0.1718,0.8724,108.65
5878,44.4,52.61,32.48,19.84,15.56,40.11,0.1704,0.8625,142.21
5879,43.63,18.22,23.94,19.25,14.68,78.36,0.1588,0.8492,101.67
5880,49.76,73.94,27.08,22.76,19.19,1.72,0.1301,0.9717,187.29
5881,53.07,41.93,15.98,25.4,12.77,84.53,0.1165,0.8874,132.36
5882,37.33,24.31,22.14,13.76,16.51,96.35,0.1449,0.8559,97.62
5883,39.4,26.55,23.49,22.75,15.54,74.71,0.1112,0.8955,114.38
5884,40.59,55.31,24.78,13.38,15.3,2.3,0.1644,0.9574,142.99
5885,43.83,20.46,24.47,17.32,10.51,95.66,0.1531,0.848,98.87
5886,46.61,35.7,24.25,9.92,12.13,1.8,0.1437,0.9679,124.49
5887,37.0,34.57,31.28,18.92,20.54,67.9,0.103,0.9054,128.84
5888,54.86,34.2,22.76,20.8,16.83,1.1,0.1701,0.9726,145.35
5889,25.37,43.53,28.27,23.84,11.49,31.08,0.1877,0.8586,113.76
5890,30.45,45.3,25.23,21.27,9.88,75.23,0.1696,0.8404,111.04
5891,44.86,41.29,23.46,20.21,11.59,94.13,0.1541,0.8476,119.85
5892,38.69,54.8,35.72,23.72,12.33,3.58,0.1747,0.9423,155.71
5893,35.47,38.8,28.12,25.39,16.98,82.77,0.1735,0.8332,120.61
5894,47.68,28.64,24.41,24.2,9.38,47.78,0.1741,0.8531,114.57
5895,46.5,22.26,28.14,28.34,19.92,58.78,0.1224,0.8913,129.37
5896,49.99,35.88,27.94,17.87,16.29,41.41,0.1132,0.9079,134.33
5897,31.72,40.91,24.55,25.12,18.61,34.26,0.1123,0.9131,128.66
5898,46.5,17.26,20.11,14.13,15.24,19.12,0.1086,0.9292,105.22
5899,46.42,41.79,23.1,15.02,14.48,36.76,0.1881,0.8516,119.91
5900,31.94,24.7,9.56,19.95,13.35,88.92,0.1504,0.853,84.87
5901,40.31,24.41,21.89,18.09,13.56,9.6,0.1184,0.9393,111.08
5902,47.75,37.17,28.29,22.82,15.82,96.48,0.1421,0.8586,130.39
5903,50.74,15.11,26.49,21.83,15.82,15.45,0.1074,0.9347,121.5
5904,38.83,62.44,23.67,26.31,11.37,5.72,0.1187,0.9509,154.62
5905,31.21,50.4,27.4,22.17,7.54,54.97,0.175,0.8471,117.5
5906,52.26,21.75,29.83,21.88,14.18,99.95,0.1588,0.8409,117.64
5907,40.32,32.46,25.65,15.45,19.27,79.6,0.1159,0.8895,118.44
5908,24.89,37.2,23.71,18.99,13.92,42.51,0.1587,0.87,103.28
5909,38.08,25.94,23.84,23.71,6.08,79.71,0.1547,0.8525,100.3
5910,49.06,28.69,20.57,31.75,16.45,83.56,0.1661,0.8399,123.06
5911,30.25,33.32,29.05,16.63,14.21,24.45,0.1947,0.8632,106.57
5912,40.94,34.84,35.39,24.71,12.33,5.64,0.1147,0.9528,141.22
5913,37.38,33.19,18.69,20.07,8.7,90.86,0.1894,0.814,96.08
5914,39.7,35.8,22.29,20.48,16.15,22.13,0.1273,0.9132,122.75
5915,36.51,40.66,26.55,16.72,17.32,49.62,0.1329,0.8867,122.16
5916,44.03,30.6,23.47,18.09,14.2,23.1,0.1471,0.8983,117.13
5917,38.22,41.62,28.14,19.64,11.83,36.29,0.1771,0.8608,120.05
5918,45.25,55.88,20.68,23.54,8.11,64.27,0.1712,0.8447,129.63
5919,37.06,41.94,14.68,26.03,22.61,55.36,0.148,0.8704,123.88
5920,48.95,70.23,29.7,18.07,14.82,93.5,0.1814,0.8208,149.2
5921,40.1,19.97,28.85,17.79,16.9,38.4,0.1614,0.8713,107.7
5922,30.34,27.72,29.29,23.01,14.45,44.97,0.1941,0.8387,104.68
5923,33.15,40.48,34.81,19.01,14.64,1.56,0.1464,0.9702,137.86
5924,30.74,38.57,22.61,24.28,14.42,29.36,0.1754,0.87,113.63
5925,31.19,29.99,34.27,22.55,16.32,72.94,0.1065,0.9005,120.95
5926,29.49,44.72,32.61,17.63,17.32,71.99,0.1321,0.8769,124.32
5927,31.31,38.04,23.52,23.69,16.61,18.47,0.1916,0.8765,116.73
5928,39.96,56.03,19.18,21.99,18.03,98.54,0.1517,0.8485,131.67
5929,45.91,22.91,20.1,19.1,16.0,45.67,0.1951,0.8371,103.82
5930,29.18,35.79,28.42,21.86,14.83,26.69,0.1006,0.9274,120.63
5931,33.56,29.3,19.74,16.04,15.06,73.01,0.1471,0.8625,98.06
5932,46.42,49.32,26.16,18.38,14.41,60.75,0.1727,0.8454,130.78
5933,38.74,43.55,23.92,23.15,17.5,45.92,0.1328,0.889,130.56
5934,26.31,28.87,26.3,18.92,9.41,80.87,0.1464,0.8599,94.43
5935,40.3,52.23,29.58,21.8,16.26,62.4,0.1167,0.8949,143.34
5936,42.9,34.69,27.03,14.18,14.47,96.79,0.1433,0.8574,114.27
5937,42.51,21.29,29.35,19.75,14.96,83.21,0.1507,0.8549,109.32
5938,57.97,31.62,34.61,20.97,15.96,55.28,0.16,0.8599,138.57
5939,33.97,88.47,15.42,17.51,15.88,64.76,0.1462,0.8671,148.49
5940,48.8,32.44,26.39,20.45,17.22,52.64,0.1212,0.8952,130.06
5941,39.8,38.48,24.78,20.9,14.8,45.74,0.1961,0.8363,116.04
5942,43.75,39.27,25.06,15.9,14.33,67.12,0.1775,0.8373,115.79
5943,34.79,34.4,14.75,8.66,13.91,23.67,0.1812,0.8739,93.07
5944,34.62,64.6,26.08,16.37,13.79,29.18,0.1637,0.8789,136.63
5945,29.99,46.93,22.47,11.58,12.23,21.57,0.184,0.8755,107.86
5946,28.26,45.44,28.52,22.9,19.75,59.25,0.1587,0.8587,124.4
5947,45.37,31.43,37.84,24.53,13.72,90.69,0.1813,0.8221,125.7
5948,35.71,46.22,19.5,15.31,8.8,96.2,0.1932,0.8079,101.43
5949,60.36,30.94,26.82,15.75,14.35,19.5,0.1091,0.9285,137.62
5950,36.21,41.52,16.05,18.5,11.41,23.21,0.1708,0.8818,109.08
5951,45.38,79.93,25.74,17.33,14.75,48.4,0.1354,0.8853,162.14
5952,40.44,65.37,29.75,16.99,13.37,59.99,0.1336,0.8807,146.12
5953,25.4,33.4,27.42,13.11,13.74,49.92,0.1144,0.9024,102.04
5954,29.23,38.28,31.82,19.78,16.81,30.45,0.1963,0.853,115.94
5955,27.92,22.56,28.35,16.32,15.92,71.3,0.1746,0.8377,93.03
5956,51.75,31.76,16.27,13.7,18.45,18.78,0.1065,0.931,122.82
5957,50.39,14.38,34.4,18.04,20.25,9.92,0.1456,0.9244,127.06
5958,55.42,50.44,17.59,20.53,15.62,21.81,0.1436,0.9025,144.05
5959,22.24,25.94,34.24,19.1,14.57,89.46,0.1095,0.8928,103.65
5960,29.05,33.68,28.4,22.01,16.12,21.13,0.1672,0.8875,114.71
5961,44.84,29.2,26.83,27.76,12.37,46.51,0.1163,0.9025,127.24
5962,33.86,52.85,33.62,19.8,12.52,25.69,0.1145,0.9184,140.19
5963,45.55,60.52,27.92,25.61,13.21,92.02,0.1387,0.8635,149.22
5964,36.44,61.55,29.88,14.32,14.31,80.55,0.1215,0.8839,138.33
5965,35.62,21.0,25.97,6.71,13.07,38.39,0.1884,0.8497,86.99
5966,25.47,45.47,21.87,16.6,18.17,81.22,0.1767,0.8308,105.99
5967,35.39,24.7,19.78,18.36,16.77,97.6,0.1757,0.8249,94.86
5968,42.97,37.14,35.54,15.19,13.42,59.43,0.1539,0.8629,124.49
5969,32.1,51.45,32.63,22.47,7.93,22.64,0.1501,0.8969,131.46
5970,40.55,31.53,24.37,17.52,14.57,35.54,0.1762,0.8623,110.85
5971,31.63,38.23,21.9,19.3,17.59,52.66,0.1755,0.8482,109.11
5972,33.8,27.33,33.03,19.85,16.2,59.02,0.1319,0.8827,114.94
5973,34.36,54.16,29.74,24.86,14.53,81.85,0.1273,0.8779,138.41
5974,43.72,32.09,30.41,17.54,13.79,47.6,0.1243,0.8952,123.13
5975,46.87,28.27,31.63,18.02,14.41,5.32,0.1835,0.9265,128.96
5976,54.71,40.1,31.03,24.91,11.07,7.42,0.1372,0.9365,151.55
5977,46.23,50.58,34.81,25.88,14.25,90.93,0.1731,0.83,142.56
5978,42.91,20.03,29.25,25.86,9.14,63.3,0.1411,0.8724,110.97
5979,54.2,42.03,18.41,25.66,10.09,80.56,0.1422,0.8641,129.95
5980,42.2,28.67,23.33,10.66,15.81,68.86,0.1577,0.8545,103.12
5981,44.91,45.7,27.53,16.07,14.71,90.32,0.1722,0.8312,123.79
5982,47.65,28.45,26.69,28.2,11.19,2.79,0.1281,0.9629,136.91
5983,41.39,24.78,29.05,22.27,17.6,46.02,0.1863,0.8442,114.05
5984,39.46,26.35,25.22,27.05,14.38,14.28,0.1431,0.9153,121.23
5985,38.67,37.4,17.76,23.6,16.32,50.45,0.1356,0.884,118.23
5986,35.42,43.36,26.49,22.09,17.79,90.37,0.1257,0.8768,127.26
5987,36.03,27.26,15.99,22.23,12.46,40.65,0.1318,0.8932,101.81
5988,48.5,35.78,16.49,19.39,10.72,12.12,0.1789,0.9,117.79
5989,31.23,27.04,27.66,20.16,13.32,23.08,0.1083,0.9252,110.47
5990,41.1,30.13,20.37,15.5,12.64,51.11,0.1153,0.901,107.9
5991,39.81,28.73,22.88,17.8,15.1,65.28,0.1366,0.8756,108.86
5992,28.6,26.37,27.49,18.25,15.99,1.1,0.1166,0.9812,114.51
5993,46.71,21.49,22.25,21.49,13.27,39.4,0.159,0.8723,109.22
5994,29.31,33.98,27.08,22.91,17.44,65.04,0.1766,0.8393,109.7
5995,34.04,55.06,31.0,23.78,20.12,65.39,0.1155,0.8948,146.74
5996,39.32,36.21,20.8,27.62,10.35,61.57,0.1357,0.8781,117.93
5997,51.92,31.07,22.21,23.78,12.2,2.71,0.1971,0.9439,133.25
5998,44.17,48.31,28.18,23.16,14.15,83.62,0.1258,0.8788,138.82
5999,42.49,28.75,22.82,14.69,12.6,75.36,0.1257,0.8816,106.98
6000,50.81,37.81,28.15,13.56,16.17,24.75,0.1138,0.9197,134.74
6001,37.89,18.79,27.58,21.45,11.93,46.17,0.1032,0.9137,107.47
6002,55.99,34.94,23.35,18.79,12.95,94.03,0.1147,0.8866,129.46
6003,44.03,30.64,31.64,20.59,19.2,61.4,0.129,0.8842,129.18
6004,41.07,16.62,19.0,15.62,18.9,74.69,0.1737,0.8368,93.05
6005,25.63,29.26,28.06,20.04,18.57,73.17,0.1618,0.8487,103.16
6006,47.81,13.68,14.42,18.02,12.53,56.21,0.1149,0.899,95.71
6007,44.3,27.64,25.47,21.85,17.07,52.39,0.1561,0.8651,117.93
6008,38.22,42.64,25.3,22.41,18.12,93.13,0.1698,0.8324,122.11
6009,35.96,24.35,18.97,21.28,11.81,50.45,0.1858,0.841,94.51
6010,56.11,26.34,32.67,15.5,8.96,14.11,0.1962,0.8843,123.43
6011,33.62,19.05,19.52,19.45,16.86,62.78,0.1702,0.8464,91.84
6012,42.79,39.28,23.31,26.77,9.25,36.08,0.1898,0.8511,120.34
6013,40.28,29.32,30.9,17.97,12.89,5.55,0.1303,0.9469,124.38
6014,45.51,34.44,26.13,17.31,9.91,35.22,0.1656,0.8709,116.08
6015,24.62,55.42,23.07,23.09,15.09,96.67,0.1585,0.8423,119.01
6016,45.38,23.46,22.01,17.76,20.84,71.96,0.1338,0.8754,113.31
6017,52.8,58.04,25.11,16.4,17.21,45.69,0.1228,0.8975,152.18
6018,24.78,31.6,23.05,17.25,19.51,89.37,0.1016,0.9007,104.65
6019,32.41,53.3,25.58,23.88,16.57,42.02,0.1096,0.9104,138.15
6020,44.52,33.46,21.77,19.23,10.16,72.02,0.1269,0.8818,113.88
6021,38.93,18.2,29.43,23.24,14.72,94.01,0.1936,0.8086,100.69
6022,45.44,21.3,21.84,24.73,15.89,4.57,0.1297,0.9516,122.94
6023,45.95,31.53,17.55,18.27,16.56,87.35,0.1614,0.8429,109.46
6024,41.8,17.99,39.09,19.36,17.96,29.81,0.1004,0.9252,126.02
6025,54.1,43.26,30.01,19.06,12.62,51.52,0.1637,0.8592,136.67
6026,46.02,48.59,21.64,16.81,15.53,61.53,0.1766,0.8414,125.01
6027,29.39,19.34,20.58,24.01,14.23,41.04,0.1862,0.8489,91.3
6028,45.61,31.23,28.44,18.31,17.49,45.85,0.1199,0.8999,126.95
6029,39.74,33.72,21.77,15.85,14.87,29.11,0.1114,0.9176,115.58
6030,44.38,46.1,30.2,26.83,15.16,79.0,0.1476,0.8596,139.83
6031,49.34,41.24,27.59,19.09,15.28,20.95,0.1619,0.8914,135.99
6032,52.92,29.66,26.45,19.75,16.09,56.2,0.1386,0.8782,127.23
6033,40.67,19.88,25.95,17.7,15.03,43.78,0.117,0.9034,107.71
6034,46.71,35.02,32.31,15.4,18.78,58.7,0.1791,0.841,124.65
6035,31.36,33.23,24.0,14.03,10.0,55.36,0.1591,0.8607,96.94
6036,36.29,25.21,25.7,23.46,17.67,37.39,0.1772,0.8596,110.33
6037,35.5,81.65,21.22,17.74,16.28,58.94,0.1808,0.8393,144.67
6038,48.27,37.51,28.03,11.56,15.77,32.36,0.1755,0.8663,122.26
6039,53.82,26.99,20.68,16.73,14.27,34.74,0.1178,0.9085,120.36
6040,65.51,27.98,31.11,18.86,20.4,51.41,0.1025,0.9119,149.42
6041,46.89,48.83,31.59,17.03,14.99,43.17,0.1196,0.9016,143.66
6042,48.99,56.31,16.69,21.99,18.79,81.4,0.1973,0.811,132.02
6043,26.16,44.8,30.13,18.31,20.76,69.64,0.1671,0.8455,118.51
6044,25.7,52.56,18.79,23.43,12.88,9.19,0.1992,0.8996,119.97
6045,33.05,21.33,22.84,23.46,14.58,3.79,0.1137,0.9613,110.8
6046,29.97,34.37,24.89,15.99,10.33,48.06,0.184,0.8445,97.57
6047,44.09,22.09,22.74,17.08,11.77,39.46,0.153,0.8771,103.3
6048,53.89,48.27,23.22,24.22,16.82,17.38,0.1884,0.8809,146.6
6049,40.1,50.11,29.05,21.14,14.65,20.62,0.1576,0.8948,138.74
6050,34.75,23.56,30.35,22.78,13.3,9.46,0.1663,0.9152,114.17
6051,42.44,27.54,24.43,22.8,22.32,1.64,0.1663,0.965,134.64
6052,34.25,23.81,24.99,17.28,14.21,62.77,0.1902,0.8284,94.88
6053,35.66,38.3,28.16,29.98,11.11,18.33,0.1284,0.9174,131.38
6054,38.44,33.62,19.74,23.94,12.26,98.67,0.1352,0.8649,110.7
6055,43.1,35.54,25.19,18.3,15.52,35.46,0.1074,0.9161,126.11
6056,26.67,30.71,23.88,24.14,16.02,19.56,0.1534,0.8993,109.19
6057,23.76,72.85,26.41,19.54,12.85,23.05,0.1393,0.9038,140.47
6058,33.12,51.38,19.17,20.48,12.63,65.55,0.1582,0.8558,117.06
6059,44.18,33.04,26.82,17.52,12.84,44.11,0.1939,0.8396,112.85
6060,29.88,18.98,26.42,16.45,19.64,2.77,0.1204,0.9653,107.5
6061,54.67,17.77,34.9,23.1,19.15,9.68,0.1599,0.9178,137.29
6062,46.82,18.32,18.53,17.21,14.93,33.32,0.1162,0.9108,105.48
6063,45.35,41.7,36.57,16.9,16.0,14.2,0.1289,0.9238,144.6
6064,46.84,32.78,34.62,18.72,15.42,4.09,0.1592,0.9437,140.03
6065,43.41,57.29,31.42,15.69,13.4,89.26,0.1383,0.8648,139.41
6066,44.06,46.62,22.47,20.2,17.24,63.75,0.1347,0.878,132.23
6067,49.94,14.35,29.92,17.93,10.01,38.33,0.1859,0.8518,104.03
6068,48.0,25.2,16.37,24.0,16.13,98.95,0.187,0.813,105.44
6069,42.4,17.89,14.82,24.11,18.32,99.59,0.1554,0.8444,99.25
6070,55.39,29.8,22.12,19.94,12.47,71.21,0.1878,0.8255,115.33
6071,40.62,39.63,20.14,16.66,13.71,54.01,0.1492,0.8702,113.78
6072,36.36,36.07,15.18,19.18,7.88,61.42,0.1824,0.8362,95.89
6073,28.13,34.75,33.1,18.52,12.34,60.82,0.1929,0.8272,104.94
6074,34.22,21.89,21.42,26.33,20.25,26.96,0.1405,0.8984,111.49
6075,49.62,88.19,27.33,18.66,9.21,56.35,0.1146,0.8993,173.57
6076,39.73,37.2,39.07,20.91,12.54,11.81,0.1087,0.9398,140.45
6077,43.83,65.64,24.44,22.58,19.34,8.17,0.1404,0.9325,163.96
6078,40.65,48.53,18.57,25.81,14.31,30.21,0.1719,0.8715,128.87
6079,30.38,44.66,34.33,18.59,12.97,28.24,0.1032,0.9243,130.27
6080,37.7,44.68,24.27,14.13,15.44,78.97,0.1333,0.8732,118.94
6081,33.33,28.03,29.24,20.49,13.13,7.57,0.1752,0.9182,114.07
6082,36.52,27.64,11.4,24.54,12.99,5.24,0.133,0.9471,107.11
6083,32.9,33.62,26.48,21.53,15.62,43.15,0.1421,0.8831,114.95
6084,43.86,32.79,24.69,17.8,13.59,71.02,0.1027,0.9046,120.07
6085,46.5,13.12,23.16,18.65,15.82,96.97,0.182,0.8188,96.01
6086,40.28,34.78,29.84,16.57,20.66,30.21,0.1607,0.8799,125.07
6087,24.08,43.98,21.63,19.09,17.39,5.28,0.1987,0.9207,116.17
6088,29.18,20.79,23.61,16.52,15.89,82.44,0.1619,0.8444,89.49
6089,45.17,22.82,25.52,21.56,14.19,63.73,0.1364,0.8765,113.29
6090,33.96,35.92,29.33,22.0,10.37,84.16,0.1989,0.808,106.33
6091,33.96,41.26,23.76,20.34,18.66,6.76,0.1361,0.9394,129.63
6092,40.55,32.74,24.21,23.51,13.98,21.37,0.1692,0.8858,119.57
6093,33.7,40.19,24.17,24.91,12.11,90.42,0.1234,0.879,118.74
6094,23.03,36.91,24.14,25.77,10.58,85.23,0.1986,0.8078,97.28
6095,32.6,30.01,18.41,20.51,15.28,45.59,0.1603,0.8663,101.2
6096,36.77,34.51,28.79,17.83,15.36,86.88,0.1907,0.8146,108.56
6097,35.56,34.57,29.13,11.23,13.05,73.45,0.1156,0.8918,110.16
6098,45.61,35.32,16.87,18.18,17.44,81.29,0.1608,0.846,112.88
6099,40.71,32.97,22.74,14.9,15.85,24.52,0.1633,0.8851,112.55
6100,40.14,40.11,31.61,20.11,11.94,27.6,0.1802,0.8688,125.04
6101,49.26,51.14,25.53,23.25,10.12,77.38,0.1056,0.9,143.37
6102,27.52,41.65,23.4,22.97,14.48,85.64,0.1848,0.8209,106.73
6103,52.52,13.9,19.43,23.3,13.43,78.76,0.168,0.8402,102.99
6104,53.21,20.1,31.29,14.04,16.22,20.21,0.1028,0.9318,125.67
6105,39.07,44.35,21.49,14.11,17.5,92.23,0.1314,0.8706,118.86
6106,36.86,25.27,28.43,25.14,18.52,97.61,0.1418,0.8587,115.25
6107,50.74,55.98,34.61,11.91,11.91,6.55,0.192,0.9157,151.22
6108,37.89,19.38,25.62,22.79,13.61,89.05,0.1318,0.8712,103.92
6109,42.83,48.69,32.11,19.24,13.07,76.25,0.1444,0.8637,134.67
6110,42.23,24.67,27.34,18.66,11.44,20.07,0.147,0.9027,112.23
6111,43.91,54.84,30.05,20.79,17.64,21.62,0.1055,0.9286,155.28
6112,31.2,26.05,23.75,27.24,14.72,25.22,0.145,0.8971,110.3
6113,43.52,23.77,20.6,16.82,17.56,5.3,0.1376,0.945,115.56
6114,32.94,36.15,22.69,18.39,14.58,31.9,0.1233,0.9064,113.09
6115,35.21,19.46,23.23,24.49,17.11,81.22,0.1137,0.8911,106.48
6116,47.43,23.95,26.35,16.49,13.26,22.14,0.1536,0.8952,114.12
6117,35.97,49.53,28.57,23.39,11.51,24.12,0.154,0.8922,132.91
6118,34.9,62.56,17.25,19.82,16.58,72.91,0.1667,0.8442,127.56
6119,41.63,31.96,25.81,11.03,11.36,73.47,0.16,0.8503,103.56
6120,50.77,28.71,26.58,20.46,12.66,40.76,0.1836,0.8512,118.47
6121,59.24,19.03,25.26,20.36,15.7,84.19,0.1582,0.8473,118.28
6122,49.14,45.11,19.78,20.86,13.68,37.21,0.1264,0.9,133.73
6123,49.03,29.33,27.06,22.77,17.47,23.14,0.1895,0.869,126.58
6124,39.81,21.57,26.87,22.38,13.02,24.84,0.1199,0.9153,113.17
6125,60.48,39.11,29.14,20.02,10.58,26.12,0.1036,0.9258,147.49
6126,41.59,20.65,23.9,24.58,14.31,17.98,0.1905,0.8782,109.8
6127,39.71,37.2,26.51,18.51,7.23,12.08,0.127,0.9291,120.01
6128,43.06,29.92,27.81,21.16,14.04,15.47,0.1136,0.9309,126.6
6129,42.12,37.79,25.24,16.5,11.24,23.66,0.1453,0.8989,119.45
6130,29.49,19.57,18.32,11.76,17.18,77.07,0.1786,0.831,80.04
6131,34.42,37.89,13.67,16.87,15.54,14.76,0.1287,0.9229,109.27
6132,43.04,17.19,20.94,20.4,16.67,45.25,0.1235,0.8972,106.09
6133,33.69,39.01,16.47,13.58,17.52,15.43,0.168,0.8979,107.99
6134,45.18,33.77,26.26,16.43,17.08,41.93,0.1655,0.8649,119.99
6135,40.29,16.54,19.9,26.9,16.91,15.98,0.1797,0.8895,107.21
6136,47.49,34.81,21.72,18.86,17.32,32.55,0.1852,0.8587,120.4
6137,39.01,46.28,33.86,21.81,17.8,11.16,0.1501,0.9185,145.83
6138,43.85,29.31,23.03,16.53,11.24,77.86,0.1858,0.8238,102.12
6139,25.51,20.8,30.93,14.5,17.24,5.76,0.1951,0.9191,100.16
6140,27.12,29.48,25.2,15.94,15.58,90.61,0.1778,0.8256,93.56
6141,33.57,14.13,17.81,24.25,16.18,76.11,0.1377,0.8701,92.18
6142,42.49,39.72,24.79,18.83,19.83,54.24,0.1469,0.872,127.02
6143,33.75,47.28,13.41,20.49,16.3,25.61,0.1346,0.9041,118.64
6144,45.82,29.01,26.1,17.16,14.37,10.02,0.104,0.9458,125.29
6145,43.09,31.56,20.33,22.97,9.75,81.58,0.1396,0.8662,110.63
6146,36.33,54.63,24.9,25.62,14.16,58.67,0.1815,0.8388,130.56
6147,41.79,64.76,21.72,28.99,16.54,43.69,0.1287,0.8938,155.34
6148,36.45,46.88,30.92,22.6,12.24,50.12,0.1458,0.8754,130.52
6149,42.52,23.33,25.22,16.13,18.47,41.93,0.1818,0.8515,107.01
6150,35.92,57.4,23.43,12.5,20.08,45.89,0.1771,0.8521,127.23
6151,43.17,44.8,22.53,25.28,15.51,19.3,0.1465,0.9042,136.8
6152,50.88,38.49,26.06,12.61,14.42,67.91,0.1005,0.9076,129.31
6153,30.11,39.62,23.12,19.71,14.06,27.16,0.1515,0.8902,112.72
6154,34.45,53.64,13.43,24.07,20.32,32.84,0.1512,0.8844,129.03
6155,34.78,16.63,22.28,26.73,18.61,49.49,0.1154,0.9017,107.33
6156,42.49,32.94,25.02,16.41,10.48,98.58,0.157,0.8432,107.36
6157,46.7,22.2,21.23,20.63,14.91,45.46,0.1861,0.8449,106.17
6158,26.08,41.25,26.23,19.51,20.39,17.85,0.1903,0.8786,117.27
6159,38.53,25.25,25.54,17.09,17.58,66.47,0.1606,0.8531,105.77
6160,40.23,120.28,14.03,24.97,12.12,21.47,0.1284,0.9132,193.27
6161,47.06,47.29,21.45,22.28,14.27,88.79,0.1585,0.8452,128.76
6162,32.83,21.97,31.61,15.24,14.11,72.93,0.16,0.8505,98.46
6163,45.84,51.35,27.67,19.2,11.75,7.16,0.1495,0.9319,145.21
6164,42.34,29.72,28.15,18.49,21.61,28.41,0.1892,0.861,120.81
6165,54.19,36.31,29.87,21.74,18.69,30.73,0.1666,0.8749,140.69
6166,57.55,33.07,23.77,27.63,16.29,86.81,0.1347,0.8691,137.58
6167,46.37,16.85,22.19,21.34,16.12,82.56,0.1368,0.8685,106.72
6168,37.92,27.49,29.22,18.88,19.05,86.5,0.1182,0.8852,117.34
6169,43.93,22.3,30.57,19.61,13.81,99.79,0.1379,0.8619,112.23
6170,44.65,13.33,31.17,21.61,17.51,56.73,0.142,0.8749,112.23
6171,44.21,28.31,21.81,13.07,21.53,7.39,0.1361,0.9372,120.83
6172,43.36,31.53,28.28,24.45,16.16,53.2,0.1356,0.8825,126.88
6173,44.27,19.44,24.43,20.67,17.43,52.04,0.1056,0.909,114.75
6174,48.4,53.88,28.53,19.5,14.68,48.53,0.151,0.872,143.89
6175,57.58,40.62,24.54,18.36,13.54,2.07,0.1432,0.9651,149.25
6176,25.53,36.47,24.87,19.73,11.95,14.98,0.1629,0.9019,106.92
6177,50.4,43.0,28.99,16.18,15.54,21.15,0.1615,0.8914,137.37
6178,41.13,43.55,23.36,13.49,10.65,87.62,0.1404,0.8633,114.11
6179,33.68,38.95,23.13,22.13,12.87,13.18,0.141,0.9188,120.15
6180,29.19,64.93,30.31,17.01,13.49,44.39,0.1713,0.8581,132.95
6181,42.44,15.14,27.06,20.9,16.78,60.24,0.1702,0.8479,103.72
6182,40.29,43.3,20.07,19.21,12.71,25.29,0.1642,0.8834,119.78
6183,31.37,30.14,30.81,25.17,14.97,28.43,0.1001,0.9265,122.72
6184,39.75,61.28,32.29,21.9,10.97,74.01,0.1402,0.8685,144.34
6185,48.29,40.56,26.49,24.41,15.3,80.84,0.1526,0.854,132.42
6186,52.41,33.44,23.4,23.04,17.87,70.86,0.1188,0.8897,133.61
6187,41.02,62.31,33.06,27.05,14.01,95.23,0.1461,0.8552,151.75
6188,41.0,32.53,32.73,13.74,11.02,29.26,0.1261,0.9066,118.78
6189,44.98,41.38,20.57,25.87,15.69,99.97,0.1954,0.8041,119.42
6190,49.32,27.21,23.68,16.84,20.64,6.97,0.1671,0.9247,127.31
6191,41.47,36.89,24.73,15.64,14.1,28.04,0.1065,0.9221,122.49
6192,42.8,79.96,33.2,15.0,15.59,51.9,0.1311,0.887,165.48
6193,36.81,49.38,29.46,18.34,12.11,35.37,0.1244,0.9029,131.91
6194,38.74,41.51,23.39,21.7,13.64,14.71,0.1397,0.9164,127.36
6195,34.91,20.2,24.98,25.53,13.31,78.05,0.1004,0.9047,107.6
6196,31.72,89.88,24.46,12.37,16.63,26.94,0.1772,0.8719,152.63
6197,30.36,21.48,21.19,21.21,12.8,64.01,0.1618,0.8533,91.33
6198,33.1,36.01,27.6,16.06,13.8,70.69,0.1577,0.8537,108.05
6199,32.55,42.1,27.27,14.98,15.72,13.69,0.1661,0.9031,119.76
6200,42.39,45.06,27.96,17.78,8.93,6.14,0.1692,0.9278,131.85
6201,43.58,26.39,26.12,20.38,17.21,97.46,0.1818,0.8188,109.45
6202,36.64,45.77,19.57,17.36,11.11,78.78,0.1821,0.8269,107.86
6203,33.29,21.42,21.83,15.06,11.4,38.65,0.1946,0.8445,86.97
6204,57.21,67.93,25.32,18.35,11.55,72.66,0.1072,0.8999,162.31
6205,36.47,20.94,29.5,22.32,19.25,74.65,0.1352,0.873,112.16
6206,35.25,28.44,26.41,21.6,18.94,78.63,0.1678,0.8405,109.8
6207,27.42,43.98,18.85,17.95,12.64,81.53,0.1541,0.8523,102.99
6208,44.14,32.69,14.89,19.28,19.9,47.01,0.1923,0.8384,109.74
6209,54.55,64.18,24.81,16.91,19.82,35.46,0.1893,0.8522,153.63
6210,38.51,57.9,27.05,20.9,15.38,38.46,0.1861,0.8515,136.02
6211,37.22,42.64,28.96,23.46,21.3,46.38,0.1193,0.9,138.24
6212,42.21,26.25,33.76,16.84,18.91,31.81,0.1211,0.9082,125.31
6213,42.46,33.29,30.62,17.98,14.64,20.47,0.1698,0.887,123.27
6214,20.04,19.51,28.08,22.26,16.75,75.82,0.1957,0.8155,86.97
6215,45.18,24.99,22.31,30.11,13.03,88.36,0.1335,0.8697,117.96
6216,55.0,31.75,32.22,22.74,14.04,87.73,0.1917,0.8132,126.66
6217,40.45,49.75,19.59,19.28,14.6,30.62,0.1935,0.8549,122.81
6218,39.13,41.48,30.48,15.83,12.33,13.77,0.1501,0.9122,127.03
6219,46.36,31.42,34.42,24.25,15.59,46.97,0.1772,0.8511,129.4
6220,45.41,25.84,32.0,16.73,9.1,22.89,0.1169,0.9194,118.67
6221,41.38,47.52,23.05,19.17,15.46,46.45,0.1701,0.8574,125.69
6222,46.18,27.78,16.78,18.45,13.88,58.23,0.1765,0.8436,103.81
6223,46.56,45.95,21.26,19.65,17.24,82.48,0.1268,0.8782,132.3
6224,30.61,43.05,25.23,16.2,13.68,79.48,0.1567,0.8507,109.54
6225,30.81,53.63,23.61,23.81,15.84,2.74,0.1781,0.949,140.18
6226,29.67,24.86,26.21,21.75,14.1,8.67,0.11,0.9458,110.26
6227,27.89,29.31,15.94,18.78,11.8,97.25,0.1029,0.8975,93.09
6228,46.48,34.97,28.97,19.04,15.48,32.25,0.1164,0.9114,132.1
6229,46.5,30.94,21.89,18.64,15.11,88.15,0.1265,0.8766,116.67
6230,43.58,26.73,25.0,20.48,17.87,21.18,0.1579,0.8937,119.46
6231,53.3,26.64,22.61,16.88,19.39,85.62,0.1911,0.8149,113.12
6232,37.53,20.98,28.75,15.81,21.74,7.38,0.1438,0.9336,116.52
6233,34.48,25.7,22.17,19.09,16.06,16.2,0.1395,0.9138,107.37
6234,40.98,46.29,16.43,22.57,16.22,81.26,0.1704,0.8369,119.24
6235,49.14,50.0,27.8,26.14,15.76,87.94,0.1024,0.9002,151.98
6236,35.27,39.37,17.04,20.73,12.5,50.36,0.1842,0.8424,105.24
6237,55.54,31.72,24.13,23.25,13.9,20.09,0.1418,0.9061,134.6
6238,39.43,33.54,30.45,23.26,16.38,71.93,0.112,0.8956,128.12
6239,44.1,61.52,27.88,21.29,18.64,12.59,0.1509,0.9145,158.6
6240,41.3,49.27,25.14,21.83,18.57,67.01,0.1523,0.8605,134.33
6241,36.82,12.31,25.34,18.43,14.33,63.4,0.1377,0.8754,93.88
6242,47.28,24.89,19.75,17.07,12.65,47.56,0.1761,0.8515,103.58
6243,12.2,28.44,27.05,16.18,19.37,62.26,0.1165,0.8951,92.4
6244,37.29,64.58,27.47,19.24,13.18,67.38,0.197,0.8193,132.52
6245,46.36,45.07,26.06,21.06,11.29,57.32,0.1898,0.8324,124.74
6246,28.39,19.68,25.05,18.61,15.66,9.85,0.1728,0.9105,97.77
6247,34.39,46.21,24.29,19.81,14.1,7.77,0.1216,0.9427,130.85
6248,36.05,110.42,28.95,14.05,14.69,98.66,0.1597,0.8404,171.6
6249,37.36,48.66,21.93,29.06,14.32,82.08,0.1589,0.8475,128.25
6250,35.18,24.72,18.29,26.41,14.77,38.75,0.1351,0.8919,106.47
6251,31.85,63.82,29.52,19.32,14.81,76.5,0.1456,0.8625,137.41
6252,39.43,40.02,18.4,21.16,16.68,1.0,0.1165,0.9824,133.31
6253,46.44,26.73,21.29,26.65,15.38,50.25,0.1271,0.8914,121.67
6254,43.06,35.69,27.12,23.17,14.89,1.06,0.1268,0.98,141.06
6255,48.21,31.77,26.66,17.72,16.31,46.41,0.1166,0.9023,126.92
6256,38.4,26.45,24.19,22.05,17.4,73.95,0.1259,0.882,113.32
6257,50.07,21.51,32.04,14.49,11.12,54.41,0.1652,0.856,110.62
6258,29.79,27.51,29.88,21.09,12.91,32.18,0.1795,0.8635,104.64
6259,50.49,34.3,24.47,21.17,10.23,78.34,0.1973,0.8127,114.31
6260,48.74,48.11,22.19,12.53,14.86,75.89,0.125,0.8822,129.18
6261,27.38,21.01,26.33,24.1,13.4,81.25,0.1014,0.9029,101.32
6262,43.75,20.16,25.94,21.76,12.12,59.86,0.1497,0.8664,107.2
6263,38.99,36.5,30.94,18.69,14.98,73.77,0.1957,0.8167,114.43
6264,39.15,30.68,24.01,18.93,11.97,82.59,0.1626,0.8437,105.25
6265,40.53,29.9,30.13,23.37,16.49,41.18,0.1974,0.8396,117.9
6266,35.05,24.23,18.34,17.64,14.74,48.95,0.1707,0.855,94.05
6267,47.51,24.71,26.76,17.49,14.14,63.06,0.1526,0.8622,112.61
6268,40.03,22.34,21.46,17.02,15.4,49.14,0.1221,0.8962,104.19
6269,31.0,17.09,25.03,23.15,16.55,11.95,0.1133,0.937,105.72
6270,39.7,40.06,23.9,22.55,14.73,99.47,0.1814,0.8184,115.35
6271,36.21,42.66,19.45,15.44,14.04,88.89,0.1362,0.8669,110.79
6272,44.93,68.09,21.32,20.61,14.41,82.31,0.1299,0.8752,148.22
6273,29.48,44.31,22.68,21.16,17.29,90.71,0.154,0.8489,114.55
6274,56.02,34.51,33.73,24.74,10.32,25.68,0.1935,0.862,137.33
6275,40.96,42.31,22.33,18.37,14.84,79.14,0.1313,0.875,121.46
6276,30.11,30.14,15.52,17.9,18.95,27.83,0.1008,0.9264,104.34
6277,38.38,24.89,21.3,22.09,17.55,88.72,0.1842,0.8201,101.87
6278,36.14,45.36,16.19,17.88,15.83,17.17,0.1865,0.8826,115.97
6279,33.64,39.68,19.78,22.66,16.68,93.61,0.1078,0.8935,118.34
6280,43.4,21.0,12.81,20.93,21.78,45.86,0.163,0.8638,103.6
6281,57.84,34.47,21.89,13.07,15.51,32.67,0.1396,0.8934,127.56
6282,54.96,25.09,26.87,18.99,13.66,91.63,0.1849,0.8182,114.19
6283,41.61,50.57,22.93,20.84,18.78,81.73,0.1595,0.8471,131.08
6284,33.76,29.5,23.2,22.83,15.53,71.71,0.1145,0.8934,111.51
6285,42.24,69.3,37.76,17.99,9.59,49.89,0.1546,0.8681,153.54
6286,45.9,56.09,21.99,16.72,15.63,32.81,0.1181,0.9097,142.22
6287,41.63,22.62,26.09,16.58,16.63,16.21,0.1316,0.9187,113.51
6288,45.96,26.81,25.53,20.76,12.18,97.01,0.157,0.8437,110.73
6289,43.55,45.79,26.27,20.12,21.08,47.02,0.1369,0.8849,138.76
6290,42.28,35.79,21.96,17.22,13.13,86.21,0.1564,0.8482,110.59
6291,30.27,31.29,28.83,21.79,13.47,48.93,0.1586,0.8653,108.73
6292,38.96,35.78,30.94,20.82,17.86,56.13,0.1912,0.832,120.11
6293,55.29,33.3,25.33,17.67,16.89,47.24,0.1224,0.897,133.18
6294,43.92,52.37,30.83,17.68,15.57,95.16,0.1685,0.8329,133.57
6295,49.35,31.23,27.7,26.94,16.35,21.04,0.1572,0.8944,135.57
6296,56.09,42.22,25.84,11.4,13.91,4.91,0.1303,0.9497,141.94
6297,30.57,42.14,19.82,13.88,13.55,58.55,0.1554,0.8621,103.41
6298,60.79,57.55,24.38,19.17,11.69,29.41,0.1232,0.9086,157.72
6299,47.78,34.03,29.98,23.94,20.82,33.41,0.1465,0.8874,138.92
6300,49.3,37.27,23.06,16.53,10.95,94.48,0.1829,0.8189,112.27
6301,34.64,40.65,25.39,22.32,14.86,91.12,0.1115,0.8905,122.76
6302,45.79,27.0,19.62,12.95,11.05,8.19,0.1037,0.9501,110.59
6303,33.59,32.85,26.86,18.97,14.5,98.56,0.1045,0.8956,113.54
6304,41.2,24.34,27.32,21.2,16.36,28.54,0.1459,0.8927,116.42
6305,42.69,46.07,36.72,23.44,15.1,9.28,0.1783,0.9098,149.23
6306,38.09,65.5,26.16,22.4,20.65,21.86,0.1065,0.9276,160.3
6307,49.2,16.31,26.51,12.47,16.29,84.93,0.1106,0.8931,107.87
6308,35.84,52.17,24.23,20.04,15.08,88.16,0.1172,0.8857,130.52
6309,23.9,34.39,24.57,17.13,16.98,34.79,0.1439,0.8882,103.88
6310,38.05,57.99,23.49,19.57,13.52,63.32,0.1867,0.8312,126.86
6311,50.03,38.84,31.8,18.74,14.5,22.24,0.1305,0.9108,140.18
6312,59.65,51.61,22.42,22.77,11.16,17.98,0.155,0.9009,151.0
6313,50.53,33.56,30.74,19.88,17.84,96.19,0.107,0.8936,136.32
6314,48.53,35.68,24.57,20.97,16.25,85.39,0.1219,0.882,128.77
6315,36.97,51.45,20.82,20.24,17.41,91.01,0.1078,0.8942,131.34
6316,58.43,93.37,22.2,11.13,19.28,88.33,0.113,0.8898,181.87
6317,45.47,28.34,21.55,20.15,15.12,87.54,0.1281,0.8752,114.34
6318,45.79,36.66,22.33,19.84,14.01,47.82,0.1098,0.9073,125.77
6319,45.03,26.19,18.96,21.95,15.98,77.58,0.1291,0.8777,112.44
6320,30.73,31.81,21.27,21.86,14.72,55.06,0.1115,0.9025,108.66
6321,43.07,28.5,12.6,12.79,12.91,6.52,0.1579,0.9308,102.27
6322,28.36,23.48,25.53,15.65,14.09,14.4,0.1007,0.9402,100.71
6323,46.62,42.88,22.2,20.32,16.32,37.07,0.1705,0.8653,128.35
6324,42.69,37.97,23.89,22.17,12.55,32.99,0.1262,0.9034,125.82
6325,34.94,24.47,20.88,18.74,9.77,58.76,0.1603,0.8576,93.31
6326,49.01,21.97,31.79,22.04,10.57,35.59,0.1476,0.8846,119.76
6327,37.13,49.52,15.59,27.83,16.32,45.77,0.1132,0.9055,132.55
6328,37.33,28.72,29.68,22.0,14.66,42.53,0.1989,0.837,110.81
6329,44.27,85.85,17.14,25.57,15.45,40.13,0.1514,0.8778,165.27
6330,39.87,33.84,21.28,18.91,14.54,49.91,0.1698,0.8551,109.83
6331,41.87,35.62,26.83,22.48,16.22,84.5,0.1889,0.8175,116.92
6332,48.26,31.97,34.75,24.09,17.74,54.76,0.1216,0.8938,140.16
6333,34.09,19.91,28.89,24.17,17.18,82.13,0.1313,0.874,108.6
6334,33.42,19.89,12.09,11.85,10.74,20.02,0.1053,0.9304,81.86
6335,38.14,60.96,26.74,17.69,12.35,55.08,0.1279,0.8882,138.45
6336,39.5,59.77,20.96,23.44,16.24,71.45,0.1713,0.8407,134.43
6337,45.14,23.61,36.99,14.17,12.89,38.25,0.1813,0.8555,113.61
6338,55.53,42.72,26.55,16.72,18.14,81.17,0.1151,0.8898,142.07
6339,39.66,59.64,29.76,22.31,18.94,62.94,0.155,0.8601,146.49
6340,40.29,20.6,20.64,17.05,18.89,1.61,0.1065,0.9779,114.86
6341,34.79,34.84,20.33,15.39,14.62,82.16,0.1701,0.8367,100.38
6342,33.82,28.37,24.75,25.48,16.4,17.85,0.1036,0.9339,120.31
6343,45.42,37.39,21.24,18.01,14.73,85.62,0.1826,0.8231,112.6
6344,40.31,57.31,26.64,15.55,19.55,74.09,0.1261,0.8817,140.51
6345,49.98,41.04,22.76,15.6,15.05,71.22,0.1879,0.8254,119.21
6346,49.11,44.31,24.86,25.01,20.03,69.93,0.1304,0.8793,143.61
6347,46.96,14.41,29.84,21.31,8.11,25.37,0.1262,0.9103,109.81
6348,28.31,46.31,25.16,25.28,13.09,98.9,0.124,0.876,121.01
6349,45.47,34.5,23.66,18.99,13.97,58.97,0.1394,0.8761,119.66
6350,32.52,83.01,21.45,20.36,21.83,57.98,0.1603,0.8581,153.76
6351,24.93,44.48,22.37,16.39,10.85,80.61,0.1345,0.8715,103.72
6352,41.77,30.71,28.54,23.68,15.67,12.64,0.1071,0.9392,131.83
6353,50.86,74.44,24.31,15.87,16.35,86.19,0.1472,0.8571,155.86
6354,45.69,34.01,20.21,27.34,18.35,61.01,0.1314,0.8822,128.45
6355,32.95,39.08,23.01,15.53,13.14,8.86,0.1513,0.9248,114.4
6356,62.37,20.13,29.15,14.63,10.11,53.49,0.133,0.8846,120.65
6357,46.53,27.19,23.4,21.38,18.06,88.82,0.1374,0.8658,118.24
6358,33.27,26.25,12.15,16.96,18.46,91.5,0.1504,0.8521,91.26
6359,23.63,32.54,29.53,17.97,14.49,63.84,0.1153,0.8955,105.82
6360,38.36,21.49,23.77,24.2,14.96,52.94,0.1172,0.8985,110.33
6361,24.29,17.59,28.97,25.98,9.29,50.97,0.1155,0.9009,95.6
6362,31.76,36.52,22.96,20.33,20.6,17.39,0.1334,0.9157,121.03
6363,26.41,19.46,27.4,18.8,18.39,18.99,0.1197,0.9221,101.85
6364,33.97,46.83,27.86,18.66,12.1,70.73,0.1626,0.8491,118.38
6365,35.73,76.98,21.31,21.72,18.04,70.19,0.1013,0.9061,157.47
6366,33.01,38.33,18.34,10.69,8.33,1.16,0.122,0.9796,106.48
6367,58.4,38.88,19.28,19.62,14.22,35.59,0.1802,0.8591,129.2
6368,38.51,14.4,26.02,15.72,14.29,72.67,0.1671,0.844,91.93
6369,50.63,44.93,24.24,21.06,11.51,14.79,0.1942,0.8837,134.64
6370,44.55,33.96,24.9,19.15,14.69,74.92,0.1235,0.8839,121.33
6371,38.34,42.39,27.13,20.39,15.18,37.33,0.1179,0.9066,130.05
6372,36.17,21.91,23.38,20.71,17.4,94.05,0.1264,0.875,104.63
6373,50.81,31.45,22.73,21.65,20.54,93.16,0.1351,0.8667,127.56
6374,31.71,57.27,20.88,16.81,16.49,20.29,0.1017,0.9324,133.49
6375,34.99,25.8,26.87,24.72,21.91,81.53,0.1226,0.8825,118.5
6376,34.87,30.75,33.5,20.53,15.57,34.54,0.1024,0.9206,124.47
6377,40.6,50.21,22.49,20.78,12.62,37.66,0.1946,0.8455,124.03
6378,32.73,46.24,27.23,19.81,12.87,85.71,0.1996,0.8066,112.02
6379,47.49,53.41,31.6,17.71,14.78,52.0,0.1876,0.8383,138.31
6380,48.6,26.3,21.62,22.32,12.82,72.12,0.1521,0.8582,112.99
6381,34.26,32.88,33.78,20.91,17.64,32.65,0.104,0.9206,128.4
6382,44.22,24.44,20.34,28.24,14.55,78.23,0.1869,0.8225,108.41
6383,33.28,23.85,27.77,17.03,15.97,73.34,0.1452,0.8642,101.89
6384,41.43,23.9,19.45,25.61,12.1,95.7,0.1277,0.8733,106.97
6385,49.36,34.44,27.63,19.93,17.22,19.68,0.1899,0.8751,130.02
6386,40.83,66.03,21.72,19.71,13.16,24.91,0.1003,0.9291,150.01
6387,39.16,58.15,13.47,16.5,18.49,99.43,0.1949,0.8049,117.33
6388,58.3,43.43,31.97,21.51,13.17,63.95,0.1369,0.8759,147.49
6389,42.88,24.3,26.03,19.28,13.01,14.36,0.1981,0.8825,110.76
6390,33.26,23.27,22.31,21.93,12.27,73.86,0.1432,0.8658,97.87
6391,32.63,31.18,23.83,16.31,11.06,17.63,0.1207,0.9233,106.2
6392,58.23,41.22,24.04,20.85,19.0,51.13,0.19,0.8369,136.71
6393,34.08,43.75,23.21,20.09,18.97,95.2,0.1692,0.8322,116.59
6394,34.39,38.52,23.05,18.22,17.47,51.91,0.1986,0.8289,109.12
6395,40.21,33.72,24.3,20.43,14.02,60.46,0.1489,0.8669,115.03
6396,45.85,38.13,34.94,19.98,10.28,43.39,0.1965,0.8381,125.03
6397,30.08,28.08,13.6,22.19,17.64,81.2,0.1454,0.8608,96.05
6398,37.77,19.66,14.93,23.51,12.16,20.02,0.1993,0.8682,93.79
6399,29.27,31.17,27.24,22.0,12.67,52.07,0.1852,0.8403,102.82
6400,38.78,37.66,12.08,20.63,15.05,35.82,0.1329,0.8959,111.28
6401,46.57,33.26,22.5,15.84,17.35,85.46,0.1444,0.8601,116.57
6402,37.99,19.02,21.08,17.3,17.03,46.19,0.1824,0.8473,95.25
6403,55.75,32.15,24.81,23.55,17.49,23.56,0.1686,0.8828,135.73
6404,33.23,27.39,21.87,21.7,10.72,89.4,0.1273,0.8755,100.6
6405,41.74,59.73,24.26,18.45,14.55,54.76,0.1713,0.8505,134.99
6406,50.46,43.82,21.1,23.53,16.34,84.02,0.1361,0.8687,134.87
6407,48.07,10.49,18.71,17.4,10.2,38.91,0.1515,0.8787,92.16
6408,61.14,35.72,23.67,16.59,14.8,95.87,0.1849,0.8164,124.02
6409,42.59,22.21,27.55,24.01,15.02,68.94,0.1556,0.8565,112.53
6410,32.84,19.57,28.15,25.39,11.37,95.55,0.1089,0.892,104.65
6411,40.67,14.01,25.9,18.01,15.84,27.99,0.1062,0.9224,105.55
6412,33.29,49.7,31.38,22.91,17.16,60.43,0.131,0.8829,136.35
6413,40.96,52.49,25.43,23.48,14.04,18.51,0.1575,0.8984,140.51
6414,49.87,19.21,29.11,20.55,19.5,6.07,0.1753,0.9256,127.95
6415,45.57,54.76,23.68,19.22,17.47,15.56,0.1246,0.924,148.5
6416,39.16,81.16,27.29,17.59,13.48,74.0,0.1644,0.8459,151.14
6417,34.5,32.22,34.8,20.61,16.63,86.63,0.1365,0.8674,120.37
6418,42.6,24.39,25.89,18.98,9.52,7.18,0.1707,0.9221,111.91
6419,44.24,33.99,30.99,24.24,19.95,36.79,0.1597,0.874,134.09
6420,29.97,55.86,25.05,24.36,16.49,52.86,0.1015,0.9122,138.41
6421,31.85,59.25,18.73,19.8,16.06,46.17,0.1769,0.852,124.12
6422,37.68,34.51,25.79,22.11,12.72,7.18,0.166,0.9242,122.76
6423,29.35,24.23,27.67,21.65,11.4,28.5,0.1864,0.863,98.64
6424,25.51,38.57,29.25,26.26,17.79,46.29,0.1729,0.8552,117.49
6425,31.75,33.66,21.59,20.01,16.38,3.73,0.1544,0.9479,116.97
6426,43.06,36.71,43.83,21.6,16.01,56.64,0.1407,0.8762,141.25
6427,40.82,29.98,30.4,19.47,17.04,73.95,0.1266,0.8813,121.37
6428,36.44,37.79,31.28,22.53,13.44,21.21,0.1931,0.87,123.09
6429,32.51,16.61,29.4,18.14,14.59,48.56,0.1739,0.8526,94.85
6430,42.95,40.4,20.8,15.29,15.25,43.73,0.1923,0.8413,113.32
6431,42.53,55.14,22.91,27.98,12.34,33.67,0.1185,0.9088,146.22
6432,49.94,32.44,27.81,17.31,16.44,71.31,0.1669,0.8448,121.61
6433,19.91,36.81,15.77,15.25,14.29,76.6,0.112,0.8942,91.24
6434,26.03,18.41,22.63,21.77,14.45,26.64,0.1434,0.8967,92.62
6435,47.51,43.1,22.48,20.22,15.56,99.0,0.1762,0.8238,122.63
6436,43.79,50.71,28.03,15.7,15.29,48.28,0.1823,0.8457,129.83
6437,47.47,67.47,20.03,20.62,15.13,96.28,0.1262,0.8746,149.32
6438,32.86,13.54,35.05,17.65,9.42,9.66,0.1433,0.9264,100.54
6439,36.89,43.24,41.13,15.02,14.29,83.83,0.1543,0.8512,128.16
6440,29.78,17.45,27.17,21.88,14.99,58.53,0.1325,0.8824,98.19
6441,21.32,40.93,31.22,20.42,11.91,95.61,0.1263,0.8747,110.04
6442,41.12,28.04,27.48,22.54,12.94,65.18,0.1861,0.8306,109.73
6443,51.33,42.76,22.3,16.77,20.41,68.91,0.1331,0.8773,134.72
6444,38.66,41.58,20.31,23.41,16.75,64.61,0.1436,0.8695,122.36
6445,34.27,36.18,26.71,16.13,14.64,17.47,0.1531,0.903,115.53
6446,31.04,29.16,21.63,20.18,12.41,61.38,0.1441,0.8707,99.62
6447,48.91,37.34,30.07,18.2,14.78,41.04,0.1862,0.8488,126.73
6448,40.65,50.95,21.78,16.54,21.31,72.55,0.122,0.8862,134.01
6449,40.97,38.95,26.1,22.4,13.97,34.81,0.1169,0.9092,129.46
6450,28.45,48.02,20.71,22.06,14.57,75.35,0.169,0.8409,112.51
6451,32.67,20.08,20.37,19.09,9.87,96.01,0.185,0.8162,83.32
6452,45.88,35.91,32.22,19.21,11.97,12.72,0.1996,0.8865,128.71
6453,35.79,28.84,22.69,20.16,14.36,53.98,0.1787,0.8446,102.9
6454,34.79,47.77,22.97,20.33,15.7,65.35,0.1425,0.8702,123.19
6455,60.08,43.28,21.77,16.46,21.46,41.6,0.1541,0.8744,142.57
6456,40.56,28.5,22.49,18.96,13.64,81.05,0.1039,0.9005,111.79
6457,38.62,37.22,24.46,16.53,14.61,88.29,0.1842,0.8203,107.83
6458,38.91,33.09,14.88,22.29,16.1,54.14,0.1628,0.8582,107.51
6459,34.58,40.95,29.07,10.83,14.41,45.52,0.1251,0.8957,116.28
6460,39.42,40.24,26.97,19.52,16.43,73.64,0.1676,0.843,120.2
6461,55.52,35.97,29.39,22.66,18.39,12.83,0.121,0.931,150.76
6462,43.3,20.5,31.48,20.76,20.3,60.69,0.1746,0.8438,115.04
6463,27.24,63.39,25.73,17.23,7.92,25.54,0.1204,0.9143,129.38
6464,36.5,53.39,25.52,9.65,11.25,95.51,0.1322,0.8688,118.42
6465,40.83,36.27,27.98,21.37,13.95,59.09,0.1766,0.8429,118.35
6466,27.95,43.07,18.42,23.77,15.86,88.76,0.1927,0.8118,104.79
6467,36.26,44.51,23.21,19.47,13.36,29.68,0.1078,0.9199,125.85
6468,32.31,26.55,29.89,23.38,13.97,52.04,0.175,0.8491,107.07
6469,36.83,57.52,29.32,20.87,16.21,22.8,0.1563,0.8924,143.46
6470,40.56,15.53,36.0,19.93,9.46,78.26,0.1585,0.8495,103.19
6471,45.59,17.7,24.62,21.86,11.64,48.08,0.1211,0.8976,108.98
6472,30.77,26.3,31.08,20.06,17.79,15.11,0.1347,0.9187,115.75
6473,39.31,40.03,24.71,25.03,12.9,18.29,0.1863,0.8803,124.98
6474,37.38,36.91,19.5,22.56,20.06,77.97,0.121,0.8852,120.76
6475,38.24,36.03,25.88,20.22,15.75,9.78,0.1943,0.8997,122.47
6476,33.44,34.01,23.9,27.23,19.98,48.41,0.1412,0.8804,122.01
6477,39.62,30.79,22.89,17.88,18.96,26.87,0.1582,0.8857,115.26
6478,43.95,21.01,19.63,21.97,14.05,92.52,0.1388,0.8632,104.11
6479,28.87,20.18,23.71,22.15,10.5,24.14,0.1447,0.8987,94.72
6480,53.83,20.94,20.8,24.13,16.35,17.64,0.1561,0.9008,122.56
6481,47.53,22.6,34.92,21.44,14.16,45.64,0.1992,0.8338,117.28
6482,27.4,19.88,29.54,19.14,14.5,67.58,0.1979,0.8183,90.38
6483,51.57,19.71,19.16,19.83,14.03,69.29,0.1909,0.8237,102.39
6484,52.12,31.37,22.02,21.94,11.13,64.94,0.1011,0.9081,125.83
6485,35.98,53.39,23.03,28.76,16.47,32.68,0.16,0.8778,138.36
6486,41.65,41.74,23.96,14.03,12.8,3.58,0.194,0.9359,125.57
6487,40.72,24.16,20.81,23.97,12.43,66.11,0.1363,0.8755,106.9
6488,28.98,26.56,24.45,24.25,14.25,90.16,0.1531,0.85,100.71
6489,48.22,74.75,30.08,23.34,18.22,32.45,0.1498,0.8858,172.38
6490,24.95,28.67,23.16,20.26,14.65,16.01,0.1316,0.919,102.63
6491,42.32,22.66,19.04,18.3,11.93,30.81,0.1224,0.9081,103.75
6492,52.54,31.19,14.91,18.1,15.35,55.98,0.1196,0.895,118.22
6493,26.49,27.87,15.2,23.83,18.84,77.01,0.1821,0.8277,92.89
6494,37.66,24.85,26.42,23.51,17.46,68.38,0.1592,0.8534,110.86
6495,49.12,35.49,25.63,13.73,9.62,56.91,0.1513,0.8667,115.78
6496,43.22,58.09,23.99,16.68,15.63,87.87,0.1138,0.8891,140.13
6497,46.67,20.64,22.09,19.5,18.74,77.07,0.1583,0.8502,108.52
6498,34.5,40.88,22.88,18.0,15.41,20.81,0.1084,0.9274,122.11
6499,32.47,51.96,26.3,22.69,10.31,73.7,0.1022,0.9043,129.98
6500,38.4,41.91,22.03,17.97,10.2,26.79,0.1692,0.8778,114.57
6501,42.12,52.94,25.24,31.24,12.3,98.66,0.1909,0.8092,132.6
6502,44.8,43.39,23.74,18.19,10.83,28.98,0.1314,0.903,127.27
6503,43.56,26.48,25.49,16.54,11.38,7.94,0.1606,0.9236,114.01
6504,47.83,71.79,14.09,24.17,10.75,63.88,0.1263,0.8856,149.33
6505,40.93,43.09,29.05,19.02,14.32,62.95,0.1248,0.8874,129.92
6506,31.62,87.28,26.39,23.6,13.41,76.22,0.1293,0.878,160.05
6507,29.16,16.62,22.63,25.29,14.53,81.02,0.1792,0.8285,89.67
6508,46.07,91.05,23.42,24.28,16.7,97.36,0.1396,0.8609,173.49
6509,48.05,49.44,27.64,18.27,11.17,76.57,0.184,0.8261,127.7
6510,55.77,42.25,24.35,13.86,19.87,85.52,0.1858,0.8201,128.02
6511,59.39,24.2,28.03,26.59,17.66,93.73,0.1451,0.8566,133.52
6512,47.78,47.08,25.57,14.72,9.37,26.51,0.1516,0.8909,128.74
6513,42.93,56.52,29.65,28.15,15.99,19.42,0.1459,0.9044,156.68
6514,36.64,17.33,20.17,19.48,13.34,55.42,0.1176,0.897,95.94
6515,33.01,43.97,25.63,18.94,15.5,36.88,0.1687,0.8669,118.8
6516,40.53,27.03,16.1,17.94,16.14,5.04,0.1876,0.9267,109.11
6517,39.16,44.1,20.17,20.31,13.38,81.82,0.1697,0.8372,114.8
6518,55.24,23.18,18.23,17.44,14.14,23.21,0.1945,0.8654,110.98
6519,44.69,58.2,24.21,21.79,13.09,45.63,0.1581,0.8681,140.61
6520,38.16,33.9,23.32,19.7,15.78,77.5,0.1625,0.8461,110.71
6521,32.95,47.24,21.94,15.66,14.45,58.6,0.1969,0.8252,109.13
6522,44.27,51.52,18.32,16.2,15.98,97.98,0.1622,0.8382,122.62
6523,41.1,39.45,16.66,18.82,14.11,83.9,0.1978,0.8092,105.31
6524,36.39,24.72,19.31,11.24,9.9,83.75,0.1654,0.8405,85.37
6525,34.51,45.09,29.36,13.69,14.57,79.9,0.1479,0.8589,117.84
6526,44.39,33.68,25.14,25.02,16.73,75.13,0.1501,0.8587,124.49
6527,36.74,37.76,20.36,24.86,17.92,58.67,0.144,0.8722,120.04
6528,37.41,30.25,24.51,23.75,9.63,77.62,0.1111,0.8947,112.33
6529,36.12,17.11,26.29,22.71,14.96,61.02,0.1029,0.9078,106.39
6530,62.68,35.83,25.52,21.9,18.32,43.64,0.1858,0.8467,139.06
6531,41.26,27.55,22.29,21.86,13.31,53.18,0.1619,0.8596,108.55
6532,33.41,39.46,22.3,17.38,18.69,54.84,0.1868,0.8369,109.84
6533,19.42,34.5,22.65,24.18,8.48,98.52,0.1187,0.8814,96.27
6534,26.88,28.35,31.04,16.23,12.1,49.08,0.1703,0.8553,98.02
6535,37.66,82.17,27.96,30.13,11.27,77.09,0.1909,0.8194,155.02
6536,53.56,30.89,31.45,17.97,15.14,59.88,0.1171,0.8955,133.44
6537,58.29,36.14,25.58,16.23,13.84,47.72,0.1293,0.8909,133.71
6538,38.09,74.2,20.06,33.14,18.45,88.53,0.145,0.8585,157.9
6539,42.91,23.38,31.47,15.74,17.83,66.35,0.1234,0.8872,116.53
6540,38.68,48.98,23.35,23.2,13.58,84.51,0.1819,0.8243,121.82
6541,43.64,25.96,19.43,21.4,17.11,91.5,0.162,0.8407,107.22
6542,38.08,31.91,20.17,22.62,12.36,70.22,0.113,0.8953,112.03
6543,35.54,41.01,28.45,24.63,17.51,20.79,0.1024,0.9315,137.06
6544,34.75,55.36,25.69,23.21,9.38,85.72,0.1837,0.822,121.97
6545,45.68,23.25,21.37,13.88,22.91,10.4,0.1057,0.9441,119.99
6546,50.42,38.77,21.33,21.37,16.65,13.08,0.1203,0.9309,138.28
6547,36.41,26.0,38.51,21.25,20.18,43.79,0.1659,0.863,122.84
6548,45.82,45.3,27.24,23.1,17.29,6.06,0.1776,0.9246,146.78
6549,41.25,51.58,24.09,19.98,12.61,5.79,0.191,0.9206,137.64
6550,36.94,45.72,27.25,16.68,5.41,99.22,0.1091,0.8908,117.59
6551,45.43,25.36,15.48,16.43,12.76,70.67,0.1985,0.8158,94.2
6552,50.78,22.52,20.19,19.54,16.99,78.1,0.1307,0.876,113.9
6553,33.41,32.67,20.93,15.17,10.13,86.79,0.1124,0.8908,100.05
6554,37.42,21.42,31.59,17.78,20.84,4.84,0.1533,0.9413,121.47
6555,51.73,42.99,15.1,18.09,14.42,43.17,0.1986,0.8366,119.08
6556,39.66,61.6,20.27,18.96,21.88,85.45,0.1467,0.858,139.31
6557,33.64,25.55,25.2,29.51,13.18,75.7,0.1838,0.8268,105.06
6558,41.36,43.15,22.7,16.17,16.75,13.12,0.126,0.9275,129.97
6559,40.07,25.49,20.09,9.05,16.64,93.91,0.1192,0.8821,98.22
6560,48.44,57.85,23.6,21.37,10.17,83.63,0.1034,0.9003,145.34
6561,39.65,52.46,33.12,16.7,16.21,40.54,0.1292,0.8955,141.61
6562,39.92,33.9,29.32,24.58,16.67,93.58,0.1335,0.8681,125.33
6563,39.59,47.53,16.73,19.35,17.22,80.99,0.1264,0.8791,123.43
6564,41.34,48.92,25.39,20.38,18.81,15.07,0.1204,0.9274,143.6
6565,52.13,21.72,16.16,14.65,10.28,38.43,0.1795,0.8568,98.49
6566,45.8,42.66,26.35,20.25,16.6,39.27,0.1588,0.8725,132.33
6567,31.66,27.29,29.6,25.12,11.33,93.68,0.1286,0.8729,109.12
6568,42.25,36.78,18.15,23.53,11.93,47.14,0.1789,0.8495,112.69
6569,42.77,30.5,26.88,20.73,11.7,51.41,0.1247,0.8928,118.36
6570,43.01,35.41,32.58,15.09,15.67,17.12,0.122,0.9233,130.88
6571,28.16,50.58,14.08,21.97,17.04,27.27,0.179,0.8701,114.7
6572,41.17,22.15,25.5,21.54,14.1,28.76,0.1979,0.8542,106.31
6573,35.46,17.39,25.72,25.15,14.88,84.26,0.1955,0.8113,96.22
6574,28.02,29.26,24.47,21.2,10.28,40.6,0.1759,0.8576,97.11
6575,49.67,54.46,19.72,22.3,15.99,37.5,0.198,0.843,136.7
6576,37.74,24.43,26.47,18.5,13.51,56.27,0.1805,0.8413,101.51
6577,37.86,28.48,22.98,17.74,11.77,26.37,0.1177,0.9154,108.78
6578,47.06,55.82,26.22,21.91,7.4,5.35,0.1978,0.9206,145.82
6579,48.19,60.9,21.4,21.03,11.9,55.15,0.1831,0.8399,137.25
6580,38.01,46.17,25.16,21.1,14.21,38.32,0.1309,0.8956,129.55
6581,40.23,41.21,38.26,20.55,16.65,47.09,0.1653,0.861,135.1
6582,31.92,52.24,17.27,11.75,11.9,66.53,0.1008,0.9078,113.55
6583,32.46,29.64,10.51,22.39,13.96,87.23,0.1659,0.8386,91.37
6584,50.38,46.17,25.66,22.71,19.48,33.2,0.1661,0.8726,143.46
6585,40.36,25.44,23.38,17.62,18.47,88.07,0.1741,0.8302,104.0
6586,47.76,66.87,23.99,22.74,13.37,63.8,0.1866,0.831,145.2
6587,38.68,53.12,19.8,19.35,13.52,93.98,0.1499,0.8518,123.06
6588,43.36,45.55,26.9,20.48,20.54,56.14,0.1886,0.8343,130.85
6589,26.05,30.52,32.12,17.25,15.49,75.73,0.1952,0.8161,99.11
6590,46.89,46.19,21.4,19.9,13.97,4.8,0.1296,0.9505,141.01
6591,39.77,34.74,29.85,13.62,14.69,6.74,0.1787,0.9206,122.14
6592,36.24,28.02,26.38,18.83,12.27,9.55,0.1214,0.9379,114.18
6593,45.03,44.23,27.07,27.34,10.72,86.85,0.14,0.8639,133.39
6594,47.95,16.35,25.85,20.66,14.03,17.76,0.1113,0.9291,115.99
6595,36.75,49.9,22.76,18.71,18.65,20.29,0.1603,0.8936,131.15
6596,30.43,23.18,28.33,18.58,14.36,7.19,0.1632,0.9255,106.32
6597,53.32,46.92,22.21,17.28,14.26,86.59,0.1204,0.8831,135.99
6598,38.27,19.28,29.9,20.51,16.83,9.56,0.1573,0.9195,114.74
6599,24.65,29.66,30.69,16.02,15.36,68.2,0.1869,0.8281,96.37
6600,36.62,41.97,23.99,23.07,10.44,36.39,0.1359,0.8931,121.55
6601,43.6,49.58,19.69,23.43,15.97,29.7,0.1363,0.8987,136.84
6602,39.35,26.55,24.9,22.76,9.46,82.25,0.1937,0.814,100.14
6603,38.97,24.17,30.59,23.91,18.69,36.56,0.1492,0.8825,120.31
6604,37.18,52.67,22.5,23.78,16.55,3.72,0.1838,0.9381,143.23
6605,36.63,74.88,25.65,21.3,16.4,21.14,0.1906,0.8718,152.44
6606,29.78,24.32,23.82,25.37,21.31,43.02,0.1498,0.8769,109.27
6607,29.62,12.3,23.07,21.93,11.68,11.7,0.1885,0.896,88.34
6608,42.91,64.31,33.25,17.66,17.09,11.44,0.1804,0.9012,157.92
6609,49.84,33.0,29.6,19.75,15.57,21.69,0.1299,0.9119,134.75
6610,37.79,24.37,21.05,23.57,16.67,54.5,0.1189,0.8963,110.64
6611,51.09,35.82,14.84,21.88,13.73,71.14,0.1595,0.8519,117.01
6612,48.79,76.19,27.33,17.9,16.56,66.51,0.1499,0.8629,161.15
6613,38.94,45.53,20.77,20.2,14.72,1.41,0.1802,0.9656,135.35
6614,45.1,47.83,26.24,16.93,18.01,45.35,0.1907,0.8411,129.63
6615,43.91,37.34,23.85,23.27,15.84,44.3,0.1682,0.8607,124.13
6616,35.96,42.36,31.38,25.35,17.86,23.19,0.1987,0.8625,131.89
6617,22.74,69.01,24.17,13.71,12.96,59.96,0.1252,0.8882,126.65
6618,41.11,24.39,26.07,21.66,13.56,26.51,0.1267,0.9088,115.22
6619,45.61,47.44,35.93,15.73,11.63,98.93,0.1047,0.8953,139.97
6620,35.57,34.52,30.89,14.44,18.83,69.77,0.1169,0.8919,119.74
6621,56.06,34.13,16.11,25.22,20.41,91.77,0.1704,0.8324,126.46
6622,48.26,22.14,23.58,24.51,12.69,6.83,0.1506,0.9327,122.35
6623,28.22,41.42,22.27,20.86,15.77,38.7,0.1372,0.8903,114.45
6624,38.44,44.18,27.89,17.99,19.09,9.2,0.1767,0.9109,134.44
6625,33.28,32.48,22.17,18.87,15.42,63.62,0.1708,0.8454,103.32
6626,37.06,62.44,17.28,17.56,15.44,15.7,0.1099,0.9328,139.72
6627,45.23,36.19,25.54,27.94,12.52,29.26,0.1709,0.8734,128.76
6628,37.99,14.97,29.78,27.8,15.31,51.15,0.1446,0.8759,110.23
6629,35.44,43.61,24.25,23.3,12.05,94.85,0.1187,0.8824,122.34
6630,40.75,21.98,23.9,20.3,19.5,94.12,0.1642,0.8376,105.89
6631,46.08,61.97,24.55,15.08,8.16,49.07,0.1136,0.9035,140.8
6632,46.0,74.13,21.19,19.17,11.35,39.54,0.1992,0.8399,144.31
6633,44.92,52.36,23.85,20.08,15.67,34.45,0.1881,0.8542,134.02
6634,50.96,34.99,23.51,17.29,11.0,95.99,0.1236,0.8772,120.84
6635,39.28,44.51,28.01,25.48,9.23,74.72,0.1592,0.8504,124.59
6636,37.11,25.95,30.95,27.46,22.8,56.13,0.1952,0.8285,119.54
6637,38.76,44.72,28.72,19.4,16.79,10.15,0.1887,0.9012,133.72
6638,33.52,25.47,22.86,24.13,14.27,15.73,0.1372,0.9161,110.16
6639,33.34,74.23,15.67,21.21,16.52,85.76,0.1621,0.8429,135.68
6640,45.91,23.59,23.86,17.02,16.27,96.28,0.1722,0.8288,104.97
6641,46.64,18.17,28.2,24.68,12.92,81.15,0.1128,0.892,116.51
6642,18.83,32.77,29.86,26.33,14.09,43.56,0.1511,0.8754,106.7
6643,47.52,44.36,23.82,22.26,14.19,24.91,0.1742,0.8769,133.42
6644,36.71,88.44,22.1,18.27,13.82,14.39,0.1033,0.9387,168.34
6645,34.94,26.2,18.97,23.3,13.67,15.86,0.1211,0.9257,108.39
6646,37.38,35.89,29.07,19.05,17.4,37.31,0.1474,0.8833,122.59
6647,29.9,34.99,17.36,23.61,14.4,74.68,0.1669,0.8432,101.4
6648,38.66,22.97,29.45,25.95,17.8,72.18,0.1992,0.8143,109.78
6649,55.32,23.45,22.1,17.46,12.68,44.95,0.1888,0.8431,110.45
6650,27.62,16.46,19.16,22.4,16.35,38.19,0.1718,0.8632,88.04
6651,44.95,64.48,31.97,18.9,9.07,39.88,0.1303,0.895,151.59
6652,47.8,25.47,18.79,24.72,16.5,80.38,0.1964,0.8124,108.27
6653,44.66,15.2,17.81,20.22,17.58,14.85,0.1744,0.8953,103.39
6654,52.27,29.98,34.88,26.12,11.53,14.41,0.1677,0.9004,139.37
6655,47.85,56.98,27.97,29.98,15.75,11.37,0.1863,0.8983,160.38
6656,45.37,43.02,27.02,16.86,17.27,91.54,0.1552,0.8474,126.72
6657,48.3,42.94,26.12,21.36,14.14,7.34,0.1482,0.9317,142.43
6658,47.94,66.88,21.6,24.88,17.64,68.6,0.1027,0.9054,162.0
6659,37.21,53.1,22.49,19.28,12.9,48.56,0.1556,0.8681,125.86
6660,45.05,12.29,33.67,22.63,15.86,13.4,0.1755,0.8984,116.34
6661,37.82,28.92,24.54,18.53,15.18,44.52,0.1065,0.9117,113.95
6662,29.33,41.64,21.7,13.83,15.39,29.54,0.1911,0.8581,104.6
6663,54.69,37.75,31.69,23.0,18.31,45.95,0.1736,0.8549,141.44
6664,35.57,43.71,21.27,23.06,15.28,89.71,0.1642,0.8393,116.57
6665,48.76,102.38,27.35,16.88,13.65,20.34,0.1881,0.875,182.89
6666,44.28,23.75,31.91,18.64,20.27,30.01,0.123,0.9082,126.11
6667,32.83,14.23,24.08,19.36,20.11,82.42,0.1563,0.8498,94.0
6668,33.79,13.22,14.1,22.84,20.93,61.66,0.1549,0.8609,90.29
6669,43.18,50.6,29.41,24.02,18.55,18.24,0.1118,0.9282,153.86
6670,43.2,32.83,31.39,22.12,17.18,92.95,0.1417,0.8603,126.22
6671,36.99,19.29,25.1,15.66,19.06,49.32,0.1855,0.8422,97.78
6672,27.34,31.86,23.91,18.84,13.24,94.63,0.1861,0.8157,93.96
6673,46.43,28.88,24.91,19.27,12.6,2.8,0.1845,0.9465,125.03
6674,16.6,30.38,25.46,18.93,10.63,42.32,0.1087,0.9111,92.94
6675,42.79,16.28,23.27,23.93,12.9,43.74,0.1294,0.8932,106.44
6676,49.06,44.37,33.8,25.27,14.36,32.08,0.1691,0.8716,145.43
6677,25.21,46.64,26.0,23.92,10.42,26.95,0.1022,0.9261,122.42
6678,41.28,36.85,25.1,25.66,15.08,21.76,0.1271,0.9138,131.56
6679,36.93,33.95,28.9,20.32,12.06,60.41,0.1318,0.8822,116.59
6680,41.56,37.6,22.9,18.05,8.65,94.18,0.1873,0.8147,104.9
6681,47.82,35.7,23.78,15.42,7.32,74.11,0.1991,0.8133,105.76
6682,29.23,17.2,27.51,18.83,11.43,28.01,0.1415,0.8965,93.42
6683,38.21,25.03,24.81,16.79,13.25,57.22,0.1633,0.8559,101.07
6684,38.68,38.13,28.76,27.4,18.58,69.39,0.1558,0.8561,129.74
6685,24.41,26.08,23.45,23.48,11.63,50.69,0.1972,0.8311,90.63
6686,44.59,49.84,27.08,16.35,21.73,59.62,0.1905,0.8302,132.49
6687,53.03,20.38,29.04,19.32,17.07,58.97,0.1481,0.8684,120.56
6688,45.36,89.55,30.1,17.78,14.83,70.17,0.1628,0.8492,167.82
6689,41.04,80.23,15.09,17.5,12.55,44.09,0.1021,0.9156,152.36
6690,47.09,31.25,26.5,18.53,13.84,72.79,0.143,0.8665,118.89
6691,35.24,19.23,29.22,18.72,12.12,88.19,0.148,0.8557,98.01
6692,32.95,28.24,20.18,18.34,14.06,29.07,0.1014,0.925,105.25
6693,44.11,56.87,30.38,20.23,13.36,31.2,0.1143,0.9139,150.75
6694,41.83,30.56,26.05,18.84,16.98,38.15,0.1543,0.8771,117.77
6695,42.51,40.98,22.84,24.64,10.95,21.0,0.1767,0.8814,125.08
6696,33.13,35.73,27.14,20.14,15.83,96.61,0.1906,0.8104,106.95
6697,27.96,44.0,29.12,20.0,14.53,49.57,0.1086,0.9075,123.07
6698,31.69,42.76,14.23,18.28,13.83,31.4,0.1419,0.8928,107.85
6699,33.18,31.09,33.1,19.53,8.04,60.28,0.1711,0.8471,105.83
6700,23.67,62.59,15.25,14.92,13.43,77.62,0.1745,0.8346,108.39
6701,43.8,42.91,19.48,18.98,14.83,33.35,0.1079,0.9171,128.4
6702,29.69,56.15,32.13,24.92,16.2,18.46,0.1351,0.9129,145.23
6703,29.24,31.74,29.62,17.2,16.42,95.26,0.1109,0.89,110.56
6704,37.9,32.75,22.75,21.34,17.6,99.5,0.1581,0.8417,111.39
6705,32.75,102.27,30.14,24.9,14.7,28.49,0.1535,0.8872,181.66
6706,27.38,34.48,26.71,21.13,14.8,48.71,0.1006,0.9147,113.89
6707,28.26,57.79,26.17,18.69,14.34,3.73,0.1384,0.9533,138.47
6708,44.28,19.55,10.56,22.59,16.66,81.53,0.1273,0.878,99.78
6709,37.31,40.38,19.85,19.89,14.9,4.78,0.1814,0.9309,123.2
6710,27.89,29.73,23.16,23.53,17.34,77.08,0.1922,0.8181,99.52
6711,51.65,64.77,13.23,21.28,17.83,28.46,0.1386,0.8982,151.58
6712,34.31,26.71,28.87,13.62,17.5,93.58,0.124,0.8775,106.18
6713,44.24,29.48,24.7,17.84,13.72,25.7,0.1789,0.8724,113.4
6714,39.14,44.13,31.6,20.97,9.41,99.91,0.1981,0.8015,116.42
6715,40.78,22.98,22.43,24.24,15.45,14.64,0.1321,0.9211,115.96
6716,40.17,36.83,17.94,23.19,15.64,89.92,0.105,0.8972,120.02
6717,28.97,27.51,20.05,23.68,9.08,17.06,0.1726,0.8915,97.45
6718,57.95,37.02,26.53,19.36,19.34,82.73,0.1732,0.8335,133.53
6719,33.92,33.74,30.52,17.45,16.38,30.06,0.1334,0.9005,118.87
6720,46.6,72.94,25.13,17.71,19.34,45.04,0.1564,0.87,158.09
6721,33.67,42.12,29.96,17.2,15.44,52.74,0.1082,0.9064,125.43
6722,31.16,20.76,24.96,28.78,15.76,90.2,0.1675,0.8359,101.49
6723,50.95,24.23,28.16,27.34,16.14,17.71,0.171,0.8912,130.85
6724,52.45,29.38,33.6,15.23,13.6,94.67,0.1204,0.8807,127.06
6725,43.63,26.45,27.73,21.65,11.49,22.2,0.1793,0.8776,114.93
6726,46.46,61.75,21.34,19.52,11.16,65.73,0.1032,0.9058,145.13
6727,29.97,28.0,26.33,18.82,21.84,71.3,0.1816,0.8312,103.86
6728,45.28,34.48,25.51,22.49,14.41,82.51,0.1865,0.8208,116.68
6729,45.19,44.52,23.2,18.04,11.45,97.79,0.106,0.8943,127.34
6730,43.51,106.87,21.01,18.13,20.35,6.92,0.1884,0.9154,192.1
6731,53.17,33.01,36.16,22.03,18.91,78.26,0.1728,0.8359,136.49
6732,21.76,68.03,23.68,25.39,18.36,38.66,0.1333,0.8935,140.47
6733,38.57,29.45,13.3,28.23,8.77,70.56,0.1029,0.9046,107.03
6734,51.86,51.72,21.82,22.16,18.96,28.38,0.1946,0.8572,142.73
6735,31.1,25.04,21.15,16.59,10.59,94.46,0.138,0.8634,90.2
6736,45.2,48.22,23.76,22.97,14.56,75.26,0.1654,0.8443,130.62
6737,36.11,30.16,17.51,18.52,14.45,41.75,0.1246,0.8984,104.88
6738,40.71,50.41,22.26,20.1,16.6,96.55,0.1945,0.8066,121.05
6739,31.54,48.32,26.26,26.33,15.5,78.76,0.1194,0.8865,131.15
6740,58.1,44.97,18.3,25.69,13.4,71.83,0.12,0.8883,142.54
6741,30.82,41.54,30.86,23.67,20.14,82.89,0.1873,0.8199,120.55
6742,38.96,28.92,25.21,26.73,20.13,65.35,0.1089,0.9008,126.06
6743,37.92,46.77,25.85,10.73,16.07,47.99,0.1847,0.8439,115.9
6744,48.59,18.44,23.0,17.31,14.61,29.28,0.116,0.9141,111.48
6745,40.56,97.2,26.12,22.68,19.54,11.43,0.1697,0.9071,186.95
6746,27.39,45.29,28.84,19.93,18.17,41.33,0.1373,0.8883,124.02
6747,34.85,43.48,26.19,24.63,11.19,47.62,0.1345,0.8865,124.42
6748,22.7,42.28,30.66,15.34,21.68,94.41,0.1757,0.8261,109.59
6749,40.58,25.99,25.7,24.91,12.12,62.39,0.1715,0.8455,109.32
6750,54.25,27.57,29.19,22.2,13.64,5.95,0.1357,0.9429,138.46
6751,38.41,38.54,27.13,20.6,10.55,3.32,0.1138,0.9638,130.33
6752,42.72,28.81,14.58,13.54,13.44,84.34,0.1364,0.8683,98.19
6753,48.82,21.79,20.59,28.97,18.54,59.64,0.1645,0.8534,118.36
6754,34.47,33.89,20.87,15.38,15.09,56.76,0.1001,0.9118,109.15
6755,48.8,40.27,21.0,14.55,15.65,36.33,0.1858,0.854,119.79
6756,55.3,34.83,19.61,22.61,12.57,72.09,0.195,0.8183,118.59
6757,25.8,53.32,30.66,24.56,17.11,83.48,0.1877,0.8191,124.07
6758,49.1,37.36,32.57,19.63,9.24,89.78,0.1647,0.8388,124.05
6759,28.14,65.99,16.79,16.7,14.0,44.95,0.1457,0.8789,124.48
6760,33.8,88.05,28.96,18.24,14.56,9.24,0.1078,0.9455,173.61
6761,49.05,33.19,27.98,21.77,14.01,86.93,0.1723,0.8326,121.56
6762,42.58,22.41,36.12,17.76,15.76,68.62,0.1396,0.8713,117.3
6763,36.33,22.15,24.61,25.02,10.44,71.92,0.1289,0.8799,104.32
6764,57.87,34.32,17.27,16.85,17.69,94.42,0.133,0.8683,125.03
6765,37.36,48.24,17.25,13.72,11.77,23.73,0.1029,0.9283,119.13
6766,48.77,30.45,30.59,26.38,20.74,81.2,0.1546,0.852,133.71
6767,37.56,35.37,20.75,17.31,16.12,43.81,0.1762,0.8545,108.61
6768,43.66,28.43,28.6,22.04,16.85,93.89,0.1821,0.82,114.45
6769,43.94,30.83,24.86,22.21,12.98,33.42,0.1825,0.8598,115.91
6770,40.64,36.56,29.44,17.43,13.55,58.08,0.1073,0.905,124.55
6771,28.65,51.71,17.26,22.53,18.98,66.8,0.1932,0.8231,114.52
6772,42.22,50.83,25.34,18.33,10.74,5.01,0.1863,0.9275,136.76
6773,35.36,14.31,28.94,17.25,14.98,64.75,0.1113,0.8988,99.63
6774,36.34,45.93,28.45,19.82,15.05,69.65,0.1078,0.9004,131.09
6775,44.75,45.36,29.81,27.03,16.37,83.02,0.1871,0.8199,133.91
6776,44.2,33.79,16.59,21.27,15.71,33.39,0.1936,0.8513,111.99
6777,33.95,30.58,24.42,23.72,16.39,72.24,0.1534,0.857,110.61
6778,41.74,44.58,24.86,20.33,13.32,82.3,0.144,0.8617,124.8
6779,40.16,36.89,32.33,17.92,22.64,82.21,0.1701,0.8367,125.45
6780,33.11,31.94,38.72,21.4,15.03,24.74,0.1702,0.88,123.37
6781,33.6,83.43,32.19,19.47,18.12,95.52,0.1686,0.8327,155.55
6782,33.73,42.94,29.48,18.25,18.13,73.05,0.1891,0.8232,117.33
6783,39.91,28.3,27.24,23.07,7.08,69.58,0.1586,0.8534,107.18
6784,37.57,47.18,25.16,21.75,10.31,81.36,0.1244,0.8808,125.05
6785,41.67,41.7,31.32,17.51,12.54,78.7,0.1772,0.8315,120.36
6786,32.96,40.75,26.0,23.58,13.48,21.94,0.1614,0.8902,121.75
6787,38.61,49.55,22.63,19.97,15.82,60.93,0.1673,0.8501,124.61
6788,39.22,28.97,24.69,23.38,15.88,81.83,0.1554,0.851,112.45
6789,42.61,38.89,21.51,17.36,12.63,67.42,0.1561,0.8568,113.95
6790,51.76,24.95,15.71,16.55,8.9,58.39,0.1476,0.8691,102.44
6791,48.59,48.3,16.44,18.17,19.87,28.18,0.1321,0.9032,136.72
6792,39.4,35.24,25.22,20.11,17.65,78.05,0.1218,0.8845,121.72
6793,27.24,25.3,14.76,19.25,16.99,6.33,0.1181,0.9489,98.25
6794,35.9,34.32,19.22,25.11,16.46,69.09,0.1948,0.8202,107.45
6795,47.37,38.44,27.34,16.81,16.89,77.28,0.1952,0.8152,119.72
6796,39.56,50.22,21.25,12.09,10.48,92.76,0.1924,0.8102,108.25
6797,29.94,57.03,18.85,19.97,10.31,74.13,0.1904,0.8214,111.79
6798,38.36,50.85,19.42,22.01,16.89,52.9,0.1102,0.9046,133.46
6799,36.23,43.42,30.97,18.6,8.5,20.46,0.1398,0.9069,124.89
6800,50.09,47.05,29.14,20.88,16.28,40.44,0.1902,0.8462,138.3
6801,35.34,31.5,20.83,16.9,17.34,10.38,0.1221,0.9355,114.04
6802,43.31,22.62,27.46,16.29,20.26,44.7,0.1917,0.8409,109.27
6803,45.51,26.82,25.53,22.28,14.06,15.65,0.1974,0.8794,118.02
6804,30.09,35.68,29.11,22.46,11.73,16.11,0.1929,0.8811,113.72
6805,34.04,32.27,31.39,22.33,18.16,20.41,0.1503,0.9,124.37
6806,36.58,31.73,16.37,22.22,14.28,70.31,0.1617,0.8502,103.03
6807,41.1,39.02,27.1,21.67,9.89,30.27,0.1921,0.8564,118.86
6808,35.24,52.04,25.19,19.43,5.67,68.33,0.1683,0.8451,116.27
6809,29.0,39.19,30.48,22.79,16.74,79.43,0.195,0.8142,112.52
6810,31.94,28.83,16.4,16.7,17.38,95.54,0.156,0.8452,94.04
6811,47.52,21.53,18.58,24.98,14.97,9.32,0.1627,0.9175,117.06
6812,56.58,32.89,25.48,23.59,14.86,2.82,0.1395,0.9594,147.18
6813,42.44,15.45,23.62,14.07,15.06,43.13,0.1246,0.8975,99.3
6814,48.63,54.13,26.76,23.27,14.45,16.05,0.1017,0.9373,156.76
6815,42.83,36.39,16.8,23.27,10.21,24.25,0.1261,0.9116,118.05
6816,45.59,71.05,30.97,29.63,13.91,96.6,0.1364,0.8644,165.22
6817,45.93,59.79,25.91,15.84,14.63,99.82,0.1696,0.8301,134.55
6818,45.42,43.63,25.9,14.7,18.0,98.53,0.1426,0.8576,126.62
6819,42.84,28.65,24.26,24.08,12.68,91.06,0.1192,0.883,117.01
6820,41.14,30.18,19.26,21.79,13.7,98.13,0.13,0.8703,109.71
6821,36.75,65.28,21.12,14.62,16.42,19.13,0.1354,0.9117,140.58
6822,44.2,42.44,33.2,28.14,12.99,4.03,0.1295,0.9546,153.66
6823,42.48,20.7,25.37,18.57,12.93,34.56,0.1101,0.9146,109.81
6824,32.74,30.63,25.04,18.38,10.51,57.4,0.1294,0.8857,103.9
6825,49.51,61.55,29.27,23.12,19.0,46.51,0.1358,0.8862,161.68
6826,47.93,54.4,21.06,29.05,16.45,99.06,0.1902,0.8098,136.77
6827,41.55,41.2,27.15,18.08,17.49,20.93,0.1088,0.9271,134.85
6828,49.42,60.4,25.76,22.39,13.4,21.47,0.1011,0.9317,159.67
6829,45.82,21.29,23.59,16.04,20.5,81.82,0.1723,0.8347,106.21
6830,36.48,27.61,22.57,19.83,15.95,42.5,0.1339,0.8903,109.0
6831,25.48,33.51,28.32,26.98,16.94,45.86,0.1863,0.8444,110.8
6832,25.21,28.64,27.77,25.95,15.95,68.05,0.1261,0.884,109.19
6833,50.1,47.24,21.21,18.22,15.52,86.08,0.1304,0.8735,133.02
6834,39.77,48.22,27.35,23.64,15.45,99.99,0.1887,0.8109,125.23
6835,37.04,42.9,19.38,20.7,12.67,98.63,0.1469,0.8532,113.2
6836,34.72,23.27,21.54,19.69,16.07,85.32,0.1004,0.9028,104.09
6837,40.51,71.04,26.9,12.88,15.99,16.52,0.126,0.9216,154.2
6838,47.32,40.08,26.28,18.31,13.95,15.47,0.1736,0.8944,130.52
6839,33.5,18.51,19.6,15.84,14.02,73.01,0.1681,0.8428,85.52
6840,40.76,21.62,26.77,21.24,15.27,56.8,0.1972,0.8262,103.82
6841,61.26,25.83,24.08,16.77,12.07,81.81,0.1956,0.8124,113.76
6842,54.52,67.78,30.31,11.03,15.48,18.07,0.1808,0.8843,158.4
6843,22.15,24.68,27.1,21.38,17.99,93.71,0.1776,0.8245,93.42
6844,25.48,22.91,19.33,22.34,11.18,2.97,0.143,0.9572,96.91
6845,54.45,54.23,25.92,17.04,18.44,20.13,0.113,0.9251,157.34
6846,47.17,50.07,21.16,10.74,12.75,49.47,0.1905,0.8378,118.88
6847,40.41,27.99,25.39,18.75,14.83,96.21,0.1826,0.8185,104.25
6848,44.23,42.89,26.94,16.61,17.67,85.39,0.1573,0.8477,125.75
6849,37.47,31.64,27.45,14.33,14.17,69.27,0.1956,0.8194,102.48
6850,34.67,44.84,20.2,19.3,16.65,79.16,0.1932,0.8161,110.72
6851,45.84,30.98,21.95,18.46,12.26,32.65,0.1641,0.8747,113.27
6852,39.22,43.25,25.23,16.87,16.45,69.02,0.14,0.8709,122.82
6853,46.92,35.33,22.8,21.25,17.21,85.74,0.1782,0.8273,118.72
6854,35.61,27.64,22.9,20.44,13.3,67.25,0.174,0.8405,100.77
6855,45.7,50.79,19.66,18.36,15.4,84.94,0.1736,0.8321,124.75
6856,42.5,36.0,26.87,20.81,15.78,75.65,0.131,0.8766,124.44
6857,29.32,51.84,21.75,19.66,14.26,36.43,0.1563,0.8771,120.02
6858,51.79,42.95,23.38,16.27,13.22,68.02,0.1203,0.8894,131.29
6859,28.74,34.44,25.21,20.32,14.08,49.5,0.1916,0.8368,102.74
6860,50.65,56.07,12.47,22.4,14.66,90.03,0.147,0.856,133.76
6861,43.64,38.79,17.0,19.12,15.09,15.92,0.1962,0.8795,117.53
6862,45.13,42.21,32.93,29.92,15.88,93.69,0.1914,0.8109,134.67
6863,36.06,31.11,17.21,19.88,15.42,44.01,0.1839,0.848,101.48
6864,37.05,29.13,29.6,21.74,13.94,46.15,0.1583,0.8676,114.06
6865,40.03,37.73,29.44,20.83,13.81,79.88,0.1692,0.8386,118.95
6866,29.69,24.48,24.91,22.52,16.79,34.03,0.1614,0.8754,103.64
6867,44.6,37.23,32.46,22.36,15.71,14.38,0.1079,0.936,142.61
6868,37.13,38.01,29.11,17.63,15.55,83.93,0.1604,0.8452,116.16
6869,23.04,23.21,25.99,21.0,14.25,62.03,0.1172,0.8945,96.16
6870,55.1,58.64,26.95,18.82,11.84,94.3,0.1665,0.8352,143.11
6871,42.12,62.67,29.77,17.72,14.47,87.28,0.174,0.8307,138.53
6872,42.6,60.53,26.99,19.26,15.33,9.87,0.1614,0.9164,150.94
6873,34.47,32.7,29.26,19.2,12.83,77.77,0.1982,0.8121,104.33
6874,42.66,37.6,33.04,25.25,23.79,30.69,0.1243,0.9067,147.19
6875,45.89,30.57,31.27,16.72,17.94,59.65,0.1667,0.8514,121.22
6876,28.37,47.12,23.45,20.98,14.89,38.51,0.1368,0.8908,120.09
6877,44.83,32.73,20.74,20.94,16.59,82.02,0.1281,0.8771,119.13
6878,31.53,38.24,25.24,18.99,15.3,89.02,0.1414,0.8618,111.42
6879,29.71,40.6,35.38,24.58,14.53,45.21,0.1996,0.8339,120.74
6880,32.96,22.64,19.11,22.11,20.14,26.15,0.167,0.8803,102.95
6881,56.8,34.58,23.93,13.57,15.7,36.76,0.1653,0.8696,125.74
6882,46.27,50.62,24.32,25.94,11.99,25.36,0.1436,0.898,142.91
6883,39.86,161.95,20.76,29.52,15.75,70.16,0.1385,0.8717,233.47
6884,53.62,17.29,25.6,27.97,15.32,26.0,0.1465,0.8952,125.14
6885,32.62,27.18,22.14,21.89,14.79,89.73,0.1675,0.836,99.17
6886,31.79,27.58,24.74,15.62,16.14,22.55,0.1282,0.9121,105.68
6887,32.67,21.32,24.16,20.66,14.27,5.35,0.1315,0.9472,107.11
6888,55.02,76.75,25.17,14.84,9.36,87.21,0.1843,0.8207,148.67
6889,46.95,34.53,20.19,24.08,16.65,37.63,0.1785,0.8584,122.22
6890,33.47,32.81,22.46,22.26,13.52,22.79,0.1815,0.8751,108.96
6891,34.47,45.08,24.21,28.87,14.5,63.0,0.1812,0.8363,123.06
6892,42.27,27.73,24.83,23.36,14.46,87.23,0.139,0.8647,114.7
6893,30.93,47.03,25.04,16.71,16.76,39.34,0.1505,0.8791,119.98
6894,38.58,27.82,27.96,25.45,16.92,17.21,0.1025,0.9354,127.89
6895,32.05,61.07,19.51,19.75,13.14,70.09,0.1579,0.8538,124.25
6896,39.45,37.02,23.66,19.44,16.86,52.61,0.1163,0.8994,122.71
6897,46.52,61.06,20.35,21.27,12.77,60.26,0.1364,0.8782,142.24
6898,53.94,44.84,19.84,18.14,19.66,55.61,0.1868,0.8363,130.82
6899,27.48,13.77,26.75,17.72,11.63,27.48,0.1364,0.9008,87.68
6900,44.8,21.56,25.4,29.75,16.75,89.49,0.1482,0.855,118.21
6901,45.42,67.67,22.29,24.94,15.51,65.87,0.1319,0.8796,154.67
6902,38.15,30.93,22.04,22.56,17.3,56.53,0.1817,0.8401,110.03
6903,35.26,17.27,18.46,20.28,13.88,34.56,0.125,0.903,94.95
6904,35.25,28.78,30.26,14.32,19.63,41.53,0.1005,0.9182,117.75
6905,25.18,30.42,24.31,24.1,13.98,55.74,0.116,0.8983,105.98
6906,46.23,58.38,16.91,17.98,18.13,44.16,0.194,0.8395,132.33
6907,33.89,25.19,25.35,19.09,8.42,63.02,0.1255,0.8867,99.25
6908,26.65,33.57,21.19,23.61,14.51,88.06,0.1194,0.8836,105.62
6909,42.58,54.51,21.98,13.74,18.81,81.63,0.1459,0.8602,130.42
6910,42.51,29.14,29.94,19.51,15.71,24.47,0.1246,0.9124,124.82
6911,46.78,25.04,23.8,20.82,23.18,38.57,0.1393,0.8888,124.09
6912,54.54,40.77,33.31,22.92,21.13,96.59,0.1178,0.8828,152.43
6913,40.32,48.1,40.01,18.23,10.86,30.16,0.1877,0.8598,135.44
6914,37.61,34.2,31.87,13.88,24.36,19.03,0.1167,0.9241,131.14
6915,36.87,45.12,19.71,20.82,17.6,44.12,0.115,0.9049,126.8
6916,37.65,28.37,32.02,16.52,16.54,90.81,0.1785,0.8248,108.13
6917,34.1,15.95,22.13,22.18,10.46,63.36,0.1674,0.8487,88.96
6918,36.53,49.79,27.5,24.41,18.08,69.42,0.1451,0.8659,135.35
6919,34.23,23.45,31.91,20.77,18.42,26.14,0.142,0.8982,115.67
6920,31.69,27.54,19.4,15.07,13.75,15.74,0.1185,0.9275,99.65
6921,53.89,38.45,25.61,20.94,19.56,99.15,0.183,0.817,129.45
6922,51.08,51.65,25.59,20.86,11.05,29.67,0.1695,0.874,140.04
6923,25.1,33.93,20.64,17.06,15.13,71.48,0.1603,0.8509,95.18
6924,42.54,28.66,15.93,25.34,19.38,68.36,0.1193,0.8902,117.37
6925,39.48,63.44,28.58,20.84,13.0,13.38,0.1774,0.8973,148.37
6926,41.16,30.99,17.93,20.82,13.94,59.12,0.1425,0.8732,109.01
6927,28.39,31.62,28.26,20.13,13.28,11.87,0.1759,0.9024,109.81
6928,25.22,18.65,24.04,27.01,13.95,40.31,0.19,0.8465,92.16
6929,39.56,36.67,31.7,26.21,14.71,53.21,0.15,0.87,129.5
6930,37.04,62.47,19.35,18.72,13.94,78.37,0.175,0.8338,126.34
6931,35.6,19.57,24.62,23.77,22.67,11.12,0.1266,0.9314,117.58
6932,38.34,26.36,35.48,19.87,13.26,93.44,0.1358,0.8659,115.43
6933,44.8,34.49,21.45,22.86,14.33,9.13,0.1805,0.9093,125.42
6934,47.05,43.43,33.2,17.22,12.32,35.09,0.1031,0.9197,140.91
6935,32.15,39.5,21.08,19.25,11.05,47.55,0.1773,0.8506,104.65
6936,32.9,35.56,25.8,13.62,16.44,35.46,0.134,0.8953,111.31
6937,41.2,26.87,20.74,19.97,19.65,9.89,0.1987,0.897,115.2
6938,49.78,60.48,27.6,16.54,20.96,51.09,0.1933,0.8341,146.27
6939,38.29,15.05,18.68,14.69,17.2,25.69,0.1535,0.8905,92.54
6940,41.16,55.16,22.31,20.45,15.06,67.13,0.1085,0.9006,138.82
6941,29.09,78.68,22.47,15.71,19.22,93.88,0.1711,0.8308,137.22
6942,22.44,47.08,21.43,17.39,14.74,64.04,0.1095,0.9007,110.85
6943,58.51,27.64,32.35,27.73,18.96,14.16,0.111,0.9345,154.35
6944,42.22,39.28,21.15,16.08,13.12,42.64,0.1344,0.8898,117.31
6945,31.85,22.0,25.61,18.78,20.0,13.67,0.1756,0.8976,106.14
6946,22.86,23.88,34.28,15.85,14.62,45.95,0.125,0.8955,99.84
6947,51.57,43.44,26.25,25.62,19.05,94.76,0.192,0.8098,134.37
6948,32.45,44.19,12.57,20.88,20.34,30.96,0.1425,0.8928,116.45
6949,32.44,40.55,35.14,24.54,15.67,8.22,0.1747,0.9157,135.84
6950,34.27,21.71,30.58,21.72,15.14,46.48,0.1191,0.9002,111.1
6951,41.1,89.61,31.44,20.87,19.13,87.68,0.1328,0.8707,176.01
6952,45.11,43.99,31.72,22.28,17.27,14.58,0.1416,0.9155,146.83
6953,37.6,33.39,24.53,12.88,18.99,74.11,0.1211,0.8864,112.92
6954,31.61,36.18,17.64,15.42,17.5,41.78,0.191,0.8442,99.92
6955,58.38,27.42,29.93,21.95,16.12,45.62,0.189,0.8423,129.56
6956,36.07,24.8,16.48,21.25,17.52,76.73,0.1404,0.8673,100.71
6957,40.09,94.09,17.85,15.61,15.6,97.37,0.1964,0.8043,147.36
6958,27.99,24.93,24.96,20.4,11.83,29.55,0.1107,0.9178,101.06
6959,44.63,26.87,30.19,18.93,16.35,40.96,0.1004,0.9185,125.81
6960,48.73,30.67,21.6,24.04,13.61,6.86,0.18,0.9194,127.49
6961,33.12,26.33,21.96,21.02,12.62,35.84,0.1215,0.9048,104.1
6962,25.28,35.16,37.77,21.49,14.19,24.65,0.1763,0.8758,117.25
6963,36.95,29.51,29.64,17.08,11.5,75.09,0.1728,0.8374,104.41
6964,55.17,33.26,27.25,18.68,5.7,69.44,0.192,0.8226,115.21
6965,34.88,30.77,32.41,16.65,17.13,33.63,0.1237,0.9048,119.28
6966,60.26,31.9,28.02,20.08,13.29,63.71,0.1958,0.8227,126.33
6967,35.51,18.91,19.41,19.98,15.85,82.88,0.1089,0.8952,98.18
6968,25.4,30.9,18.97,22.79,14.53,84.61,0.1837,0.8225,92.6
6969,35.92,33.31,24.25,24.9,18.06,79.36,0.1399,0.8667,118.25
6970,25.03,31.38,23.59,19.76,13.6,36.08,0.1032,0.919,104.18
6971,34.25,31.54,35.53,11.06,11.22,48.6,0.138,0.883,109.14
6972,43.06,50.57,24.43,25.42,17.55,65.17,0.1851,0.8315,133.9
6973,36.28,28.52,33.74,22.63,7.87,38.31,0.1582,0.8738,112.77
6974,48.81,52.47,26.89,16.6,15.66,66.78,0.1003,0.9082,145.71
6975,35.71,78.27,29.14,36.81,15.63,78.16,0.1631,0.8451,165.28
6976,28.07,26.99,10.27,20.33,16.94,10.4,0.1098,0.942,96.64
6977,41.18,40.68,36.84,17.49,22.23,40.63,0.1443,0.8832,139.91
6978,38.81,38.56,21.22,18.27,13.86,62.39,0.1152,0.8962,117.16
6979,39.81,35.74,30.56,23.99,16.41,41.68,0.1655,0.8651,126.75
6980,29.81,18.33,17.1,17.6,16.93,60.18,0.1949,0.8259,82.41
6981,42.14,49.92,33.3,14.1,15.28,56.21,0.1023,0.9101,140.83
6982,51.11,30.12,17.18,25.05,12.53,89.26,0.1073,0.8951,121.73
6983,29.49,55.73,20.07,19.92,10.37,53.71,0.1775,0.8457,114.66
6984,24.72,34.79,22.7,18.0,12.92,85.62,0.1099,0.8935,101.08
6985,27.65,55.11,23.06,23.61,10.85,11.71,0.1905,0.8948,125.53
6986,39.77,42.98,23.33,20.51,11.2,60.67,0.186,0.8335,114.85
6987,27.14,47.51,26.88,18.73,15.16,44.82,0.1999,0.834,112.94
6988,42.61,44.96,19.63,19.0,11.07,79.61,0.1215,0.8842,121.38
6989,42.85,33.12,26.64,21.49,16.83,49.71,0.1766,0.8495,119.71
6990,42.94,30.28,33.58,24.53,11.63,76.61,0.1667,0.8425,120.44
6991,60.71,41.9,19.66,21.77,17.48,28.82,0.1428,0.8948,144.52
6992,25.07,46.28,24.47,27.12,12.11,63.07,0.1381,0.8753,118.21
6993,26.34,34.9,29.24,14.56,17.07,4.32,0.175,0.9365,114.36
6994,50.23,47.78,16.43,16.33,15.59,15.48,0.1363,0.9171,134.23
6995,44.26,26.05,18.52,12.82,16.71,75.59,0.1031,0.9029,106.87
6996,49.18,38.76,27.68,18.27,13.76,2.7,0.1562,0.9556,141.1
6997,23.67,55.33,23.29,26.72,13.54,1.31,0.1882,0.9657,137.66
6998,29.12,38.74,26.1,22.54,20.24,94.29,0.1041,0.897,122.65
6999,47.83,33.47,27.07,23.24,11.99,13.13,0.1247,0.9283,133.3
7000,38.66,50.34,16.64,21.31,12.6,24.75,0.1127,0.9205,128.45
7001,50.51,65.77,33.71,17.32,9.12,22.8,0.1226,0.9156,161.56
7002,36.66,44.43,24.47,25.94,12.82,50.36,0.1095,0.9063,130.8
7003,38.3,18.6,24.65,17.83,10.57,97.56,0.1867,0.8139,89.49
7004,58.32,25.74,24.05,19.31,19.99,8.22,0.1196,0.9423,138.91
7005,31.68,52.65,27.77,27.65,17.07,87.94,0.122,0.8811,138.17
7006,45.93,28.95,28.78,22.21,13.13,58.1,0.1571,0.8608,119.64
7007,27.46,36.25,10.39,23.51,17.41,67.6,0.1701,0.8439,97.06
7008,33.07,28.51,29.01,18.16,6.61,78.4,0.1814,0.8277,95.49
7009,45.9,49.56,18.65,14.49,11.69,87.06,0.1846,0.8205,115.1
7010,28.68,43.27,22.34,14.65,17.18,86.93,0.1109,0.8922,112.53
7011,47.01,27.17,19.61,17.51,11.52,73.93,0.1232,0.8845,108.64
7012,38.23,49.34,22.21,18.88,13.05,36.6,0.111,0.9126,129.32
7013,32.2,50.46,23.2,19.97,17.82,81.12,0.1818,0.826,118.65
7014,39.14,44.51,23.85,20.9,16.16,32.93,0.1484,0.8864,128.16
7015,35.31,38.57,16.66,20.45,11.29,65.2,0.1708,0.8445,103.29
7016,34.31,154.08,25.03,22.67,13.9,49.0,0.1528,0.8702,217.53
7017,36.04,19.91,27.29,21.11,13.13,90.06,0.1194,0.883,103.73
7018,28.86,31.24,24.52,23.99,12.92,5.04,0.1182,0.9538,115.93
7019,25.9,35.12,22.09,21.74,13.21,38.47,0.1082,0.9136,107.87
7020,22.99,58.23,20.25,20.57,18.68,1.17,0.1515,0.9745,137.13
7021,44.03,31.57,11.49,17.32,12.6,31.25,0.1088,0.9179,107.41
7022,43.46,55.44,27.46,22.18,18.54,5.18,0.1351,0.9465,158.15
7023,33.65,27.96,26.29,14.91,17.59,14.13,0.1567,0.9076,109.27
7024,38.96,42.31,22.88,25.01,17.89,23.22,0.1807,0.875,128.66
7025,51.08,49.88,16.57,24.06,16.58,27.1,0.1941,0.8594,135.92
7026,34.99,27.57,23.96,18.97,16.6,8.69,0.1241,0.9388,114.62
7027,37.86,48.06,22.1,18.41,15.63,91.95,0.1354,0.8668,123.14
7028,55.51,62.7,31.67,23.82,13.44,18.3,0.128,0.9178,171.75
7029,43.1,33.97,30.59,19.77,19.74,16.22,0.1066,0.9341,137.48
7030,47.24,23.84,20.99,23.59,13.77,58.11,0.1578,0.8602,111.34
7031,45.68,31.25,28.66,24.24,14.68,52.7,0.1765,0.8473,122.44
7032,44.04,34.13,19.42,16.98,17.01,57.12,0.1883,0.8339,109.73
7033,34.2,51.94,31.34,14.02,16.4,19.06,0.1483,0.9034,133.62
7034,32.21,24.71,25.91,19.59,11.17,50.96,0.1205,0.8966,101.85
7035,45.39,45.75,35.38,23.57,14.47,1.29,0.1826,0.9671,159.14
7036,44.19,44.26,21.48,19.8,14.41,44.57,0.1713,0.8579,123.66
7037,41.86,42.8,31.23,24.09,18.92,66.57,0.1761,0.8389,133.29
7038,42.33,57.35,32.31,15.47,16.42,32.98,0.1104,0.9154,150.04
7039,33.82,39.34,22.66,12.66,20.29,1.4,0.147,0.972,125.17
7040,30.58,28.29,18.13,20.3,14.74,68.61,0.1012,0.9067,101.59
7041,34.13,34.51,28.75,15.85,14.84,25.75,0.1936,0.8618,110.4
7042,37.99,36.0,20.03,18.16,14.75,56.48,0.1485,0.8693,110.35
7043,35.24,28.93,23.23,19.3,16.36,19.53,0.1123,0.9263,113.99
7044,52.54,19.72,20.9,24.2,23.23,37.2,0.1606,0.873,122.74
7045,51.81,36.9,34.51,23.06,15.32,69.35,0.181,0.8328,134.57
7046,46.82,38.8,25.23,18.23,12.33,70.34,0.1195,0.8893,125.75
7047,49.76,34.48,26.72,24.6,15.98,28.66,0.1687,0.8758,132.73
7048,29.65,35.77,24.99,28.51,12.99,94.77,0.1119,0.8892,117.28
7049,45.74,24.49,21.15,20.07,13.35,67.77,0.1657,0.8478,105.81
7050,39.72,13.43,27.96,25.09,15.58,63.58,0.1701,0.8461,103.02
7051,36.31,31.62,29.61,28.43,20.46,90.04,0.1603,0.843,123.44
7052,37.74,20.52,21.86,22.94,14.14,29.2,0.1927,0.8574,100.49
7053,37.84,40.52,25.43,18.87,15.9,8.52,0.1455,0.9288,128.7
7054,36.97,22.82,30.23,22.17,14.94,60.24,0.1486,0.8673,110.26
7055,35.08,34.39,19.11,16.35,17.01,17.6,0.114,0.9276,113.11
7056,29.28,31.11,24.16,17.38,8.15,30.06,0.1409,0.8949,98.5
7057,27.42,26.06,29.1,18.42,14.15,34.52,0.1767,0.863,99.39
7058,43.21,52.27,19.89,20.15,14.62,96.81,0.1015,0.8989,134.97
7059,17.53,22.22,25.63,21.16,15.75,83.87,0.1256,0.8788,89.89
7060,55.56,13.65,22.3,16.15,17.31,58.47,0.1346,0.8806,110.05
7061,35.03,21.49,21.44,26.74,19.11,81.42,0.1997,0.8086,100.12
7062,25.6,64.48,21.5,19.59,15.31,48.31,0.199,0.8315,121.8
7063,44.18,31.43,18.29,18.27,19.61,38.5,0.1513,0.8792,115.85
7064,38.92,54.02,13.87,26.41,17.42,3.79,0.1677,0.9429,142.04
7065,32.42,34.79,20.2,23.39,18.43,86.92,0.1397,0.8642,111.68
7066,35.41,56.64,27.04,21.65,16.28,62.17,0.1018,0.9084,142.64
7067,39.29,25.19,20.08,21.65,16.02,21.43,0.1363,0.9079,110.97
7068,48.67,39.22,22.73,20.34,19.15,89.82,0.1093,0.893,134.05
7069,18.84,48.13,18.1,20.02,16.33,27.67,0.1122,0.9182,111.49
7070,42.55,21.09,25.68,20.89,16.58,73.14,0.1194,0.8884,112.64
7071,53.17,23.19,33.67,23.3,12.26,76.95,0.1933,0.8171,118.96
7072,33.48,31.66,27.81,17.25,15.02,80.62,0.1694,0.838,104.95
7073,45.98,42.36,23.69,22.06,14.03,78.62,0.1744,0.8342,123.58
7074,45.37,25.48,27.04,17.54,17.86,72.42,0.1197,0.8883,118.41
7075,55.05,55.2,30.89,25.89,16.63,58.68,0.1781,0.8419,154.62
7076,41.88,51.24,30.0,18.81,16.91,51.61,0.149,0.8718,138.47
7077,45.63,34.13,30.62,18.35,14.32,10.18,0.1862,0.9024,129.1
7078,48.52,41.84,26.2,12.67,13.77,2.94,0.1361,0.9595,137.21
7079,44.94,46.87,33.91,18.13,15.92,12.66,0.1193,0.9323,148.95
7080,32.86,49.21,23.22,23.92,18.64,69.21,0.1971,0.818,120.95
7081,34.17,42.78,32.23,26.02,12.28,4.27,0.1784,0.9356,137.98
7082,42.14,27.73,28.55,12.56,13.59,48.78,0.1983,0.8318,103.6
7083,46.94,18.11,21.74,15.51,20.92,20.42,0.1887,0.8744,107.75
7084,42.71,37.3,16.35,22.04,11.9,17.77,0.1695,0.8921,116.24
7085,31.71,57.65,26.02,18.42,18.44,29.73,0.1384,0.897,136.56
7086,38.04,59.59,16.9,29.62,9.99,60.34,0.1618,0.8554,131.85
7087,28.9,39.76,26.08,22.41,13.21,38.13,0.1593,0.8732,113.83
7088,44.7,29.17,20.13,24.6,17.44,35.82,0.1114,0.9127,124.17
7089,55.84,50.62,29.01,24.59,13.48,22.94,0.1539,0.8939,155.12
7090,44.21,22.56,18.35,19.99,13.92,47.87,0.1718,0.8549,101.76
7091,24.36,27.35,34.56,17.03,9.91,78.65,0.106,0.8992,101.79
7092,40.84,19.74,26.35,29.54,12.24,38.78,0.1784,0.8573,110.36
7093,39.88,52.17,16.38,17.74,10.36,14.84,0.115,0.931,127.11
7094,35.76,18.19,28.86,17.65,11.14,57.68,0.1591,0.8593,95.9
7095,23.64,41.21,16.95,21.18,17.18,81.6,0.1012,0.903,108.5
7096,43.83,88.74,27.93,18.71,11.11,58.33,0.1544,0.8631,164.27
7097,47.58,41.1,20.91,16.27,15.86,5.29,0.1051,0.958,135.77
7098,32.93,23.75,36.32,20.87,14.65,52.39,0.1018,0.9121,117.23
7099,32.85,29.61,24.65,20.95,11.73,22.07,0.1579,0.8924,106.9
7100,37.46,19.14,14.2,20.79,11.46,49.53,0.1214,0.8966,92.39
7101,53.94,24.47,24.08,14.34,16.75,33.26,0.157,0.8795,117.49
7102,37.73,26.3,20.03,14.54,16.98,22.16,0.1668,0.8862,102.41
7103,33.87,25.08,32.27,19.79,18.57,30.92,0.15,0.8872,114.97
7104,36.8,36.97,26.58,24.83,14.49,11.98,0.1103,0.9386,131.11
7105,44.63,11.51,22.86,23.96,13.59,69.89,0.1752,0.8379,97.65
7106,23.82,21.29,27.09,20.12,9.51,23.49,0.1384,0.9039,92.04
7107,38.15,44.03,29.31,15.38,14.96,12.61,0.1726,0.9021,127.96
7108,37.22,81.05,28.95,23.86,10.82,79.29,0.1628,0.845,153.7
7109,39.14,41.58,13.81,27.78,13.28,3.13,0.1322,0.9593,130.07
7110,34.43,25.03,31.82,23.38,13.99,51.42,0.195,0.8324,107.09
7111,29.35,49.16,15.87,26.98,11.92,41.05,0.1613,0.869,115.83
7112,47.46,54.21,30.44,23.26,19.14,25.19,0.1195,0.9153,159.72
7113,25.29,25.9,22.0,26.5,22.45,40.31,0.1234,0.9003,109.97
7114,52.52,24.81,23.29,21.56,19.38,23.39,0.1255,0.9129,129.24
7115,42.78,66.72,23.57,14.31,19.26,13.25,0.1827,0.8946,149.08
7116,45.45,22.72,25.5,20.71,16.43,43.47,0.1685,0.8612,112.65
7117,40.51,70.56,31.32,22.25,17.87,89.11,0.1099,0.8926,162.9
7118,49.43,43.83,31.5,15.5,17.41,59.48,0.1476,0.8685,136.92
7119,44.29,58.5,25.95,11.04,13.76,56.37,0.1683,0.852,130.81
7120,50.44,52.5,29.17,20.54,18.68,67.45,0.1516,0.8609,147.49
7121,46.77,53.19,23.86,21.03,13.3,45.54,0.1179,0.9017,142.59
7122,48.94,22.14,23.24,20.14,18.54,85.21,0.1143,0.8894,118.29
7123,34.28,46.76,29.32,25.79,17.6,33.14,0.198,0.8482,130.41
7124,36.95,58.16,30.2,23.9,14.46,33.48,0.1231,0.9054,148.18
7125,40.13,31.8,22.04,24.92,11.55,24.39,0.1041,0.9269,120.9
7126,40.03,15.8,33.15,24.26,17.41,9.59,0.1428,0.9268,121.09
7127,44.6,20.72,31.61,18.71,12.22,33.16,0.1849,0.8582,109.73
7128,34.0,18.63,16.16,18.93,16.33,83.29,0.1667,0.8395,87.35
7129,39.95,30.03,20.78,17.18,16.03,78.51,0.1226,0.8835,109.52
7130,45.02,20.0,21.82,23.05,15.42,91.23,0.1409,0.8615,107.95
7131,24.68,27.23,23.17,13.11,15.78,59.07,0.1594,0.8583,89.23
7132,48.45,78.66,19.56,18.93,14.23,21.86,0.1617,0.8901,160.08
7133,56.36,49.04,24.21,19.09,12.38,28.51,0.1666,0.8775,141.35
7134,32.68,44.81,26.05,18.51,16.64,22.95,0.1695,0.8831,122.48
7135,51.84,55.08,33.64,20.28,21.0,6.54,0.1069,0.9531,173.32
7136,41.81,20.93,30.38,16.7,18.04,50.19,0.1121,0.9042,115.61
7137,32.92,24.0,36.87,24.56,17.08,71.95,0.119,0.8891,120.42
7138,46.62,36.48,18.52,23.97,13.63,73.25,0.1261,0.882,122.79
7139,55.52,26.8,25.65,23.44,23.39,77.29,0.1359,0.8713,134.88
7140,36.78,30.16,24.29,23.41,16.66,11.8,0.1739,0.9038,118.66
7141,31.47,44.87,24.37,30.08,15.96,41.04,0.1678,0.8638,126.76
7142,22.12,51.05,22.12,20.77,17.39,66.83,0.1968,0.8198,109.4
7143,38.84,43.38,22.78,19.86,12.01,16.1,0.1543,0.9049,123.85
7144,41.31,55.43,23.01,28.16,15.72,51.2,0.1326,0.8861,144.98
7145,54.51,12.07,28.67,18.65,17.56,34.63,0.1658,0.8714,114.55
7146,54.88,78.4,26.64,17.69,15.26,52.4,0.153,0.8678,167.37
7147,34.7,48.53,21.62,23.08,10.4,93.12,0.1349,0.8669,119.9
7148,46.46,30.35,29.7,20.53,17.28,60.52,0.1135,0.8985,129.66
7149,30.79,19.39,17.23,28.01,14.26,65.06,0.1136,0.8966,98.35
7150,40.58,32.63,29.06,21.54,18.72,4.66,0.1326,0.9501,135.41
7151,38.96,25.45,27.49,18.69,14.9,55.79,0.141,0.8763,109.96
7152,32.99,56.81,19.95,23.66,12.52,14.69,0.1918,0.8854,129.19
7153,39.04,45.93,26.09,15.27,15.58,72.95,0.1419,0.8674,123.09
7154,46.74,27.04,19.72,18.08,15.36,67.22,0.143,0.8689,110.3
7155,48.77,19.99,27.28,23.53,17.87,16.71,0.1555,0.903,124.11
7156,38.84,31.7,17.03,15.96,16.4,34.69,0.1447,0.8877,106.45
7157,39.3,52.29,27.34,18.66,12.82,63.24,0.1401,0.8734,131.37
7158,25.29,43.54,14.49,23.91,16.71,35.13,0.1825,0.8579,106.32
7159,42.19,19.97,27.35,24.92,17.75,21.97,0.1618,0.8899,117.62
7160,37.88,28.37,18.96,23.47,12.64,19.44,0.1619,0.8939,108.44
7161,39.28,51.8,26.0,10.04,15.6,48.56,0.1372,0.8837,126.12
7162,36.15,33.2,29.88,21.59,11.8,36.92,0.1405,0.8891,117.9
7163,32.41,34.28,19.04,25.03,19.36,33.59,0.1576,0.8788,114.34
7164,33.01,74.53,11.93,28.11,18.04,97.46,0.1029,0.8974,148.63
7165,34.59,22.83,17.86,15.43,13.7,52.13,0.1557,0.8657,90.39
7166,29.39,54.86,22.42,14.97,13.49,52.9,0.1003,0.9132,123.41
7167,42.33,29.55,18.89,21.23,14.87,81.65,0.1974,0.8108,102.86
7168,44.48,30.22,15.64,14.58,14.85,51.63,0.1771,0.8476,101.52
7169,38.9,37.7,19.43,19.27,14.38,4.76,0.144,0.9452,122.57
7170,41.41,39.73,30.79,22.0,14.87,78.05,0.1416,0.8656,128.81
7171,38.16,44.7,32.25,23.95,11.81,73.14,0.179,0.8326,125.63
7172,49.14,32.84,17.73,22.1,11.72,40.66,0.1766,0.857,114.43
7173,40.43,45.87,27.53,23.96,11.86,7.19,0.1348,0.9384,140.43
7174,42.22,36.97,27.14,23.72,15.63,15.67,0.1605,0.9019,131.39
7175,46.43,28.1,20.12,21.06,18.23,91.97,0.1905,0.8125,108.82
7176,39.81,21.29,36.43,21.38,21.55,63.55,0.1949,0.8236,115.69
7177,51.14,45.09,24.16,26.59,19.8,80.34,0.192,0.8166,136.2
7178,34.68,39.55,25.29,22.99,12.59,19.49,0.1084,0.9289,125.5
7179,53.81,26.85,15.91,23.26,18.6,51.67,0.1647,0.8582,118.8
7180,38.43,19.86,27.88,20.92,15.46,53.94,0.1237,0.8924,109.35
7181,34.78,27.68,15.74,14.77,16.71,36.71,0.1578,0.8757,96.05
7182,27.45,16.01,25.84,19.2,19.83,47.0,0.1035,0.913,98.91
7183,46.97,51.7,22.2,21.32,18.86,56.46,0.1867,0.8358,134.6
7184,37.08,33.49,21.53,25.02,13.18,7.23,0.1782,0.9184,119.66
7185,41.15,38.89,21.45,26.66,14.09,60.47,0.1272,0.8863,126.07
7186,42.09,29.77,31.92,19.02,14.75,6.18,0.159,0.9319,128.18
7187,36.1,71.06,29.68,24.55,15.53,87.69,0.1969,0.8082,142.99
7188,48.59,46.33,29.18,16.35,16.27,43.93,0.1954,0.8385,131.4
7189,43.64,30.18,24.67,21.32,19.57,49.18,0.171,0.8546,119.11
7190,33.19,30.52,20.31,24.06,14.66,28.99,0.124,0.9084,111.51
7191,29.25,27.26,22.03,28.12,13.89,97.32,0.1607,0.8399,101.25
7192,46.25,32.98,21.56,16.01,15.53,33.01,0.1479,0.8868,117.35
7193,38.07,40.83,26.63,15.82,13.34,41.23,0.1657,0.8653,116.54
7194,45.58,40.25,26.58,27.04,19.61,52.0,0.189,0.8371,133.14
7195,38.0,31.42,25.06,26.7,11.65,70.73,0.1721,0.8403,111.62
7196,41.7,62.52,29.71,20.88,8.73,33.08,0.1013,0.9224,150.84
7197,46.44,15.67,23.63,22.01,12.44,96.79,0.1414,0.8593,103.27
7198,27.99,27.68,27.38,18.47,8.77,43.68,0.109,0.9101,100.38
7199,53.49,46.1,18.7,19.41,16.01,26.39,0.106,0.9238,142.0
7200,43.01,61.46,34.69,13.2,11.2,33.14,0.1189,0.9088,148.65
7201,23.65,37.87,29.88,20.11,21.26,80.37,0.1885,0.8199,108.85
7202,50.78,63.7,21.06,20.56,15.64,50.1,0.1815,0.8449,145.12
7203,47.91,69.4,29.46,28.29,14.07,44.22,0.1548,0.8719,164.9
7204,38.48,30.35,29.22,26.02,11.37,3.71,0.1836,0.9382,127.06
7205,51.17,24.98,16.59,22.21,15.58,86.1,0.19,0.8157,106.46
7206,34.89,24.78,30.08,16.24,20.31,65.21,0.1086,0.9011,113.81
7207,38.96,19.78,19.71,18.08,9.28,94.18,0.1904,0.8116,85.88
7208,58.76,21.41,28.04,19.13,17.42,8.98,0.1022,0.9489,137.37
7209,44.17,23.96,33.87,24.13,12.48,78.06,0.1842,0.8252,114.38
7210,48.67,21.95,26.81,13.4,18.43,71.44,0.1576,0.8534,110.31
7211,46.53,52.75,40.29,19.21,12.68,53.51,0.1025,0.911,156.2
7212,28.91,29.28,29.07,19.8,19.57,18.88,0.1362,0.9115,115.43
7213,42.39,20.09,24.45,14.11,16.78,6.22,0.1102,0.9527,112.24
7214,41.66,29.96,24.22,23.81,11.94,39.5,0.1519,0.8779,115.53
7215,49.49,38.69,27.0,10.82,12.16,78.64,0.1408,0.8662,119.66
7216,52.01,31.53,24.79,19.13,14.34,36.86,0.1185,0.9065,128.54
7217,50.32,32.09,16.46,19.85,11.84,81.31,0.1805,0.8271,107.98
7218,36.22,16.84,23.12,25.74,10.18,92.61,0.1564,0.8458,94.81
7219,28.5,50.37,20.99,22.79,18.69,38.42,0.1769,0.8589,121.4
7220,44.0,30.41,29.07,12.74,9.19,44.24,0.1365,0.887,111.24
7221,39.29,20.8,21.31,16.33,19.85,25.16,0.1492,0.8942,105.15
7222,31.59,33.54,27.13,13.9,13.73,36.78,0.1244,0.9019,108.11
7223,34.43,28.7,25.61,19.58,16.37,42.7,0.1006,0.9175,114.41
7224,39.53,36.76,23.47,16.94,21.92,91.61,0.195,0.8083,112.04
7225,42.07,97.28,21.78,19.14,17.05,23.87,0.1881,0.8687,171.41
7226,35.55,25.95,25.44,15.58,13.06,77.91,0.1078,0.8977,103.76
7227,39.87,47.16,25.35,17.12,20.35,37.27,0.1195,0.9054,135.68
7228,39.42,30.7,21.16,23.0,9.46,1.1,0.1717,0.9724,120.33
7229,42.2,29.95,23.71,23.02,15.67,72.29,0.1269,0.8816,118.62
7230,32.19,57.84,23.55,16.13,18.86,35.46,0.1678,0.869,129.1
7231,34.41,37.64,27.42,10.44,13.59,34.08,0.1277,0.9013,111.32
7232,50.79,66.71,25.13,24.45,11.87,96.67,0.1235,0.8771,156.95
7233,37.93,34.29,26.11,19.83,11.27,14.65,0.113,0.9325,120.69
7234,43.81,60.44,25.48,17.47,14.7,38.83,0.1158,0.9073,146.89
7235,30.26,30.61,23.16,15.39,9.02,91.2,0.1858,0.8175,88.65
7236,49.5,26.61,22.38,18.75,9.25,86.53,0.191,0.8146,103.03
7237,49.21,41.7,31.32,19.4,13.06,76.35,0.1683,0.8411,130.09
7238,42.39,36.69,21.03,22.78,13.66,12.38,0.1738,0.9021,123.19
7239,35.09,20.5,33.36,29.02,15.96,56.77,0.1928,0.8301,111.18
7240,28.51,37.9,33.49,17.52,14.02,75.13,0.1572,0.8521,112.0
7241,58.19,25.81,21.69,25.19,12.93,53.48,0.1102,0.9043,130.06
7242,36.76,48.53,27.88,17.89,18.77,24.35,0.1991,0.8602,128.88
7243,28.53,26.84,27.79,18.15,16.06,77.31,0.1667,0.8422,98.84
7244,35.23,30.26,28.77,12.48,20.57,57.98,0.1923,0.8297,105.63
7245,43.19,23.23,27.14,13.33,14.95,29.9,0.1189,0.9114,111.05
7246,30.02,52.31,20.17,12.36,10.07,88.0,0.1964,0.8086,101.01
7247,35.28,41.53,32.32,24.97,12.91,5.6,0.1928,0.921,135.39
7248,28.47,87.0,33.41,22.21,11.42,58.61,0.107,0.905,165.18
7249,51.55,57.94,22.34,26.38,15.4,57.46,0.1057,0.9066,157.4
7250,39.34,29.34,21.3,14.61,15.48,50.83,0.1162,0.9004,108.11
7251,28.38,18.82,14.87,19.04,11.31,98.24,0.1188,0.8814,81.46
7252,32.8,27.23,27.42,18.62,14.31,34.79,0.1297,0.8993,108.25
7253,34.84,32.86,23.79,19.65,16.32,38.25,0.1787,0.8576,109.31
7254,40.18,17.02,19.13,14.72,12.02,53.7,0.112,0.9027,93.05
7255,32.71,24.92,25.81,23.59,24.69,84.24,0.1071,0.8966,118.1
7256,37.08,52.55,20.85,15.53,13.49,49.46,0.1552,0.8679,121.07
7257,34.9,24.82,27.21,18.11,14.42,73.83,0.1551,0.8547,102.11
7258,28.51,24.67,21.56,25.48,12.96,86.87,0.1622,0.8423,95.33
7259,32.68,43.06,20.96,20.85,10.82,37.31,0.1761,0.8606,110.48
7260,33.83,28.18,25.45,23.81,12.66,93.82,0.1091,0.8922,110.57
7261,30.25,35.17,23.15,19.61,13.34,64.94,0.1584,0.8559,104.01
7262,28.45,40.95,17.76,24.21,16.16,98.64,0.1483,0.8518,108.63
7263,35.24,27.33,30.86,21.86,15.28,1.75,0.1365,0.97,126.65
7264,46.92,47.66,23.1,11.69,11.36,47.72,0.1094,0.9077,127.73
7265,38.82,46.14,29.3,13.78,16.37,3.19,0.153,0.9524,137.53
7266,14.54,39.86,26.42,16.06,15.23,39.51,0.1035,0.9168,102.78
7267,48.08,64.06,15.58,19.72,18.66,78.0,0.1972,0.8129,135.03
7268,34.46,49.75,27.61,16.11,21.07,56.76,0.1884,0.8341,124.28
7269,51.5,31.39,23.07,24.72,16.96,54.45,0.1897,0.8346,123.23
7270,46.45,25.8,23.86,22.22,17.08,22.88,0.1293,0.9109,123.34
7271,37.55,37.24,35.99,19.46,12.69,81.06,0.1173,0.8878,126.88
7272,38.44,34.04,27.39,20.61,14.58,80.2,0.1097,0.8953,120.92
7273,30.87,34.19,24.27,25.98,7.54,18.25,0.1449,0.9069,111.42
7274,45.21,27.98,22.88,13.88,13.57,5.08,0.1043,0.9591,118.47
7275,52.93,35.58,34.78,23.66,16.51,94.32,0.176,0.8258,134.99
7276,34.18,65.38,24.96,21.34,19.81,73.89,0.1503,0.8591,142.34
7277,35.18,46.1,30.12,31.33,14.23,30.23,0.1708,0.8724,136.93
7278,55.79,36.97,26.72,24.58,14.15,17.18,0.171,0.8923,141.16
7279,40.69,57.43,25.8,21.61,13.72,58.2,0.1511,0.8661,137.92
7280,27.81,46.81,30.11,19.5,12.27,88.44,0.1741,0.8302,113.32
7281,29.09,30.71,26.22,22.78,12.11,19.66,0.1941,0.8724,105.48
7282,53.63,34.26,24.91,16.47,12.36,11.22,0.1008,0.9452,133.87
7283,43.79,50.18,27.6,13.07,18.77,5.09,0.124,0.9514,145.95
7284,31.6,38.52,19.28,20.69,14.42,35.88,0.1904,0.8509,105.93
7285,42.7,41.51,27.3,21.49,11.59,41.09,0.1701,0.8619,124.62
7286,33.34,21.2,25.61,14.75,11.92,96.03,0.1568,0.8442,90.18
7287,24.64,28.35,22.51,12.71,9.19,29.41,0.1546,0.8854,86.23
7288,37.24,34.21,26.77,22.28,13.92,74.19,0.1401,0.8686,116.75
7289,39.93,55.04,21.87,22.96,13.04,81.69,0.1598,0.8468,129.41
7290,27.46,74.57,20.75,17.01,15.5,43.2,0.1628,0.866,134.49
7291,29.94,24.41,30.72,14.25,17.23,20.22,0.1366,0.9094,106.01
7292,31.99,27.3,29.08,25.0,12.58,51.63,0.1382,0.8811,110.97
7293,38.37,41.85,29.1,23.88,14.31,54.31,0.1229,0.8929,131.71
7294,41.03,81.95,31.37,20.7,18.15,74.23,0.1575,0.8523,164.65
7295,28.46,23.5,28.48,30.38,12.91,21.67,0.1509,0.8977,111.08
7296,35.34,15.96,17.29,21.7,11.26,75.29,0.1461,0.8625,87.59
7297,36.23,37.37,29.84,19.89,16.26,30.0,0.1612,0.8798,122.83
7298,26.1,20.4,22.97,17.04,18.42,10.22,0.165,0.9134,95.85
7299,41.8,43.92,22.39,18.78,18.25,32.99,0.1401,0.8928,129.57
7300,44.77,47.84,27.98,14.37,12.88,14.45,0.1797,0.8932,132.06
7301,42.5,32.05,30.02,17.13,11.74,97.01,0.1078,0.8927,119.11
7302,29.43,29.24,27.42,27.02,14.25,76.04,0.14,0.8679,110.52
7303,44.78,26.32,24.19,20.83,15.08,36.44,0.1598,0.8743,114.71
7304,39.19,35.92,29.48,22.52,14.94,42.9,0.115,0.9056,128.64
7305,47.86,20.66,26.2,12.83,13.27,36.75,0.1227,0.9033,109.12
7306,43.83,29.11,27.02,27.44,18.52,28.9,0.1621,0.8804,128.47
7307,42.5,26.13,20.0,23.05,19.0,98.94,0.1538,0.8462,110.59
7308,37.74,39.09,18.58,18.83,10.91,15.13,0.1211,0.9269,116.0
7309,47.65,40.23,23.34,26.81,12.12,18.28,0.1418,0.9089,136.47
7310,30.85,61.51,20.05,13.07,14.28,19.75,0.1797,0.8817,123.22
7311,29.89,23.65,31.75,30.04,14.66,78.29,0.1545,0.8533,110.91
7312,61.94,30.48,17.63,19.24,16.45,56.3,0.178,0.8435,122.93
7313,24.46,50.89,21.46,14.25,13.84,12.9,0.1264,0.9277,115.87
7314,30.47,42.3,16.35,17.09,14.35,29.78,0.1092,0.9188,110.77
7315,46.43,26.87,26.98,14.7,7.93,50.78,0.1294,0.8891,109.28
7316,26.98,20.62,21.84,23.96,18.64,84.61,0.1072,0.8964,100.44
7317,45.89,73.37,33.35,18.28,9.62,18.81,0.1338,0.9132,164.84
7318,49.81,18.51,26.91,10.87,9.63,8.74,0.1625,0.9197,106.44
7319,50.77,21.25,23.56,13.28,10.21,91.39,0.1318,0.8704,103.65
7320,40.53,37.72,26.24,12.8,12.37,47.35,0.1183,0.9004,116.75
7321,30.62,51.4,27.21,24.13,18.04,99.5,0.1068,0.893,135.21
7322,32.68,24.64,28.94,21.46,18.04,12.07,0.1385,0.9227,116.05
7323,50.12,45.98,29.99,15.41,13.36,30.03,0.1967,0.8533,132.15
7324,25.07,23.37,23.07,18.24,10.45,18.38,0.1655,0.8934,89.52
7325,46.59,48.22,20.73,19.79,16.02,84.42,0.18,0.8261,125.03
7326,27.14,48.45,26.9,18.09,13.98,11.53,0.1649,0.9095,122.38
7327,39.24,24.64,33.6,17.39,17.51,76.63,0.1695,0.8398,111.17
7328,35.02,49.73,31.36,17.37,11.25,48.95,0.1582,0.8657,125.27
7329,36.46,23.64,34.53,27.53,14.06,86.2,0.1565,0.8481,115.54
7330,50.73,12.98,33.11,17.91,17.12,10.89,0.1532,0.9176,120.99
7331,35.69,33.0,19.27,26.97,17.81,15.4,0.1385,0.9159,121.57
7332,48.34,40.84,24.8,18.38,19.21,85.59,0.1621,0.843,127.78
7333,34.24,47.41,24.42,22.75,19.25,51.74,0.1805,0.8446,125.07
7334,42.1,53.77,25.57,24.66,14.53,31.7,0.1639,0.8759,140.69
7335,38.98,23.09,25.91,20.18,17.84,30.93,0.1197,0.9099,114.65
7336,29.02,34.85,30.47,18.31,17.99,40.57,0.1284,0.8961,117.07
7337,29.2,29.33,16.45,22.83,11.3,50.28,0.1698,0.8548,93.27
7338,37.9,34.82,28.98,18.36,16.8,6.32,0.1086,0.9531,130.45
7339,36.85,87.85,27.97,19.32,14.33,5.71,0.161,0.9335,173.93
7340,45.41,32.42,28.0,23.45,16.92,52.67,0.1601,0.8615,125.96
7341,25.16,23.65,22.01,17.34,16.46,30.21,0.1117,0.9165,95.88
7342,33.37,31.6,28.04,25.53,18.17,57.01,0.1307,0.8847,120.94
7343,43.44,49.08,22.44,21.49,16.9,83.69,0.1194,0.8849,135.69
7344,38.01,42.49,26.33,19.96,14.13,29.38,0.174,0.871,122.73
7345,28.36,53.06,24.2,21.49,15.6,64.19,0.1897,0.8279,118.16
7346,42.88,73.31,21.29,15.33,12.51,54.36,0.182,0.8414,139.11
7347,46.79,72.07,16.75,24.06,18.87,26.67,0.1465,0.8944,159.68
7348,32.02,25.39,29.29,21.62,17.71,63.64,0.123,0.8887,112.0
7349,47.73,47.23,22.65,28.88,11.19,95.09,0.16,0.8414,132.67
7350,35.23,17.39,23.92,22.46,16.01,80.26,0.1342,0.8718,100.27
7351,37.15,54.17,27.25,18.42,19.53,6.9,0.1046,0.953,149.16
7352,35.74,18.84,18.79,14.97,17.26,22.46,0.1459,0.9,95.05
7353,48.11,18.88,28.09,17.25,16.36,35.18,0.1513,0.8821,113.51
7354,38.7,32.44,26.37,23.97,16.95,83.72,0.1932,0.8138,112.65
7355,46.18,50.8,18.37,20.98,15.42,62.4,0.1441,0.8702,132.05
7356,36.12,24.04,21.85,13.85,12.81,64.84,0.1256,0.8858,96.26
7357,42.87,28.32,29.73,13.34,13.8,55.86,0.1532,0.8656,110.85
7358,31.3,25.06,30.98,25.75,12.95,22.25,0.12,0.918,115.72
7359,48.01,37.13,29.58,19.4,16.19,13.5,0.1749,0.8984,135.04
7360,37.55,50.61,21.18,19.68,18.82,20.72,0.1557,0.896,132.45
7361,49.99,35.24,22.14,19.1,18.35,52.07,0.1105,0.9047,131.02
7362,39.58,27.31,19.37,20.96,11.57,73.01,0.1548,0.8553,101.6
7363,40.77,64.65,28.67,22.71,12.43,96.79,0.1285,0.8721,147.58
7364,58.29,52.6,18.74,17.93,13.27,99.19,0.1192,0.8807,141.65
7365,45.96,25.59,33.71,24.7,15.61,7.42,0.1087,0.9497,138.24
7366,41.56,24.48,24.69,14.4,12.33,98.72,0.1917,0.8084,94.95
7367,30.25,29.75,23.51,25.48,17.61,36.79,0.1798,0.8582,108.65
7368,33.96,51.8,22.6,21.58,11.18,99.56,0.1824,0.8173,115.35
7369,46.28,12.42,21.54,15.16,17.38,70.73,0.107,0.9008,101.58
7370,37.34,59.1,24.88,26.29,16.69,79.91,0.199,0.8102,133.11
7371,38.34,30.33,20.38,21.66,11.16,85.6,0.1971,0.8091,98.61
7372,31.34,21.45,29.9,24.0,14.7,17.27,0.1737,0.8904,108.09
7373,43.24,37.04,29.19,11.59,13.52,43.77,0.1921,0.8414,113.24
7374,40.83,39.17,26.08,16.89,11.78,27.11,0.185,0.8659,116.69
7375,45.7,49.58,29.24,19.02,16.98,11.8,0.1714,0.9051,145.3
7376,49.9,55.37,20.76,20.22,15.83,20.19,0.1402,0.907,147.01
7377,43.59,40.19,19.42,23.35,12.74,7.87,0.1645,0.9221,128.44
7378,30.62,42.85,27.32,23.57,20.17,39.17,0.1744,0.8601,124.31
7379,27.9,35.91,24.32,10.7,14.17,22.56,0.1311,0.9101,102.85
7380,45.85,45.67,25.36,17.52,12.39,46.32,0.1448,0.8787,128.99
7381,40.96,27.42,19.81,18.21,15.48,43.45,0.1989,0.8361,101.91
7382,54.01,29.92,25.26,21.58,19.77,60.95,0.1709,0.8468,127.48
7383,40.2,18.7,19.32,23.8,11.66,95.93,0.155,0.8461,96.18
7384,26.18,67.75,30.41,23.41,15.36,95.45,0.1101,0.8907,145.29
7385,29.87,27.19,24.76,23.54,14.41,88.08,0.1488,0.855,102.4
7386,34.0,53.81,32.0,18.75,15.94,28.17,0.106,0.9223,142.5
7387,53.93,57.91,25.88,22.43,12.25,88.7,0.175,0.8291,142.94
7388,49.35,18.86,21.24,12.9,16.28,7.16,0.1076,0.951,112.82
7389,35.71,36.96,28.91,22.19,16.01,65.52,0.1718,0.8434,117.89
7390,38.45,45.51,19.33,26.2,17.47,65.23,0.1369,0.8754,128.65
7391,29.1,28.07,23.52,13.75,16.32,11.89,0.1051,0.9416,104.29
7392,28.82,20.26,24.15,19.85,17.74,58.18,0.1199,0.8938,99.05
7393,48.95,63.36,13.63,24.87,16.24,14.18,0.1619,0.9044,151.08
7394,47.53,45.36,32.29,22.95,17.86,95.99,0.171,0.8301,137.8
7395,37.79,35.58,27.7,25.12,17.26,47.55,0.1708,0.856,122.8
7396,54.74,23.03,17.87,21.11,16.44,81.1,0.1618,0.8451,112.56
7397,43.47,23.32,26.6,25.88,16.76,49.8,0.1441,0.8771,119.32
7398,41.69,37.42,19.39,22.35,16.04,19.65,0.1456,0.9043,123.79
7399,41.74,29.06,26.56,19.45,12.99,12.55,0.1014,0.9426,122.35
7400,31.51,38.21,20.41,21.05,15.32,35.09,0.1253,0.9025,114.15
7401,47.55,40.63,25.35,23.52,13.36,93.96,0.1683,0.8336,125.38
7402,47.62,29.22,27.01,19.55,16.56,4.91,0.1576,0.9392,131.45
7403,41.92,68.91,26.28,19.06,8.1,34.4,0.1745,0.8648,142.07
7404,31.05,25.87,23.41,19.97,14.06,51.91,0.1082,0.9068,103.7
7405,48.71,23.95,21.68,13.09,11.34,51.78,0.1648,0.8581,101.91
7406,25.6,41.4,23.63,14.6,14.94,22.72,0.1053,0.9276,111.46
7407,33.81,42.44,30.07,14.91,12.28,40.62,0.1179,0.9045,120.76
7408,44.64,23.45,27.39,22.09,20.14,6.94,0.1998,0.9101,125.33
7409,36.73,30.51,28.82,26.95,11.53,78.38,0.1784,0.8306,111.76
7410,32.08,18.9,24.85,17.11,13.75,93.28,0.1592,0.8429,89.93
7411,51.07,27.92,30.11,19.94,19.59,51.89,0.1527,0.8685,129.08
7412,49.07,48.26,32.45,21.1,18.45,75.64,0.1818,0.8287,140.32
7413,48.53,20.86,18.21,11.27,18.38,61.44,0.1355,0.8784,102.98
7414,42.66,22.62,19.71,21.19,10.12,30.27,0.1091,0.9184,106.81
7415,40.28,25.12,30.4,24.91,14.37,79.46,0.1804,0.8282,111.87
7416,53.9,55.24,33.63,16.41,12.03,46.36,0.1469,0.8769,150.14
7417,51.48,52.2,19.46,19.45,16.3,93.08,0.19,0.8125,129.1
7418,39.33,15.12,18.2,23.07,17.11,60.99,0.1467,0.8686,98.0
7419,61.69,17.13,21.21,16.3,18.73,34.01,0.153,0.8819,119.1
7420,39.0,36.26,22.56,19.83,15.16,88.37,0.1741,0.8302,110.26
7421,43.08,18.4,25.76,23.6,13.14,62.26,0.1155,0.896,111.08
7422,51.12,56.72,28.87,12.13,12.94,39.52,0.1087,0.9127,147.66
7423,42.97,14.52,24.08,21.06,15.02,71.59,0.1262,0.8826,103.84
7424,37.89,25.91,33.65,17.82,16.33,85.99,0.1885,0.8172,107.54
7425,43.05,38.03,24.77,23.97,17.14,3.27,0.1854,0.9416,138.38
7426,39.96,63.1,21.56,27.34,15.78,30.41,0.1119,0.9162,153.7
7427,22.96,34.94,20.23,14.31,11.49,23.02,0.1973,0.8638,89.78
7428,48.03,39.72,22.83,14.07,15.44,32.76,0.1249,0.9045,126.71
7429,35.02,37.58,25.95,17.19,16.06,83.84,0.1809,0.8256,108.81
7430,30.8,50.99,24.37,22.36,7.84,42.48,0.1749,0.8568,116.82
7431,49.64,39.59,23.04,19.73,15.6,34.58,0.1847,0.8568,126.45
7432,43.03,47.01,23.43,26.24,14.97,58.23,0.1891,0.8324,128.76
7433,45.44,47.39,21.06,14.51,17.25,26.31,0.1204,0.9135,133.04
7434,38.99,54.12,26.14,16.45,12.7,65.92,0.1592,0.8547,126.83
7435,41.79,14.67,34.97,27.44,14.74,4.36,0.1081,0.9606,128.34
7436,37.59,19.05,23.44,19.44,14.08,35.63,0.1087,0.915,103.95
7437,33.11,45.88,26.88,28.22,15.45,48.93,0.1689,0.8566,128.09
7438,45.48,76.77,22.58,23.13,12.34,53.28,0.1598,0.8614,155.31
7439,41.9,39.86,33.51,20.68,17.5,7.28,0.1677,0.923,141.65
7440,53.77,31.57,22.14,22.45,10.64,83.19,0.1002,0.9035,127.01
7441,22.11,51.91,22.96,12.85,16.32,39.28,0.109,0.9125,115.12
7442,49.43,59.38,17.04,25.02,22.77,45.39,0.1095,0.9087,157.79
7443,36.9,45.82,15.64,21.33,14.39,95.49,0.1212,0.8798,117.95
7444,36.14,34.5,23.92,11.98,18.53,71.39,0.1495,0.861,107.68
7445,44.68,35.7,22.22,20.15,13.67,70.64,0.1585,0.853,116.37
7446,32.89,38.88,27.51,19.03,19.61,56.34,0.1534,0.8651,119.33
7447,36.4,59.47,27.62,24.54,14.44,95.47,0.1369,0.8642,140.41
7448,44.76,41.42,25.99,17.25,15.3,98.85,0.1529,0.8472,122.6
7449,35.72,41.63,27.42,21.68,15.32,35.85,0.142,0.8888,126.0
7450,34.35,51.3,28.09,17.27,11.31,59.48,0.1694,0.8491,120.85
7451,34.34,34.31,27.08,11.49,16.67,2.72,0.1873,0.9466,117.27
7452,42.81,38.8,22.13,14.22,14.83,77.45,0.155,0.8531,113.29
7453,30.36,76.8,20.91,19.48,14.51,87.67,0.1635,0.8408,136.27
7454,46.05,27.14,23.71,18.5,9.0,56.58,0.1787,0.8427,104.83
7455,56.92,27.86,23.02,21.5,19.97,17.91,0.1779,0.8864,132.33
7456,40.03,24.82,25.9,18.13,21.84,41.78,0.1824,0.8512,111.26
7457,43.48,39.71,30.0,15.66,7.35,63.82,0.128,0.884,120.41
7458,42.12,40.67,23.35,18.85,15.38,87.25,0.1227,0.8807,123.61
7459,32.53,16.26,25.91,13.04,15.45,63.38,0.1791,0.838,86.47
7460,42.53,51.47,34.87,19.63,20.37,72.94,0.1744,0.8371,141.35
7461,41.78,22.7,26.65,10.86,12.87,51.25,0.117,0.8995,103.3
7462,54.18,41.91,27.52,21.35,19.31,53.0,0.116,0.8996,147.76
7463,41.98,36.83,33.29,21.56,12.51,21.68,0.1101,0.9254,135.26
7464,49.94,11.27,23.99,24.91,14.8,45.37,0.1278,0.8935,111.6
7465,43.43,13.58,28.22,17.96,18.13,46.8,0.1709,0.8565,103.92
7466,35.93,22.35,20.72,22.55,16.54,6.54,0.1868,0.918,108.41
7467,30.52,56.07,23.2,13.25,15.14,83.84,0.1997,0.8074,111.57
7468,42.47,16.54,23.22,21.17,15.91,62.61,0.1853,0.8329,99.37
7469,46.08,54.6,27.36,17.09,18.33,7.55,0.1982,0.9077,148.37
7470,39.29,17.27,35.4,17.74,14.7,91.28,0.1147,0.8873,110.38
7471,34.94,14.6,21.07,26.48,16.06,59.24,0.1366,0.8784,99.39
7472,51.26,39.41,30.57,16.76,18.84,40.62,0.1203,0.9026,141.55
7473,36.47,34.52,29.26,21.9,15.27,17.59,0.1286,0.9184,126.2
7474,30.78,17.31,26.17,20.03,13.64,31.28,0.111,0.9163,98.9
7475,39.48,21.64,26.36,23.58,17.15,42.77,0.1863,0.8472,108.62
7476,40.62,39.54,28.59,15.59,18.64,60.46,0.1057,0.9054,129.46
7477,34.12,30.17,25.13,14.04,18.61,92.35,0.1423,0.8598,104.96
7478,39.27,44.86,22.86,15.07,17.09,2.71,0.1118,0.9682,134.73
7479,26.44,30.6,30.6,13.9,19.73,34.54,0.1452,0.8874,107.6
7480,43.39,51.94,24.32,18.4,15.52,27.87,0.1263,0.9078,139.42
7481,31.6,22.12,25.68,19.3,13.61,81.65,0.1671,0.8398,94.32
7482,36.95,44.27,20.0,22.51,10.84,44.85,0.1902,0.842,113.3
7483,34.59,21.08,24.66,22.32,12.04,67.84,0.1099,0.899,103.11
7484,51.21,39.58,17.88,13.8,16.4,66.95,0.1028,0.9058,125.8
7485,37.57,45.2,25.73,22.05,16.4,5.1,0.1467,0.9424,138.49
7486,33.25,22.88,17.87,17.01,19.35,31.3,0.1066,0.9196,101.49
7487,56.72,40.71,16.29,22.41,16.98,90.7,0.1139,0.8882,135.99
7488,54.36,43.85,17.74,10.02,16.27,73.76,0.1664,0.8441,120.06
7489,46.69,42.75,27.28,19.06,13.32,91.53,0.1773,0.8257,123.11
7490,44.5,25.97,20.15,20.88,18.55,59.73,0.1451,0.8706,113.22
7491,33.08,30.26,24.36,18.19,22.26,66.79,0.1637,0.8502,108.95
7492,48.7,69.34,21.81,20.34,14.05,93.75,0.1911,0.8111,141.32
7493,42.92,24.57,27.14,24.26,12.79,81.64,0.1476,0.8586,113.05
7494,34.91,37.02,16.18,18.78,12.98,31.75,0.199,0.8493,101.79
7495,41.13,32.22,24.74,23.55,19.94,60.6,0.1032,0.9077,128.5
7496,36.29,40.06,22.95,22.8,17.27,5.77,0.1175,0.9512,132.56
7497,27.82,61.38,28.67,17.05,15.25,90.05,0.1301,0.8726,131.04
7498,50.92,27.62,28.03,9.7,16.71,88.33,0.166,0.8381,111.46
7499,25.49,40.51,14.29,20.09,10.18,27.3,0.1094,0.9206,101.78
7500,57.25,46.47,30.87,24.96,20.15,24.86,0.1606,0.8866,159.33
7501,38.29,30.65,30.17,24.52,17.11,68.41,0.1482,0.8636,121.54
7502,43.62,24.92,27.29,21.23,17.54,1.11,0.1121,0.9818,132.16
7503,44.27,36.44,18.04,17.7,13.65,41.5,0.1688,0.8626,112.23
7504,32.08,35.32,27.55,22.83,11.38,30.57,0.1398,0.8952,115.63
7505,38.32,18.18,28.5,14.65,15.6,7.1,0.1864,0.9153,105.48
7506,39.19,25.55,23.41,21.59,16.58,30.84,0.1055,0.9208,116.31
7507,35.17,46.8,29.72,23.98,15.51,34.11,0.1152,0.911,137.71
7508,48.3,29.23,33.43,19.68,17.75,82.41,0.1537,0.8523,126.48
7509,30.32,42.1,23.04,15.71,12.39,81.64,0.1902,0.8177,101.03
7510,41.59,22.99,20.54,19.74,12.36,87.02,0.1895,0.8158,95.62
7511,26.32,36.8,23.96,21.36,12.63,13.1,0.1051,0.9396,113.75
7512,41.91,36.77,27.65,15.98,11.7,20.26,0.1207,0.9199,123.27
7513,41.36,39.45,24.93,18.32,13.75,16.99,0.1776,0.8885,122.45
7514,55.26,30.1,20.21,23.35,13.98,61.5,0.1307,0.8826,126.12
7515,35.08,37.3,30.82,23.84,15.5,28.3,0.179,0.8687,123.82
7516,38.64,74.7,24.15,20.49,17.69,81.12,0.1778,0.8298,145.77
7517,38.08,41.39,28.02,16.72,16.11,94.26,0.1579,0.8438,118.4
7518,53.45,63.07,28.22,11.35,10.71,3.09,0.1777,0.9456,157.73
7519,35.39,32.66,24.1,21.12,17.41,47.27,0.173,0.8544,111.65
7520,41.8,12.42,28.11,13.92,11.67,97.53,0.1669,0.8337,89.96
7521,37.65,47.27,33.66,20.6,8.7,56.09,0.1665,0.8537,126.25
7522,38.79,76.82,29.57,17.48,17.47,79.58,0.1757,0.8325,149.96
7523,40.09,36.99,16.9,22.58,18.03,54.06,0.1201,0.8954,120.52
7524,48.78,27.86,24.12,15.51,19.09,74.73,0.1271,0.8806,119.2
7525,51.63,36.27,21.54,14.17,15.81,16.91,0.1188,0.9255,129.04
7526,28.9,55.81,31.02,21.45,19.43,67.05,0.1146,0.895,140.15
7527,46.25,36.96,24.99,19.83,10.15,81.26,0.181,0.8267,114.23
7528,50.04,26.72,24.25,22.81,13.92,73.57,0.1974,0.8152,112.28
7529,42.72,23.58,17.5,25.17,17.73,31.8,0.1035,0.9216,116.77
7530,49.47,46.58,40.31,18.08,14.98,34.07,0.1645,0.8729,147.9
7531,30.01,122.48,25.54,22.98,16.51,97.63,0.1555,0.845,183.8
7532,44.06,21.92,24.24,13.44,16.44,92.35,0.1171,0.8847,106.25
7533,49.99,44.96,17.44,14.98,17.68,52.19,0.1295,0.8882,128.84
7534,34.96,46.08,25.87,19.98,20.8,69.65,0.1111,0.8973,132.52
7535,29.7,22.35,24.72,18.49,16.48,81.26,0.163,0.8439,94.29
7536,49.13,48.31,25.64,11.14,16.84,59.25,0.186,0.8344,126.05
7537,36.62,79.02,18.04,27.04,12.27,8.36,0.1782,0.9135,158.02
7538,35.37,51.29,16.67,11.35,13.68,48.07,0.1184,0.8999,115.51
7539,24.96,30.23,33.47,18.11,15.49,84.6,0.1031,0.9004,110.07
7540,35.89,20.3,19.15,23.7,14.53,33.16,0.1515,0.8838,100.39
7541,34.41,41.87,27.62,19.09,11.53,50.76,0.1575,0.865,116.36
7542,25.58,33.02,23.59,22.35,18.0,21.33,0.1217,0.9179,112.49
7543,35.32,45.53,29.98,16.85,13.48,82.54,0.1121,0.8922,125.94
7544,49.48,31.05,25.95,20.48,14.93,20.99,0.1884,0.8736,123.96
7545,42.74,24.28,25.46,25.49,11.24,74.47,0.13,0.8779,113.43
7546,26.9,36.03,25.71,18.06,16.99,64.27,0.1506,0.8633,106.8
7547,43.12,55.77,21.15,21.86,14.34,93.61,0.1469,0.8548,133.55
7548,45.81,48.46,19.2,18.92,16.8,59.44,0.1948,0.8265,123.3
7549,40.83,31.27,23.78,20.5,6.79,69.7,0.1392,0.8713,107.32
7550,39.72,21.84,17.35,21.84,12.72,99.37,0.1912,0.8087,91.76
7551,33.66,31.16,14.4,15.05,17.61,33.41,0.1346,0.8966,100.31
7552,43.35,30.84,25.72,15.67,14.82,24.85,0.1912,0.865,112.8
7553,44.68,34.3,23.63,17.46,21.43,35.16,0.1001,0.922,130.46
7554,42.24,77.26,29.88,22.69,15.93,69.59,0.1219,0.8873,166.82
7555,53.96,30.92,29.22,23.76,17.65,48.0,0.1386,0.8829,137.3
7556,38.36,36.9,27.58,26.85,17.08,62.76,0.1865,0.8317,122.08
7557,29.57,47.76,27.51,18.38,12.95,97.03,0.184,0.8168,111.22
7558,53.39,42.87,21.04,17.77,14.16,54.3,0.1293,0.8873,132.43
7559,24.88,62.9,27.37,20.47,17.02,66.68,0.1507,0.8621,131.6
7560,36.81,28.16,21.95,15.57,16.32,16.81,0.1546,0.9033,107.33
7561,32.63,26.85,27.91,23.82,9.78,33.1,0.1984,0.848,102.6
7562,39.18,30.21,38.78,16.16,18.01,81.29,0.1344,0.8713,124.02
7563,38.91,24.13,12.98,15.46,15.46,1.17,0.1954,0.9672,103.43
7564,32.35,35.77,28.68,14.47,9.26,61.46,0.1504,0.865,104.25
7565,48.54,37.26,25.36,17.31,13.13,76.54,0.1654,0.8437,119.47
7566,38.92,30.64,21.89,18.7,17.03,33.48,0.1676,0.8712,110.8
7567,49.75,43.56,28.75,16.91,13.13,30.34,0.1588,0.8812,134.03
7568,30.65,44.06,18.69,15.78,13.34,22.13,0.163,0.8888,108.89
7569,31.36,26.14,35.27,25.94,17.22,76.28,0.1898,0.8208,111.58
7570,31.15,44.04,30.3,18.73,12.93,98.29,0.1417,0.8586,117.75
7571,44.15,22.06,22.23,21.3,17.02,70.69,0.1667,0.8453,107.16
7572,53.98,24.15,15.36,21.83,11.36,77.57,0.1249,0.8817,111.69
7573,37.57,62.03,21.87,17.71,17.4,32.31,0.1722,0.8689,136.06
7574,21.49,31.96,32.16,14.79,18.41,71.01,0.1989,0.8153,96.86
7575,43.8,32.28,34.6,17.71,15.51,62.88,0.1811,0.8366,120.39
7576,45.32,68.18,23.81,21.48,15.01,15.11,0.1101,0.9335,162.25
7577,31.73,37.54,28.56,15.95,11.84,66.03,0.1645,0.8498,106.74
7578,44.52,31.56,22.94,22.08,17.84,93.5,0.1402,0.8615,119.7
7579,46.49,24.42,23.56,9.14,15.37,50.59,0.1394,0.8806,104.77
7580,23.61,42.16,20.63,19.83,18.42,87.42,0.1394,0.8643,107.73
7581,48.93,62.5,31.99,22.45,16.69,90.01,0.169,0.8345,152.34
7582,49.43,34.07,21.46,24.29,19.25,8.88,0.1053,0.9476,140.73
7583,37.53,58.61,26.98,13.99,17.64,83.45,0.1393,0.8658,133.98
7584,45.16,33.03,25.87,21.29,17.89,53.73,0.1075,0.9066,129.86
7585,55.81,25.87,38.09,26.65,15.85,64.68,0.1911,0.8263,134.09
7586,34.74,28.82,25.16,29.12,14.05,12.4,0.1056,0.9405,124.03
7587,49.29,25.98,22.48,20.01,14.89,12.98,0.1135,0.935,124.02
7588,41.96,60.72,21.35,16.19,13.79,72.23,0.1352,0.8739,134.6
7589,30.88,55.03,29.57,26.04,16.61,83.02,0.1627,0.8435,133.38
7590,25.43,40.91,35.11,22.68,10.41,98.22,0.1523,0.8479,114.09
7591,45.77,13.56,34.04,27.92,16.03,92.75,0.1496,0.8525,117.08
7592,29.55,63.21,22.55,27.29,15.6,81.47,0.1021,0.9022,142.73
7593,47.74,30.05,29.06,13.4,15.46,97.11,0.1658,0.8349,113.3
7594,22.52,27.29,19.8,21.92,12.63,71.25,0.1373,0.8724,90.88
7595,41.19,30.63,24.88,21.17,11.13,99.39,0.1712,0.8286,106.91
7596,37.44,35.56,18.14,23.73,12.72,38.02,0.1422,0.8868,113.15
7597,53.42,41.58,25.23,20.12,14.83,6.22,0.1831,0.9214,142.97
7598,41.81,54.08,19.94,28.02,14.73,72.59,0.1203,0.8877,140.77
7599,44.9,43.24,24.66,19.23,14.46,23.97,0.1685,0.8823,129.24
7600,36.55,35.41,31.63,19.2,14.96,37.84,0.1907,0.8485,116.87
7601,38.57,30.16,20.75,24.3,12.31,28.56,0.1125,0.9173,115.66
7602,48.42,24.63,22.98,19.54,15.59,1.73,0.1944,0.9577,125.61
7603,40.13,40.75,29.78,20.03,9.29,50.89,0.1429,0.8775,122.83
7604,32.65,43.26,23.11,15.79,18.5,9.04,0.1413,0.9292,123.86
7605,49.12,25.79,18.98,16.79,14.0,22.99,0.1119,0.9228,115.06
7606,53.49,22.96,22.92,14.85,19.44,41.28,0.1891,0.8462,113.1
7607,52.02,47.89,25.13,18.01,14.52,51.49,0.1654,0.8577,135.14
7608,50.32,29.56,28.09,16.41,16.23,75.01,0.1862,0.8249,115.99
7609,37.74,21.94,16.02,15.56,20.11,21.77,0.171,0.8839,98.45
7610,32.15,23.97,27.84,18.6,15.95,49.24,0.1455,0.8762,103.84
7611,30.51,43.03,25.98,23.86,12.92,68.21,0.1461,0.8656,117.98
7612,29.54,65.63,14.48,15.43,17.87,61.83,0.1849,0.8338,119.19
7613,39.25,52.54,23.66,21.44,15.93,16.89,0.1474,0.9077,138.72
7614,54.17,16.51,25.55,23.58,11.58,83.0,0.1151,0.8892,116.84
7615,26.77,33.68,20.65,14.37,10.82,2.84,0.1357,0.9603,102.06
7616,40.13,48.51,19.74,15.44,12.73,44.39,0.182,0.8492,115.96
7617,37.44,19.4,24.73,27.27,19.58,30.37,0.1026,0.9232,118.56
7618,30.59,66.88,24.87,21.03,15.45,10.88,0.1506,0.9191,145.97
7619,37.97,17.03,14.35,22.25,14.83,76.29,0.1334,0.8741,93.02
7620,50.32,44.58,21.52,18.0,18.69,86.96,0.1393,0.8645,132.37
7621,41.82,30.42,20.93,18.11,20.46,53.97,0.1276,0.889,117.12
7622,45.02,38.19,18.3,11.8,15.15,57.27,0.1742,0.8462,108.71
7623,48.55,36.22,29.28,18.07,17.04,56.29,0.1944,0.8291,123.67
7624,43.09,24.66,29.71,23.77,17.09,36.16,0.1351,0.8939,123.65
7625,37.05,43.37,17.72,18.28,18.4,52.55,0.1457,0.874,117.84
7626,40.8,31.97,24.1,28.04,14.72,55.73,0.1697,0.8512,118.85
7627,31.41,44.19,27.16,18.43,18.69,99.78,0.1468,0.853,119.32
7628,40.46,26.98,29.96,13.18,10.15,34.09,0.1543,0.8808,106.33
7629,40.98,31.74,29.36,23.02,16.13,78.58,0.156,0.8517,120.29
7630,50.54,43.73,23.22,24.66,12.27,28.41,0.1641,0.8795,135.81
7631,37.41,26.21,25.44,16.8,13.4,30.76,0.1424,0.8931,106.49
7632,37.41,55.92,30.47,24.38,19.5,4.96,0.1149,0.9555,160.2
7633,27.87,39.39,22.93,18.02,13.92,15.5,0.139,0.9154,111.8
7634,45.19,77.36,20.4,25.62,15.03,41.09,0.1862,0.8488,155.84
7635,28.25,32.78,30.64,24.16,14.3,81.14,0.1295,0.876,113.99
7636,36.02,39.04,19.77,20.41,15.38,53.69,0.1571,0.8635,112.78
7637,34.32,31.98,16.38,23.94,18.13,44.54,0.1083,0.9102,113.54
7638,47.13,35.08,26.45,23.98,14.66,83.87,0.1708,0.8353,123.04
7639,43.9,43.71,28.58,30.84,18.01,74.98,0.1394,0.869,143.42
7640,45.66,66.87,31.09,19.93,16.73,42.13,0.1179,0.9036,162.9
7641,47.56,62.04,28.32,13.32,11.33,98.92,0.1786,0.8214,133.54
7642,34.88,47.84,28.94,17.11,16.31,79.94,0.1981,0.811,117.66
7643,33.06,22.84,19.41,22.86,18.71,41.55,0.1285,0.8953,104.64
7644,26.53,30.2,26.9,17.87,15.15,81.46,0.1095,0.8951,104.42
7645,41.02,44.22,27.87,17.43,15.79,56.94,0.1199,0.8944,130.87
7646,33.74,25.46,21.94,19.87,16.56,6.85,0.1749,0.9218,108.37
7647,43.61,34.77,25.04,27.89,18.32,72.25,0.126,0.8825,132.05
7648,49.28,37.32,30.82,16.02,19.4,40.38,0.1189,0.9039,138.16
7649,47.44,72.49,29.4,12.6,17.86,72.75,0.1776,0.8342,149.97
7650,40.97,32.87,31.01,27.35,15.49,47.61,0.1374,0.8841,130.57
7651,40.62,18.65,22.39,22.5,17.29,29.32,0.1455,0.8922,108.36
7652,39.93,47.64,32.64,12.92,17.83,30.22,0.1965,0.8531,128.78
7653,57.0,53.16,22.29,18.32,12.0,18.47,0.162,0.8956,145.77
7654,35.34,87.08,17.71,22.3,7.94,89.34,0.1276,0.8752,149.1
7655,40.63,29.35,24.39,19.28,9.83,95.39,0.12,0.8809,108.78
7656,38.55,20.21,24.51,17.79,14.36,70.38,0.149,0.8619,99.49
7657,33.73,40.3,20.75,20.54,15.74,8.48,0.1791,0.9125,119.6
7658,36.96,43.17,26.94,28.73,11.92,49.34,0.1159,0.9013,133.15
7659,40.22,44.11,37.19,19.11,16.1,8.45,0.1526,0.9256,145.07
7660,30.52,29.78,27.51,17.62,15.39,31.93,0.1673,0.8731,105.48
7661,53.19,41.54,29.31,19.54,13.37,4.78,0.1107,0.9578,150.33
7662,45.81,36.53,28.69,17.46,17.12,99.55,0.1736,0.8262,120.29
7663,48.74,27.94,22.02,12.87,10.81,43.32,0.1851,0.8476,103.73
7664,38.71,22.57,19.78,19.7,15.45,28.27,0.17,0.8754,101.73
7665,37.5,30.75,24.26,19.51,19.67,9.01,0.1137,0.9431,124.2
7666,38.29,34.07,25.06,17.09,14.4,15.23,0.1258,0.9239,119.1
7667,34.43,46.07,31.5,16.62,17.31,23.66,0.119,0.9172,133.83
7668,50.4,34.56,21.22,18.21,17.21,44.99,0.1887,0.8431,119.39
7669,51.17,28.52,25.15,26.15,13.92,14.62,0.1653,0.9014,130.62
7670,44.4,43.38,24.99,29.55,10.89,10.26,0.1522,0.92,140.95
7671,53.58,34.0,23.55,23.42,13.18,68.11,0.1517,0.8604,127.12
7672,59.17,26.51,27.72,19.01,15.94,59.74,0.1766,0.8425,124.99
7673,54.77,40.11,26.19,15.82,18.16,19.13,0.1417,0.9076,140.74
7674,36.25,45.72,31.88,18.99,10.16,51.42,0.1235,0.8938,127.81
7675,20.65,33.78,25.76,27.4,12.62,24.42,0.1631,0.8854,106.43
7676,45.94,67.72,15.33,22.62,15.08,9.43,0.1869,0.9048,150.82
7677,43.41,57.37,19.92,23.11,12.49,71.95,0.1472,0.8629,134.88
7678,40.87,43.12,22.35,17.96,19.33,53.09,0.1361,0.8821,126.69
7679,38.14,30.25,12.64,21.44,14.58,60.76,0.1016,0.9091,106.41
7680,50.81,16.9,19.67,23.07,15.81,15.92,0.1992,0.8776,110.81
7681,27.63,21.51,29.89,19.0,12.49,75.39,0.1348,0.8731,96.5
7682,52.26,49.97,17.38,13.99,17.16,77.1,0.1875,0.8225,124.0
7683,53.87,24.19,27.53,19.21,12.24,50.43,0.1533,0.8689,119.07
7684,41.2,41.24,18.54,13.06,16.35,86.81,0.1043,0.8987,117.18
7685,42.27,24.48,24.89,22.93,19.8,99.2,0.1354,0.8645,116.17
7686,30.51,32.56,24.98,18.19,17.48,44.35,0.1242,0.8971,110.99
7687,48.04,28.88,26.29,22.74,15.58,69.78,0.1399,0.8706,123.21
7688,50.17,48.91,17.78,20.07,12.65,3.1,0.1409,0.9568,143.12
7689,46.11,50.3,30.04,26.36,12.86,7.81,0.1634,0.9228,152.87
7690,30.08,18.33,22.74,22.58,16.33,50.71,0.1632,0.8601,94.67
7691,27.12,60.05,20.42,25.72,15.43,18.06,0.1724,0.8897,132.34
7692,38.08,31.52,27.31,22.82,17.72,3.3,0.1877,0.9406,129.28
7693,40.63,54.04,24.89,16.49,14.87,7.23,0.1549,0.9291,140.23
7694,48.12,59.23,21.41,15.16,16.6,11.36,0.1279,0.9302,149.31
7695,38.08,27.93,22.95,24.13,15.3,92.98,0.1919,0.8107,104.08
7696,48.5,66.91,10.74,21.18,16.94,67.88,0.1837,0.8312,136.55
7697,49.03,17.12,24.0,15.63,14.08,79.09,0.1405,0.8663,103.84
7698,43.79,23.13,22.89,19.37,10.62,17.84,0.1425,0.9091,108.91
7699,46.95,29.61,22.72,18.98,17.99,33.23,0.1446,0.889,121.13
7700,36.67,23.15,21.21,25.07,14.59,12.18,0.1403,0.9215,111.21
7701,30.87,19.62,28.07,19.35,19.07,86.95,0.1936,0.8118,94.96
7702,35.45,52.76,27.12,21.73,15.31,45.14,0.1206,0.8997,137.08
7703,33.34,29.26,26.41,18.99,15.09,88.65,0.1678,0.8362,102.93
7704,49.69,36.11,19.76,17.33,19.0,64.92,0.1164,0.8941,126.86
7705,46.9,45.88,21.73,24.72,13.05,91.61,0.1032,0.8985,136.82
7706,23.76,54.14,10.96,17.9,13.69,70.63,0.1088,0.8991,108.29
7707,41.43,65.1,27.11,23.3,16.32,55.04,0.1036,0.9094,157.56
7708,25.71,24.68,31.65,25.86,12.46,1.98,0.1813,0.9571,115.19
7709,31.33,64.99,14.61,22.18,20.38,32.39,0.1992,0.8482,130.19
7710,46.66,37.34,29.96,17.77,14.06,62.73,0.1944,0.8246,120.21
7711,26.21,37.44,30.85,14.75,14.43,99.57,0.1019,0.898,111.05
7712,29.09,31.31,20.49,30.69,19.08,52.05,0.1814,0.8436,110.22
7713,31.81,39.6,38.16,24.01,15.19,66.48,0.1335,0.8779,130.61
7714,27.32,64.9,20.31,22.61,12.52,93.48,0.1084,0.8929,131.85
7715,28.64,45.53,22.62,28.55,17.92,12.5,0.1401,0.9208,131.92
7716,39.55,54.32,23.75,25.67,17.6,53.84,0.152,0.8678,139.62
7717,26.52,24.71,27.63,23.72,11.65,78.91,0.1458,0.8613,98.39
7718,38.01,29.44,20.79,20.57,12.92,38.8,0.1107,0.9115,110.96
7719,40.07,36.18,22.55,19.94,12.03,59.26,0.1939,0.8274,108.2
7720,46.02,42.82,18.27,26.23,3.9,70.91,0.1915,0.8223,112.85
7721,47.43,40.19,25.56,15.41,21.34,76.73,0.1696,0.8397,125.9
7722,28.99,71.84,31.72,24.33,10.77,27.16,0.1276,0.9075,152.15
7723,29.41,26.82,23.96,12.77,12.52,21.2,0.1662,0.8881,93.67
7724,28.96,42.18,28.42,15.17,16.49,92.16,0.1174,0.8844,116.05
7725,46.33,42.91,23.21,20.08,16.02,3.29,0.1318,0.9583,142.36
7726,42.76,29.82,32.54,26.49,16.97,80.64,0.1941,0.8145,121.02
7727,37.17,34.1,25.36,20.4,15.86,22.93,0.1024,0.9294,123.51
7728,30.46,26.85,19.7,19.34,19.58,76.59,0.1317,0.8756,101.5
7729,41.24,39.39,25.48,17.4,13.26,54.1,0.1482,0.871,119.13
7730,50.95,20.65,23.93,24.89,20.27,50.49,0.1839,0.8426,118.56
7731,50.43,68.85,23.81,21.73,13.78,35.13,0.188,0.8536,152.46
7732,28.21,31.75,26.97,20.03,11.2,92.46,0.1676,0.8349,98.65
7733,48.57,26.31,17.22,26.78,13.85,18.9,0.136,0.9117,121.01
7734,28.11,17.47,24.06,14.42,16.53,6.3,0.1979,0.9146,92.0
7735,36.78,30.37,30.38,26.38,18.8,55.74,0.1024,0.9102,129.9
7736,35.84,31.83,31.53,14.53,17.05,11.31,0.1964,0.893,116.79
7737,42.13,39.55,21.35,17.41,11.43,58.13,0.1947,0.8275,109.13
7738,31.98,32.18,16.78,23.32,12.4,52.62,0.1394,0.8794,102.6
7739,40.82,111.49,32.52,22.9,13.3,67.32,0.1194,0.8905,196.82
7740,31.35,21.06,20.45,22.37,15.79,86.86,0.1799,0.8251,91.6
7741,41.38,44.74,22.88,19.13,18.07,36.34,0.1677,0.8682,126.93
7742,29.46,41.17,20.89,24.55,15.46,59.53,0.1639,0.854,112.33
7743,36.82,20.41,24.6,22.99,10.1,50.85,0.1814,0.8445,97.06
7744,40.03,30.73,22.03,25.53,19.07,18.61,0.1218,0.9213,126.57
7745,38.0,89.57,29.2,19.73,13.11,39.43,0.1179,0.9053,171.64
7746,46.76,28.39,28.51,22.64,18.81,51.81,0.1908,0.8357,121.26
7747,21.93,78.54,18.47,26.0,14.0,9.14,0.1474,0.9259,147.15
7748,41.4,33.48,17.35,27.73,14.4,21.78,0.1687,0.8855,118.97
7749,33.36,35.46,19.26,18.01,16.05,45.71,0.1287,0.8926,109.01
7750,44.73,30.13,21.72,15.64,17.71,63.24,0.15,0.8644,112.31
7751,40.24,23.53,27.9,16.29,21.54,62.6,0.1234,0.8888,115.1
7752,48.7,21.54,26.58,15.3,13.8,24.27,0.1606,0.8873,111.73
7753,38.14,27.46,32.9,32.73,14.5,95.66,0.1158,0.885,128.97
7754,49.87,47.29,21.65,28.98,12.32,27.62,0.1149,0.9163,146.72
7755,41.25,43.46,19.56,20.87,12.5,47.08,0.1685,0.8583,118.14
7756,29.65,30.18,24.84,16.69,14.4,54.28,0.14,0.878,101.65
7757,33.49,74.22,16.28,19.75,18.0,36.36,0.186,0.8538,138.09
7758,35.31,24.98,25.44,21.1,13.3,55.1,0.1345,0.8824,106.0
7759,40.92,42.03,22.07,13.53,17.96,38.41,0.1361,0.8914,121.69
7760,47.2,20.74,34.77,20.66,13.86,51.59,0.1218,0.8952,122.85
7761,44.89,39.49,23.93,22.31,18.33,59.52,0.1797,0.8399,125.1
7762,45.32,43.01,35.1,17.18,7.6,12.42,0.1941,0.8906,131.99
7763,34.03,32.35,27.14,19.43,13.1,71.28,0.137,0.8727,110.0
7764,47.06,35.63,28.73,23.36,18.05,74.64,0.143,0.8657,132.3
7765,40.83,28.92,27.11,20.74,16.38,9.16,0.1315,0.9338,125.12
7766,46.36,50.78,17.29,17.44,14.62,5.64,0.1004,0.9587,140.45
7767,28.18,49.67,31.85,20.63,15.93,75.24,0.179,0.8316,121.63
7768,43.62,41.71,28.93,26.32,16.37,95.23,0.1356,0.8655,135.84
7769,35.11,46.32,25.39,26.41,14.89,39.32,0.195,0.8434,124.92
7770,29.88,43.66,18.02,16.11,14.1,89.57,0.1125,0.8899,108.37
7771,45.17,29.7,16.54,26.01,17.77,85.59,0.1737,0.8318,112.45
7772,36.57,40.36,23.66,19.41,17.62,21.04,0.1903,0.8722,120.03
7773,44.24,47.32,29.41,21.85,18.14,59.94,0.1653,0.8524,137.21
7774,32.17,32.25,25.42,23.52,21.34,2.65,0.1592,0.9552,128.68
7775,56.25,43.96,26.63,14.17,15.95,88.28,0.1398,0.8637,135.56
7776,39.05,20.63,32.55,21.43,21.38,52.58,0.1438,0.8757,118.25
7777,36.25,21.79,29.31,25.29,19.84,95.92,0.1636,0.8375,110.94
7778,47.92,36.18,28.43,20.86,19.96,35.37,0.1462,0.8859,135.85
7779,39.31,30.89,28.45,21.48,16.47,3.3,0.1988,0.9371,128.01
7780,65.33,54.36,27.14,23.84,18.01,29.38,0.1461,0.8917,168.24
7781,49.32,32.51,27.99,19.06,20.12,34.15,0.1896,0.8535,127.16
7782,36.21,55.41,27.52,20.38,11.8,49.75,0.1262,0.8924,135.04
7783,40.59,34.64,27.82,21.6,14.92,16.32,0.1665,0.8969,125.18
7784,40.53,40.28,42.81,22.04,15.86,68.01,0.1968,0.819,132.29
7785,31.56,29.57,24.47,18.03,18.64,8.47,0.1977,0.9035,110.47
7786,50.27,33.36,13.79,24.48,17.19,23.99,0.1359,0.905,125.88
7787,36.56,26.13,19.62,17.4,17.8,1.53,0.1368,0.9724,114.27
7788,38.02,22.9,30.62,17.42,16.55,54.43,0.1157,0.8992,112.85
7789,41.75,50.77,26.98,20.2,15.86,22.28,0.1085,0.9258,144.02
7790,32.67,53.81,23.56,23.59,10.25,60.4,0.1259,0.8874,127.68
7791,41.69,50.79,27.11,15.78,13.74,56.85,0.1516,0.8664,129.19
7792,35.98,54.53,29.66,19.04,17.67,78.75,0.1635,0.8445,132.48
7793,36.19,38.16,27.75,16.35,15.1,70.06,0.1086,0.8994,120.11
7794,38.7,29.36,32.15,18.55,10.56,5.79,0.1627,0.9323,120.57
7795,34.12,26.46,34.44,17.08,13.53,52.29,0.1388,0.8801,110.57
7796,27.48,17.34,29.63,20.28,21.06,86.26,0.1093,0.894,103.52
7797,41.39,43.36,24.71,13.22,10.6,7.57,0.1023,0.9523,126.93
7798,21.68,36.84,31.75,22.56,8.23,95.22,0.1844,0.8171,98.93
7799,21.97,40.7,21.33,23.56,18.42,99.2,0.1832,0.8167,102.88
7800,40.36,44.53,19.17,15.08,14.64,42.88,0.1904,0.8437,112.87
7801,38.55,60.97,19.13,20.27,16.73,32.2,0.1893,0.856,133.23
7802,42.07,30.69,23.75,24.51,17.67,84.67,0.1975,0.8091,112.21
7803,45.31,42.37,19.63,14.47,11.11,86.9,0.1293,0.8743,116.2
7804,24.18,28.69,26.67,27.42,17.7,82.55,0.1339,0.8713,108.61
7805,35.08,17.69,28.2,21.34,8.72,81.25,0.1638,0.8432,93.62
7806,36.42,32.61,34.19,17.28,16.02,68.39,0.1406,0.8706,118.84
7807,42.5,62.76,23.27,17.72,17.43,4.38,0.1618,0.9409,154.01
7808,41.83,32.52,30.69,20.78,15.45,58.15,0.127,0.8875,125.38
7809,36.76,24.54,26.33,19.51,11.12,28.62,0.1845,0.8643,102.21
7810,40.35,40.82,28.53,22.53,14.99,59.97,0.1661,0.8518,125.4
7811,37.8,49.97,34.32,17.92,19.88,30.87,0.1554,0.8831,141.2
7812,32.7,42.95,29.11,17.8,16.65,29.63,0.1649,0.8775,122.16
7813,40.43,60.19,21.22,21.04,13.22,26.63,0.109,0.9214,143.83
7814,22.85,24.07,19.44,17.3,14.94,38.21,0.1513,0.8794,86.71
7815,41.96,61.01,17.72,18.85,17.89,37.62,0.188,0.8508,133.95
7816,51.3,15.4,16.2,23.67,19.71,86.5,0.1569,0.8476,107.03
7817,37.22,15.54,22.83,13.26,9.71,41.12,0.1198,0.9027,88.97
7818,56.5,19.49,26.06,20.86,18.43,37.06,0.1061,0.9161,129.49
7819,44.82,42.41,25.14,22.59,18.02,26.16,0.1892,0.8644,132.24
7820,51.67,19.14,21.92,24.79,12.2,55.18,0.1917,0.8323,107.98
7821,43.09,27.11,15.68,20.4,16.51,36.58,0.1928,0.8482,104.13
7822,44.41,29.55,31.51,19.59,14.24,97.85,0.176,0.8244,114.84
7823,41.15,47.18,21.5,15.18,12.35,47.63,0.1322,0.8885,122.04
7824,27.46,58.36,27.6,18.21,14.6,1.36,0.1594,0.9703,141.89
7825,24.28,50.21,19.87,23.99,10.79,35.74,0.1476,0.8845,114.22
7826,38.07,19.75,16.9,15.92,15.24,19.76,0.185,0.8782,92.97
7827,35.18,37.59,22.67,11.77,13.62,35.81,0.1609,0.874,105.61
7828,35.44,30.18,27.81,24.96,14.19,26.2,0.1691,0.8787,116.49
7829,29.89,32.78,16.53,18.95,14.07,22.92,0.1482,0.8978,100.75
7830,48.87,34.09,23.42,23.77,14.46,20.76,0.1671,0.8882,128.45
7831,31.75,29.07,24.39,15.87,12.79,91.66,0.152,0.8506,96.85
7832,31.23,26.18,22.89,19.88,7.4,4.27,0.1897,0.9315,100.22
7833,40.31,29.25,18.75,17.87,20.87,78.67,0.1245,0.8816,112.02
7834,48.67,26.54,24.25,21.57,20.18,12.95,0.1562,0.9106,128.59
7835,46.79,52.55,21.49,20.56,17.19,5.68,0.109,0.955,151.45
7836,34.8,34.12,17.72,22.85,13.83,35.13,0.1191,0.9073,111.88
7837,38.3,52.43,30.87,19.1,17.36,65.27,0.1391,0.8733,138.04
7838,53.12,54.19,29.91,24.21,9.76,98.95,0.1543,0.8457,144.77
7839,48.85,60.92,21.81,17.15,17.77,26.95,0.1566,0.8868,147.65
7840,47.01,21.16,22.03,23.62,13.42,26.68,0.103,0.9258,117.81
7841,43.08,38.88,24.51,24.98,11.02,15.78,0.1692,0.8964,127.7
7842,40.8,21.3,29.26,21.08,18.48,82.01,0.1826,0.8248,107.99
7843,56.07,72.97,31.57,16.52,16.52,79.78,0.1157,0.8896,172.29
7844,49.03,44.3,17.65,12.32,13.55,47.15,0.1622,0.8636,118.17
7845,40.98,29.01,29.75,19.02,14.85,34.97,0.1923,0.8504,113.63
7846,45.79,30.85,25.59,15.62,12.21,22.89,0.1599,0.8898,115.72
7847,38.01,48.96,24.14,17.87,16.56,46.44,0.1143,0.9042,131.61
7848,27.16,30.2,18.97,28.84,16.43,81.1,0.11,0.8948,108.8
7849,31.82,20.34,24.21,19.13,16.11,69.8,0.1202,0.8888,99.19
7850,36.31,41.9,24.39,14.29,8.56,49.96,0.1303,0.8888,111.5
7851,35.8,57.31,23.25,17.59,15.71,54.09,0.135,0.8825,132.08
7852,34.22,33.99,24.14,23.88,11.63,57.51,0.1514,0.8662,110.76
7853,34.58,47.25,30.36,20.99,17.68,76.45,0.1657,0.8435,127.25
7854,50.45,27.63,26.56,22.78,14.8,12.47,0.1165,0.9342,132.86
7855,54.66,36.81,29.8,27.47,21.57,52.39,0.155,0.8661,147.5
7856,50.5,36.43,17.85,19.72,13.33,22.68,0.1644,0.8871,122.26
7857,22.74,30.42,23.22,26.01,10.79,90.77,0.1397,0.8629,97.67
7858,48.62,23.99,22.51,22.72,12.45,91.8,0.1479,0.8545,111.33
7859,45.89,26.14,27.84,17.64,15.03,20.3,0.1746,0.8841,117.17
7860,39.7,26.61,26.19,25.72,11.74,87.35,0.1817,0.8232,106.99
7861,36.02,29.12,28.83,20.89,7.84,73.73,0.1414,0.8676,106.45
7862,37.56,33.14,33.03,25.36,16.92,51.03,0.127,0.8911,130.1
7863,47.92,37.08,26.14,19.28,21.23,73.95,0.1526,0.8569,129.95
7864,43.09,37.06,24.83,12.65,19.16,8.43,0.1496,0.9271,126.82
7865,49.76,33.59,23.71,11.24,13.93,93.48,0.1595,0.8425,111.4
7866,46.52,35.21,16.28,22.13,13.28,60.81,0.1359,0.8783,117.17
7867,51.52,24.85,18.75,17.89,14.84,2.85,0.1816,0.9468,121.06
7868,45.07,37.78,16.89,12.7,18.42,38.91,0.1568,0.8745,114.44
7869,30.9,18.71,22.31,22.04,13.27,41.7,0.156,0.8728,93.59
7870,27.2,23.35,23.03,23.23,14.38,87.69,0.1248,0.8785,97.69
7871,45.17,23.08,33.64,20.37,21.73,72.97,0.1496,0.8602,123.86
7872,44.8,27.85,25.5,19.42,15.41,9.42,0.1907,0.9029,120.08
7873,35.06,39.29,25.76,23.09,19.26,3.32,0.1554,0.9506,135.44
7874,41.98,37.53,21.24,19.3,15.98,4.6,0.1113,0.9584,130.37
7875,36.36,39.04,24.29,18.6,14.86,4.25,0.1521,0.9452,125.86
7876,36.05,48.37,13.97,15.38,14.93,33.29,0.1187,0.9089,116.97
7877,28.53,37.62,28.2,14.61,10.63,26.28,0.1914,0.8626,103.16
7878,40.36,23.4,22.94,20.12,16.29,80.27,0.153,0.8539,105.11
7879,35.86,35.42,18.92,16.81,16.52,68.98,0.1734,0.8401,103.78
7880,43.03,24.1,24.15,26.78,11.77,16.59,0.1061,0.934,121.24
7881,25.97,30.61,28.33,20.31,18.47,58.19,0.1406,0.8754,108.29
7882,44.82,41.04,28.86,15.68,15.33,94.18,0.1597,0.8421,122.71
7883,35.88,32.71,33.99,21.03,14.21,59.66,0.1112,0.9009,124.16
7884,31.47,45.26,24.39,19.5,19.55,46.03,0.1059,0.9114,127.76
7885,36.48,35.12,19.3,21.71,10.6,80.81,0.1917,0.8167,100.62
7886,27.21,19.1,26.74,21.75,16.35,83.62,0.1114,0.8927,99.22
7887,37.67,29.89,29.89,17.02,16.96,38.7,0.1522,0.8783,115.43
7888,40.99,45.13,27.46,21.06,15.83,18.61,0.1945,0.8743,131.55
7889,40.58,42.01,25.67,28.07,13.36,82.57,0.1013,0.9026,135.11
7890,43.68,22.8,28.67,17.04,21.57,77.82,0.1854,0.8242,110.24
7891,35.46,29.11,23.26,18.33,17.17,68.71,0.1208,0.8886,109.61
7892,46.23,38.02,25.32,14.86,12.22,45.85,0.1932,0.8386,114.6
7893,42.13,28.4,26.35,25.06,13.1,17.89,0.1497,0.9045,122.15
7894,46.53,30.56,11.78,19.72,9.54,77.92,0.1146,0.8913,105.3
7895,53.27,38.66,21.67,13.87,14.52,21.89,0.1514,0.8971,127.38
7896,27.59,72.85,18.69,15.14,21.2,26.24,0.1629,0.8831,137.3
7897,36.94,39.62,18.05,16.45,10.75,17.15,0.1614,0.8984,109.43
7898,33.9,46.18,17.97,25.03,15.93,88.37,0.1738,0.8305,115.44
7899,57.11,24.55,25.51,20.56,13.95,49.26,0.199,0.8307,117.69
7900,44.78,21.27,27.68,19.21,15.96,12.96,0.1332,0.9237,119.07
7901,42.3,24.66,19.31,17.04,16.11,76.61,0.1622,0.8467,101.12
7902,49.57,32.63,19.58,20.05,15.53,55.63,0.1064,0.9068,124.55
7903,40.1,38.32,27.03,17.51,10.71,76.2,0.1523,0.8563,114.47
7904,43.73,42.42,29.97,25.35,12.49,66.73,0.1975,0.8192,126.13
7905,36.35,49.99,26.99,20.62,13.78,76.86,0.145,0.8629,127.48
7906,29.08,57.88,29.86,15.88,15.35,14.1,0.1766,0.8959,132.65
7907,47.18,15.23,24.08,17.16,19.07,14.97,0.1388,0.9165,112.47
7908,32.32,23.64,28.89,26.71,21.5,50.71,0.1955,0.8325,110.78
7909,45.99,68.08,23.34,19.18,14.65,78.97,0.1386,0.8682,148.65
7910,48.67,40.24,26.76,26.18,13.69,66.82,0.1813,0.834,129.73
7911,22.04,33.54,19.28,20.88,15.45,79.5,0.1785,0.8299,92.28
7912,48.36,14.35,32.11,21.75,15.84,36.91,0.1151,0.9092,120.38
7913,42.04,20.85,33.57,17.85,20.56,4.37,0.1847,0.9326,125.77
7914,32.24,49.86,25.91,23.24,10.67,12.3,0.1706,0.9041,128.31
7915,26.08,29.02,33.28,15.21,17.12,29.79,0.117,0.913,110.2
7916,39.43,43.52,27.32,17.01,18.46,92.08,0.1247,0.8772,127.85
7917,38.57,29.82,24.51,21.4,12.25,73.67,0.1334,0.875,110.74
7918,48.74,83.77,22.75,18.84,18.9,60.62,0.1011,0.9095,175.54
7919,40.52,34.39,34.3,20.14,11.98,90.2,0.1592,0.844,119.29
7920,31.3,19.29,24.25,22.13,10.55,1.38,0.1678,0.9684,104.11
7921,27.57,44.15,24.96,19.85,14.31,52.47,0.1366,0.882,115.39
7922,41.17,36.06,29.64,20.35,17.3,70.53,0.1327,0.877,126.75
7923,40.03,27.28,26.91,27.39,9.28,3.7,0.1737,0.9416,123.26
7924,50.56,37.92,23.52,12.02,9.79,72.77,0.132,0.8767,117.31
7925,36.07,53.18,29.7,18.06,18.22,66.22,0.1093,0.9002,139.73
7926,43.35,31.8,17.1,19.24,14.54,61.39,0.1545,0.8613,108.55
7927,38.94,23.89,24.55,23.77,16.13,96.09,0.1791,0.8221,104.63
7928,18.38,38.02,25.15,23.04,16.76,19.0,0.1596,0.8962,108.75
7929,45.73,27.07,24.27,9.99,10.59,97.23,0.1703,0.8304,97.69
7930,36.59,39.9,29.15,24.48,13.25,91.94,0.1779,0.8249,118.28
7931,45.27,58.1,20.83,20.42,14.88,80.29,0.1933,0.8154,130.06
7932,41.35,22.16,24.41,22.91,12.32,92.02,0.1813,0.8216,101.18
7933,32.09,16.73,37.54,17.84,13.81,96.46,0.1443,0.8565,101.08
7934,38.61,87.57,28.6,22.45,17.79,55.72,0.1287,0.8872,173.0
7935,39.75,36.91,29.95,21.64,8.83,42.6,0.101,0.9172,125.73
7936,41.47,21.26,24.45,19.55,15.49,31.64,0.1381,0.8955,109.45
7937,44.1,23.45,31.92,26.52,11.86,23.3,0.1208,0.9163,126.31
7938,40.24,28.95,17.09,29.23,14.15,50.98,0.1655,0.858,111.26
7939,53.97,39.5,30.62,19.82,14.24,78.28,0.139,0.868,137.27
7940,46.72,13.31,23.78,13.51,15.33,38.28,0.1803,0.8563,96.46
7941,47.97,46.29,21.61,22.1,14.78,82.48,0.1996,0.8083,123.46
7942,46.6,26.59,21.26,17.0,15.9,50.27,0.1789,0.8471,107.88
7943,40.61,63.35,24.6,21.32,16.85,25.15,0.177,0.8746,145.82
7944,45.85,40.85,29.89,21.8,10.29,61.82,0.1462,0.8686,129.14
7945,49.99,50.05,18.88,20.68,13.95,93.48,0.139,0.8627,132.47
7946,41.01,31.87,32.48,15.89,12.64,17.41,0.1098,0.9305,124.59
7947,48.41,38.61,19.97,14.25,9.8,51.31,0.1608,0.8618,112.93
7948,29.58,60.89,23.24,15.6,12.04,7.96,0.1319,0.9372,132.48
7949,48.79,24.89,22.22,19.61,18.06,77.0,0.1489,0.8592,114.76
7950,33.83,41.77,25.22,25.75,14.24,87.76,0.1522,0.8517,119.93
7951,29.56,43.37,21.74,18.8,16.54,19.23,0.1537,0.8996,116.97
7952,37.77,60.36,22.1,24.42,16.3,14.92,0.1386,0.9167,147.53
7953,41.66,27.09,18.93,12.26,12.29,4.27,0.1385,0.95,106.61
7954,42.68,24.93,25.65,21.91,16.62,73.37,0.1097,0.8973,118.25
7955,50.32,56.32,18.31,26.53,11.69,5.16,0.1374,0.9457,154.31
7956,35.54,31.99,23.52,16.44,17.17,97.15,0.1787,0.822,102.48
7957,53.15,24.43,20.01,19.31,13.22,25.11,0.1326,0.906,117.89
7958,53.17,28.71,19.62,20.57,11.0,59.96,0.145,0.8706,115.85
7959,41.81,20.11,21.26,22.88,15.42,66.39,0.1454,0.8671,105.32
7960,33.38,34.61,20.7,15.5,12.88,16.55,0.1764,0.8902,104.22
7961,59.93,11.06,27.2,15.09,16.89,16.42,0.1368,0.9151,119.11
7962,53.8,38.93,22.21,22.75,17.13,2.53,0.117,0.968,149.86
7963,41.52,18.89,31.57,22.11,6.04,75.48,0.1035,0.9026,108.43
7964,29.1,58.14,21.58,16.15,25.33,13.79,0.1763,0.8969,134.8
7965,44.96,26.39,24.09,22.51,11.15,30.94,0.1453,0.8907,115.0
7966,35.28,25.13,22.3,19.48,17.15,51.88,0.1445,0.8755,104.48
7967,46.99,35.59,24.39,16.41,13.64,76.54,0.1323,0.875,119.9
7968,41.84,40.96,24.87,16.7,15.99,27.93,0.1053,0.9231,129.56
7969,27.23,35.5,24.75,18.8,13.13,75.28,0.1741,0.8362,99.84
7970,30.56,18.3,28.18,31.38,19.42,37.92,0.1776,0.8588,109.8
7971,33.9,36.68,25.29,20.87,10.7,66.68,0.1942,0.8223,104.79
7972,53.13,33.91,26.23,16.73,18.1,41.7,0.1428,0.8836,130.86
7973,34.8,33.4,30.96,16.83,9.26,88.51,0.1151,0.8876,111.17
7974,21.81,44.12,23.5,22.51,15.29,33.39,0.1405,0.8921,113.5
7975,38.39,25.69,31.41,19.71,10.84,72.07,0.1386,0.8708,109.75
7976,37.91,22.25,25.82,19.84,17.14,60.19,0.1544,0.8621,106.0
7977,52.72,44.76,11.57,18.22,16.03,81.69,0.1182,0.8867,127.06
7978,52.12,16.05,25.95,15.2,16.58,89.3,0.1359,0.8672,109.17
7979,29.53,39.2,32.05,20.37,14.19,91.96,0.1932,0.8098,109.6
7980,43.15,21.55,27.98,28.31,14.21,63.96,0.1843,0.833,112.61
7981,46.33,61.33,24.42,19.54,14.59,31.77,0.1119,0.9152,152.12
7982,39.03,19.56,22.3,19.63,11.48,7.8,0.1044,0.9507,106.47
7983,41.41,19.72,33.17,22.43,22.73,22.73,0.1576,0.8916,124.34
7984,48.84,88.88,25.42,19.97,12.61,17.4,0.1863,0.8822,172.67
7985,42.34,58.0,19.13,16.49,13.8,20.83,0.1548,0.8963,134.23
7986,45.36,25.35,25.6,18.11,15.96,93.6,0.1329,0.8687,113.26
7987,51.26,21.35,20.74,17.83,13.66,50.09,0.1987,0.8302,103.64
7988,36.43,24.16,13.26,23.33,15.86,43.76,0.1,0.9174,103.69
7989,46.37,40.42,25.06,17.53,9.45,23.48,0.1082,0.9249,128.39
7990,36.44,39.22,25.28,15.36,14.89,50.42,0.1045,0.9106,119.46
7991,48.59,29.84,23.28,24.57,12.18,98.79,0.1093,0.8907,123.33
7992,35.03,69.52,23.31,23.46,16.21,21.75,0.1523,0.8967,150.21
7993,43.48,25.56,25.68,21.2,19.59,29.27,0.1286,0.9048,122.6
7994,38.18,16.43,21.62,17.22,20.68,76.62,0.1958,0.815,93.01
7995,44.7,101.82,19.4,10.04,13.64,92.95,0.1784,0.8241,156.23
7996,33.24,50.46,18.54,28.91,7.48,53.02,0.1204,0.8957,124.16
7997,37.78,32.24,23.03,29.28,15.98,77.53,0.1353,0.8718,120.58
7998,39.58,38.05,26.31,20.58,13.88,2.6,0.187,0.948,131.21
7999,31.4,36.73,13.76,20.66,12.19,64.43,0.1172,0.8936,102.54
8000,35.14,18.29,27.45,16.86,15.77,5.23,0.1702,0.9324,105.84
8001,26.88,34.77,23.49,10.81,15.63,99.0,0.1563,0.8437,94.14
8002,43.02,41.6,22.03,19.01,17.15,55.63,0.1551,0.864,123.39
8003,46.35,40.8,32.35,11.7,13.48,16.95,0.1628,0.8979,129.92
8004,28.87,13.49,30.81,23.15,13.19,86.36,0.1371,0.8669,94.93
8005,30.63,37.74,27.67,21.37,13.11,71.93,0.1628,0.8484,110.73
8006,32.33,42.15,19.82,16.67,12.97,34.32,0.1754,0.8642,107.12
8007,29.81,34.3,30.99,23.24,17.03,5.35,0.1524,0.9388,127.09
8008,43.19,21.53,19.84,24.66,12.61,65.1,0.1446,0.8684,105.8
8009,34.47,59.14,23.47,20.06,10.7,63.95,0.1081,0.902,133.35
8010,42.0,34.53,26.2,19.07,16.47,31.93,0.102,0.9226,127.58
8011,34.02,32.13,14.49,19.72,16.34,64.8,0.1307,0.8812,102.83
8012,37.28,32.88,26.23,27.15,20.74,17.78,0.103,0.9344,134.81
8013,48.31,19.48,20.82,20.31,22.45,92.47,0.1958,0.807,106.01
8014,30.76,76.51,22.68,22.32,19.56,37.19,0.1017,0.9195,157.99
8015,35.51,54.99,19.06,27.77,17.01,16.26,0.1951,0.8793,135.72
8016,43.34,26.56,30.32,16.11,14.94,86.62,0.1668,0.838,110.0
8017,37.45,16.21,23.25,8.27,12.72,39.28,0.1107,0.9112,89.2
8018,41.51,43.21,25.02,20.38,21.67,68.21,0.1254,0.8846,134.28
8019,40.01,47.21,33.12,22.76,16.17,62.15,0.1978,0.8219,130.92
8020,27.95,35.93,29.78,16.59,19.36,17.75,0.1004,0.9361,121.31
8021,51.19,30.6,25.27,22.04,14.85,42.09,0.1023,0.9164,131.92
8022,39.21,17.97,21.4,25.23,16.53,83.03,0.1885,0.8186,98.51
8023,52.76,44.47,21.36,12.97,15.58,20.11,0.1495,0.901,132.57
8024,42.7,17.85,27.18,15.94,12.99,50.15,0.1069,0.9087,106.01
8025,50.53,39.08,20.34,21.5,16.64,52.93,0.1811,0.8432,124.87
8026,48.18,46.81,15.58,16.1,21.77,88.48,0.141,0.8624,128.01
8027,49.83,30.95,21.1,18.11,13.42,61.19,0.1439,0.8709,116.19
8028,38.22,31.62,27.02,21.37,14.37,86.81,0.1852,0.82,108.73
8029,54.3,12.77,21.88,15.24,9.5,87.96,0.1027,0.8999,102.3
8030,36.22,24.16,30.16,12.46,16.85,44.38,0.1883,0.844,101.15
8031,42.9,28.9,21.74,18.0,16.79,9.92,0.1774,0.9079,116.51
8032,46.91,18.35,24.05,21.05,16.7,89.17,0.1197,0.8829,112.17
8033,65.38,58.47,21.16,23.03,14.19,18.83,0.1398,0.9093,165.69
8034,48.75,25.65,24.3,14.88,13.81,54.7,0.1582,0.8619,109.8
8035,35.79,29.06,19.36,16.41,15.57,13.58,0.1231,0.9284,107.87
8036,42.15,71.43,31.49,23.0,16.56,96.15,0.1263,0.8745,161.47
8037,29.23,52.67,29.87,15.19,14.96,2.23,0.1517,0.9614,136.45
8038,51.76,70.71,18.31,16.13,13.58,33.57,0.1595,0.8773,149.57
8039,14.99,58.29,30.18,25.75,10.24,98.25,0.1363,0.8639,120.46
8040,38.62,46.19,32.02,18.26,17.91,18.57,0.1957,0.8736,133.66
8041,57.57,25.39,27.88,15.39,15.4,71.99,0.1161,0.8918,126.32
8042,46.08,19.42,31.02,20.57,10.75,63.8,0.1337,0.8789,112.36
8043,43.92,48.15,25.48,22.41,16.87,2.19,0.177,0.9554,149.85
8044,30.47,28.14,28.21,21.85,16.99,88.52,0.1622,0.8417,105.76
8045,50.65,13.69,27.44,19.57,13.54,3.26,0.1112,0.965,120.52
8046,32.68,41.69,20.36,16.8,11.88,71.21,0.1283,0.8808,108.7
8047,32.75,38.4,29.32,26.53,18.14,45.63,0.1493,0.8755,127.07
8048,50.63,20.8,26.83,24.13,13.53,7.47,0.1452,0.9326,126.76
8049,32.42,61.19,19.7,17.42,7.93,47.65,0.139,0.8828,122.41
8050,28.29,24.71,16.85,19.94,14.79,67.82,0.101,0.9072,94.88
8051,32.29,85.33,26.34,16.7,15.43,6.64,0.125,0.9448,166.37
8052,41.51,59.21,24.27,20.74,15.33,90.99,0.1197,0.8824,142.13
8053,35.98,52.44,18.75,20.57,12.85,33.57,0.1037,0.9202,129.37
8054,54.53,27.45,31.09,21.34,15.18,20.48,0.1389,0.9075,135.75
8055,40.27,37.51,27.3,25.75,17.11,84.43,0.1076,0.8961,132.58
8056,30.08,38.97,27.31,22.89,8.6,41.95,0.1092,0.9108,116.44
8057,25.06,31.17,25.76,16.86,16.63,86.07,0.1939,0.8119,93.75
8058,47.2,35.23,18.86,15.63,17.55,30.9,0.1619,0.8783,118.1
8059,42.4,70.0,19.65,21.11,13.98,58.88,0.1501,0.8666,144.85
8060,44.87,26.47,31.12,22.83,10.98,97.65,0.1245,0.8759,119.36
8061,36.58,42.02,26.11,28.78,17.7,36.63,0.1258,0.9009,136.22
8062,41.23,27.93,19.73,14.63,18.87,50.6,0.1328,0.8863,108.47
8063,49.53,18.65,24.54,23.49,11.64,80.97,0.1075,0.8971,114.69
8064,40.04,53.51,27.46,18.0,14.49,63.71,0.1684,0.8476,130.1
8065,30.82,41.14,22.36,27.03,12.05,79.0,0.1286,0.8776,117.08
8066,45.78,51.88,26.03,18.52,13.13,36.27,0.1929,0.8484,131.81
8067,37.21,23.86,30.17,24.71,14.86,41.91,0.1343,0.8904,116.47
8068,47.73,27.29,33.73,30.05,17.78,3.9,0.1821,0.9371,146.74
8069,40.2,40.98,16.0,21.96,16.84,80.43,0.1224,0.883,120.07
8070,46.89,47.69,29.54,17.0,15.42,55.98,0.198,0.8261,129.32
8071,44.06,56.41,27.49,17.6,21.63,56.47,0.1356,0.8807,147.25
8072,50.38,33.62,26.63,16.19,11.1,33.92,0.1949,0.8496,117.18
8073,47.7,42.81,20.61,17.36,13.3,89.57,0.1822,0.8218,116.5
8074,29.56,71.55,27.18,17.15,15.32,71.21,0.1204,0.8881,142.78
8075,25.01,30.03,22.4,29.66,14.07,6.78,0.1918,0.9146,110.82
8076,39.38,39.17,27.15,16.89,14.38,76.63,0.109,0.897,122.87
8077,44.81,33.02,27.27,20.59,17.59,5.06,0.1191,0.9534,136.62
8078,34.2,38.07,31.32,21.74,12.35,34.56,0.1551,0.8798,121.12
8079,43.57,60.93,29.04,21.6,20.33,46.12,0.1876,0.8431,147.92
8080,43.23,27.59,15.46,27.29,12.26,65.2,0.1399,0.8727,109.8
8081,39.42,24.99,25.24,14.2,12.78,67.73,0.1165,0.893,104.14
8082,34.92,49.69,31.59,14.87,18.41,50.68,0.103,0.9118,136.3
8083,31.85,64.02,17.61,16.31,18.64,33.46,0.176,0.8647,128.36
8084,59.83,19.54,24.4,25.74,14.03,60.32,0.1664,0.8513,122.18
8085,23.03,30.57,26.67,22.16,18.73,68.69,0.1528,0.8592,104.1
8086,30.09,39.7,13.7,27.86,12.28,29.57,0.1169,0.9132,112.9
8087,60.8,35.63,26.72,12.35,9.28,60.02,0.12,0.8929,129.27
8088,31.74,37.01,21.88,22.43,17.97,50.82,0.1624,0.8608,112.79
8089,35.5,35.97,25.83,21.85,10.46,7.78,0.1999,0.9057,117.39
8090,45.44,26.09,26.14,13.46,14.96,84.87,0.1135,0.8903,112.26
8091,43.85,12.56,23.73,21.8,20.71,91.42,0.1941,0.8092,99.25
8092,43.54,34.64,24.96,21.97,12.16,61.14,0.1937,0.8263,113.44
8093,51.96,31.96,19.77,17.42,11.12,80.42,0.1876,0.8208,108.53
8094,32.34,19.25,24.39,22.11,12.14,59.75,0.1536,0.863,95.12
8095,41.4,26.67,22.13,15.64,11.31,52.71,0.146,0.8737,102.35
8096,39.57,49.98,26.86,22.93,11.68,65.21,0.107,0.9026,136.32
8097,32.97,32.36,25.18,24.75,10.39,60.45,0.1068,0.9045,113.64
8098,40.83,37.72,19.69,16.66,17.91,71.03,0.1192,0.8893,118.1
8099,44.48,22.81,21.05,23.7,9.95,62.29,0.1484,0.8664,105.71
8100,44.68,44.38,21.05,14.16,16.95,97.31,0.1463,0.8543,120.64
8101,48.56,85.21,24.61,20.47,10.05,62.77,0.1336,0.8794,166.11
8102,39.68,43.15,25.62,20.18,15.46,42.16,0.1739,0.8578,123.6
8103,31.94,41.7,24.51,18.58,17.66,5.74,0.1073,0.9555,128.43
8104,28.93,38.71,25.66,18.5,14.89,75.97,0.1842,0.8262,104.67
8105,36.31,26.88,22.25,26.58,11.36,11.94,0.1029,0.9428,116.32
8106,29.18,51.38,20.97,9.69,14.86,55.91,0.1924,0.8312,104.8
8107,34.31,33.34,18.14,26.22,13.39,1.87,0.1746,0.96,120.38
8108,30.55,69.74,23.15,14.77,14.44,71.6,0.1629,0.8484,129.51
8109,34.76,71.52,21.86,26.83,11.13,19.24,0.1155,0.9245,153.57
8110,54.27,28.22,36.5,24.04,16.08,35.55,0.1309,0.8977,142.84
8111,39.01,47.55,35.13,21.59,14.17,74.19,0.1489,0.8603,135.46
8112,52.58,27.67,27.39,24.86,17.29,59.95,0.1766,0.8424,126.18
8113,43.34,55.74,20.49,18.1,18.11,21.64,0.1206,0.9183,143.05
8114,35.02,24.6,24.58,22.18,16.05,34.18,0.1836,0.8581,105.05
8115,39.01,38.48,26.33,19.48,14.03,45.25,0.1801,0.8501,116.75
8116,26.79,43.08,14.04,21.29,12.69,40.09,0.162,0.8693,102.48
8117,37.35,47.63,24.85,23.43,12.38,63.08,0.1679,0.8483,123.55
8118,29.51,23.26,18.35,22.41,16.0,42.65,0.1214,0.9004,98.62
8119,44.79,42.01,23.32,18.44,16.55,59.09,0.1277,0.8864,128.63
8120,36.52,38.14,20.72,20.4,14.6,25.65,0.1699,0.8789,114.59
8121,37.57,22.23,24.51,19.5,14.96,99.96,0.1058,0.894,106.19
8122,36.66,55.59,22.76,17.43,10.84,77.59,0.1481,0.8597,123.16
8123,47.19,66.56,26.03,24.18,15.43,40.1,0.1484,0.8802,157.9
8124,32.88,35.85,28.74,25.24,13.62,96.86,0.1325,0.8681,118.35
8125,32.35,33.19,27.8,29.47,18.48,71.02,0.1429,0.8673,122.54
8126,42.74,30.22,34.28,17.1,15.97,45.92,0.1941,0.8378,117.54
8127,48.69,96.43,22.65,24.33,14.09,21.97,0.1885,0.8717,179.74
8128,42.65,50.95,31.99,21.53,16.18,58.4,0.1232,0.8907,145.46
8129,57.49,26.29,19.94,18.93,20.64,34.33,0.1964,0.848,121.51
8130,32.53,18.51,16.22,23.51,17.62,5.27,0.1551,0.9382,101.69
8131,22.67,29.51,27.65,20.25,13.29,34.89,0.1086,0.9156,103.79
8132,43.9,29.58,32.52,19.66,16.53,2.9,0.1467,0.9567,136.03
8133,38.77,38.76,20.95,19.79,23.7,54.0,0.1398,0.8783,124.71
8134,43.77,35.63,27.63,17.19,17.63,6.46,0.1957,0.9146,129.73
8135,46.85,55.32,21.05,25.07,14.62,9.83,0.1697,0.9122,148.61
8136,27.8,11.85,30.46,20.64,18.73,93.96,0.1781,0.8239,90.2
8137,37.71,43.4,30.24,23.16,9.61,58.83,0.1675,0.8512,122.67
8138,44.69,50.04,26.81,26.44,11.85,90.91,0.1393,0.8632,137.96
8139,42.04,17.06,19.33,16.43,9.35,8.11,0.114,0.9453,98.51
8140,38.59,24.74,26.99,30.01,10.25,98.76,0.1471,0.853,111.38
8141,45.91,28.84,16.6,20.4,15.04,76.62,0.1364,0.8711,110.44
8142,47.97,42.86,25.0,21.77,10.86,81.71,0.1067,0.8977,133.28
8143,23.59,29.66,20.98,23.16,11.98,91.24,0.1384,0.864,94.5
8144,52.61,34.52,25.5,16.42,9.85,94.09,0.1551,0.8466,117.59
8145,30.22,25.53,25.18,16.79,16.39,71.77,0.1569,0.8539,97.44
8146,44.76,35.9,25.73,18.98,11.32,61.46,0.1995,0.8209,112.21
8147,37.36,27.19,17.29,20.5,17.62,13.16,0.1382,0.9204,110.4
8148,50.04,24.64,19.12,16.77,14.59,11.73,0.1308,0.9278,116.11
8149,45.77,37.02,33.9,14.49,19.19,31.36,0.1612,0.8783,132.06
8150,44.71,49.45,29.18,24.62,13.93,41.8,0.1679,0.8631,139.73
8151,41.78,38.87,26.48,15.62,17.6,98.96,0.1055,0.8945,125.55
8152,35.7,31.99,17.3,23.66,15.62,64.47,0.1041,0.9055,112.52
8153,32.08,52.4,26.55,15.24,16.82,65.08,0.1258,0.8855,126.71
8154,28.94,29.14,26.78,17.28,17.85,55.35,0.1215,0.8936,107.21
8155,34.99,33.9,22.81,19.3,15.55,13.83,0.1896,0.889,112.5
8156,47.3,55.89,19.1,29.14,16.14,55.09,0.1904,0.8335,139.67
8157,31.98,29.46,21.69,20.76,16.68,27.01,0.1599,0.8843,106.63
8158,49.67,28.19,30.04,21.07,10.16,57.15,0.1889,0.8333,115.94
8159,31.79,47.12,28.81,19.44,16.11,30.37,0.1082,0.919,131.68
8160,38.68,23.48,29.89,16.45,17.51,51.94,0.1335,0.885,111.52
8161,43.61,56.6,27.85,22.73,14.75,62.83,0.1272,0.8852,146.53
8162,48.21,16.12,20.41,20.12,10.94,47.18,0.1096,0.9078,105.12
8163,37.07,36.06,16.65,25.63,16.5,2.9,0.1581,0.9533,125.74
8164,43.85,26.98,24.67,15.4,10.79,16.97,0.158,0.9009,109.63
8165,41.7,40.09,29.83,25.37,9.95,61.36,0.1467,0.8683,127.59
8166,38.0,62.87,30.03,20.93,18.49,21.2,0.1906,0.8717,148.47
8167,31.69,22.03,19.85,16.85,16.57,21.23,0.1535,0.8966,95.93
8168,43.52,19.95,26.66,21.22,12.6,69.31,0.1549,0.8569,106.22
8169,40.22,55.45,21.35,16.74,16.27,42.99,0.1002,0.9176,137.68
8170,37.44,31.92,23.63,24.78,14.41,72.79,0.1449,0.8647,114.29
8171,40.92,33.86,18.62,19.54,17.42,9.74,0.1179,0.9392,122.44
8172,44.57,31.47,28.53,16.8,24.16,78.47,0.1518,0.8558,124.53
8173,26.56,30.27,27.53,17.78,12.34,58.81,0.161,0.8569,98.11
8174,35.63,24.3,19.08,16.84,13.95,53.01,0.169,0.8536,93.72
8175,32.21,31.76,23.42,26.15,11.46,80.75,0.1679,0.8394,104.93
8176,32.81,24.98,17.24,15.49,18.14,94.85,0.1282,0.873,94.85
8177,33.69,52.24,16.52,19.73,14.31,65.55,0.1524,0.8611,117.53
8178,48.79,28.05,18.43,21.03,14.33,14.16,0.1573,0.9071,118.5
8179,42.67,59.13,25.08,18.24,13.72,62.14,0.1846,0.8338,132.43
8180,31.2,45.74,22.43,14.61,13.25,1.32,0.1311,0.9761,124.17
8181,41.49,23.44,25.21,28.37,13.43,33.53,0.1155,0.9111,120.22
8182,43.43,22.87,22.3,18.7,13.84,70.46,0.1664,0.8457,102.44
8183,37.13,32.04,28.9,14.75,17.36,87.28,0.1763,0.8285,107.86
8184,29.7,26.11,23.21,16.89,17.79,36.47,0.1962,0.8456,96.15
8185,31.29,26.04,30.47,20.48,15.47,25.1,0.1466,0.8961,110.9
8186,27.31,48.97,22.59,19.3,19.32,17.18,0.1737,0.8906,122.46
8187,57.12,39.06,27.93,14.39,16.89,49.04,0.1505,0.8722,135.52
8188,26.17,57.25,24.63,21.22,13.11,45.25,0.1134,0.9056,128.94
8189,29.97,22.8,18.82,15.32,17.63,50.17,0.1918,0.8361,87.4
8190,39.81,16.81,32.73,23.1,17.81,27.09,0.1625,0.8823,114.92
8191,25.38,26.13,33.79,21.56,15.51,47.49,0.1031,0.9131,111.74
8192,30.73,53.84,24.61,18.8,14.16,35.76,0.1449,0.8866,126.01
8193,40.92,27.24,23.86,33.03,10.96,98.5,0.1231,0.8771,119.28
8194,41.63,67.36,29.68,17.75,13.59,19.67,0.1888,0.8759,148.9
8195,43.28,28.28,24.83,19.52,9.44,12.87,0.1475,0.9158,114.79
8196,45.72,44.21,28.46,26.26,13.94,81.46,0.1463,0.8598,136.36
8197,39.68,34.64,26.23,23.19,15.14,77.42,0.1317,0.8752,121.55
8198,34.49,15.98,25.82,16.41,18.26,82.01,0.1045,0.8998,99.83
8199,43.66,26.88,21.74,21.55,13.41,50.15,0.1281,0.8905,113.32
8200,51.12,42.41,21.95,24.02,15.76,22.68,0.1557,0.893,138.65
8201,44.94,34.35,30.25,9.45,18.43,90.7,0.1327,0.8698,119.53
8202,33.09,29.38,32.23,18.42,11.59,79.58,0.1055,0.8994,112.17
8203,44.91,32.72,25.8,27.29,16.7,74.84,0.1783,0.8324,122.71
8204,44.47,37.17,31.37,17.26,10.02,4.54,0.1557,0.9421,132.18
8205,30.1,11.78,21.11,25.94,12.14,49.12,0.1191,0.8987,90.84
8206,38.14,28.0,27.67,16.98,12.42,34.65,0.1552,0.8795,108.36
8207,44.53,25.32,23.73,20.87,12.93,35.06,0.1692,0.8682,110.59
8208,49.29,46.16,25.12,20.33,12.85,13.46,0.1659,0.9038,138.95
8209,34.83,47.39,23.8,17.08,16.02,88.43,0.1642,0.8398,116.84
8210,28.34,37.46,23.93,12.99,14.37,25.01,0.1157,0.9181,107.5
8211,44.07,36.62,11.93,23.31,11.9,5.87,0.1034,0.9567,122.29
8212,38.01,15.65,18.56,17.64,10.44,46.45,0.1151,0.9035,90.62
8213,41.92,24.33,16.19,28.13,17.04,54.82,0.1539,0.8656,110.45
8214,41.52,30.39,22.6,18.83,17.87,36.29,0.157,0.8766,115.02
8215,41.19,33.5,19.68,19.45,14.97,37.41,0.1671,0.8676,111.74
8216,36.69,34.93,16.32,21.89,6.61,39.94,0.1452,0.883,102.81
8217,47.25,16.06,19.88,16.97,13.47,68.8,0.1951,0.8201,93.19
8218,33.21,51.7,23.92,19.87,12.96,26.41,0.1425,0.8976,127.15
8219,42.12,23.24,39.88,13.43,13.44,94.07,0.151,0.8507,112.39
8220,43.12,14.13,24.27,23.56,18.94,38.77,0.1571,0.8744,108.45
8221,38.44,47.88,23.12,13.79,17.01,42.54,0.1655,0.8644,121.22
8222,46.35,24.3,18.02,23.49,17.38,15.6,0.1018,0.9379,121.48
8223,36.28,46.16,19.54,18.69,18.18,47.03,0.1532,0.8712,120.96
8224,58.37,17.42,29.34,17.35,13.81,69.96,0.1802,0.8332,113.57
8225,41.89,29.76,32.11,18.2,13.99,34.5,0.1289,0.9001,122.36
8226,49.91,23.8,20.37,21.82,15.25,20.05,0.1349,0.9108,119.45
8227,47.1,40.96,25.82,21.69,13.29,76.99,0.1499,0.8582,127.75
8228,51.39,24.51,37.78,18.31,13.23,59.9,0.135,0.8796,127.73
8229,40.7,40.96,34.45,16.68,17.52,49.42,0.1176,0.8999,135.28
8230,49.02,29.55,26.23,15.22,16.75,39.2,0.1628,0.8694,118.9
8231,51.65,26.91,20.22,10.63,8.76,29.24,0.1955,0.8553,101.06
8232,42.3,50.15,19.96,24.96,14.43,12.46,0.14,0.921,139.81
8233,34.41,76.46,14.3,21.21,18.53,27.33,0.1483,0.8923,147.15
8234,54.64,30.25,24.9,25.01,17.35,28.15,0.1077,0.9211,140.14
8235,40.15,25.69,33.76,23.99,15.33,34.23,0.1375,0.8937,124.14
8236,40.63,33.11,21.51,24.11,19.59,27.95,0.1502,0.8903,123.7
8237,42.16,36.54,23.58,18.08,13.78,3.3,0.1223,0.9613,128.95
8238,33.73,17.08,24.62,20.62,14.29,30.12,0.1975,0.8525,94.06
8239,42.72,23.33,25.06,16.05,8.81,1.92,0.1028,0.9761,113.2
8240,42.79,19.16,20.46,22.28,14.96,73.91,0.1866,0.8251,98.73
8241,39.92,22.08,24.23,20.69,20.61,19.82,0.1593,0.895,114.13
8242,39.47,62.57,26.56,21.96,14.96,12.86,0.1375,0.9215,152.52
8243,38.22,14.02,27.33,19.58,15.63,63.63,0.1335,0.8791,100.91
8244,36.96,40.62,26.71,24.58,14.46,94.96,0.1043,0.8967,128.52
8245,45.81,30.18,21.0,17.96,16.36,92.27,0.1202,0.8816,115.77
8246,42.32,38.58,24.68,16.2,13.02,55.45,0.1478,0.8706,117.35
8247,47.45,21.93,26.56,26.06,20.34,35.35,0.1848,0.8558,121.82
8248,35.83,29.12,30.22,22.19,18.26,22.8,0.1801,0.876,118.8
8249,49.02,57.1,27.63,18.63,17.12,38.98,0.1561,0.875,148.32
8250,47.13,29.18,19.75,13.49,18.52,5.4,0.1278,0.9485,121.48
8251,38.06,61.52,25.34,18.29,14.91,59.01,0.1384,0.8769,138.65
8252,34.67,11.77,27.02,11.27,13.01,90.81,0.1019,0.9,87.97
8253,44.76,43.42,27.4,16.27,16.11,66.85,0.1769,0.838,124.0
8254,27.31,35.59,28.05,18.15,18.59,62.31,0.1873,0.8313,106.15
8255,36.68,19.69,27.73,22.6,14.15,29.2,0.1168,0.9136,110.4
8256,42.2,50.49,17.18,19.92,14.11,44.91,0.1828,0.8481,122.04
8257,38.8,25.94,19.94,16.54,15.35,95.41,0.1689,0.8324,97.04
8258,31.43,38.39,30.9,24.77,9.07,74.39,0.1943,0.8176,110.02
8259,40.72,23.58,20.15,15.67,11.89,7.23,0.1238,0.9433,105.67
8260,32.01,28.54,26.45,12.0,13.28,19.6,0.1744,0.8854,99.42
8261,42.09,46.41,21.89,23.51,18.53,44.21,0.1589,0.8685,132.37
8262,36.87,89.68,29.95,18.18,16.22,84.13,0.1969,0.81,154.63
8263,38.89,24.44,30.42,22.93,11.85,91.08,0.1693,0.8338,107.17
8264,33.42,57.69,20.39,16.92,16.02,33.58,0.1478,0.8862,128.01
8265,46.19,59.82,28.51,16.97,15.31,18.38,0.1691,0.8912,148.65
8266,38.83,45.17,29.35,15.14,13.46,13.28,0.1997,0.8847,125.59
8267,34.1,47.57,27.93,20.76,13.15,9.11,0.1793,0.9099,130.58
8268,39.03,26.38,23.83,22.74,22.1,16.87,0.1943,0.8784,117.77
8269,53.88,23.75,16.39,23.87,9.66,10.91,0.1963,0.8944,114.08
8270,42.68,28.97,30.83,25.9,13.33,50.25,0.1807,0.8456,119.82
8271,48.61,38.94,21.89,22.08,17.44,76.09,0.1215,0.8854,131.89
8272,27.11,31.03,23.87,15.95,12.4,30.63,0.181,0.8643,95.37
8273,38.42,25.96,27.33,25.13,13.36,51.89,0.1081,0.9069,118.08
8274,32.0,26.42,19.94,20.61,11.44,88.03,0.1384,0.8651,95.52
8275,35.85,30.99,19.42,23.53,15.76,92.05,0.1978,0.8053,101.1
8276,33.87,49.37,20.72,18.37,16.1,35.79,0.1509,0.8818,122.07
8277,50.32,22.73,20.37,20.56,11.75,73.54,0.1531,0.8567,107.72
8278,45.74,43.89,19.52,20.55,19.33,8.09,0.1727,0.9172,136.69
8279,33.96,43.18,24.95,15.61,12.11,57.74,0.1298,0.8852,114.91
8280,36.28,28.4,26.06,12.84,16.37,59.57,0.1045,0.9069,108.78
8281,42.9,39.4,21.52,18.32,11.15,55.03,0.121,0.8942,119.19
8282,47.12,56.25,25.29,25.85,16.66,17.34,0.1786,0.8872,151.87
8283,48.33,30.74,11.28,18.89,16.55,66.96,0.1365,0.8749,110.06
8284,45.08,25.7,26.47,19.98,12.81,23.91,0.1125,0.9215,119.82
8285,54.51,23.82,25.34,19.75,16.13,91.8,0.1634,0.8393,117.12
8286,43.41,24.96,30.46,23.97,16.04,9.78,0.1521,0.9215,127.94
8287,36.44,48.02,26.87,15.26,14.31,67.92,0.1448,0.8669,122.16
8288,33.48,34.21,27.71,23.25,17.48,39.57,0.1231,0.901,122.66
8289,31.36,18.44,21.5,19.26,12.33,33.71,0.1747,0.8654,89.04
8290,30.32,57.82,16.22,19.91,18.72,31.09,0.1559,0.8826,126.2
8291,45.4,32.56,24.92,21.74,16.63,37.79,0.1983,0.8425,119.0
8292,52.73,42.41,17.31,19.74,11.18,24.03,0.1863,0.8698,124.69
8293,40.84,44.52,25.29,21.15,16.67,84.44,0.1238,0.8805,130.72
8294,54.62,25.07,27.42,17.51,14.36,63.13,0.1532,0.8616,119.75
8295,40.22,21.39,24.47,24.74,13.25,74.13,0.1529,0.8566,106.27
8296,44.86,23.77,20.1,20.45,17.31,23.99,0.1147,0.9198,116.34
8297,27.34,32.37,33.66,24.0,18.14,21.78,0.1812,0.877,118.84
8298,46.5,41.69,23.55,22.17,8.01,43.35,0.1336,0.89,126.31
8299,34.9,73.75,30.01,23.68,14.84,71.12,0.1142,0.8939,158.39
8300,46.64,50.12,32.73,23.69,14.6,97.22,0.1242,0.8763,147.03
8301,50.26,15.95,31.45,21.03,13.41,37.43,0.1972,0.8437,111.47
8302,42.44,32.93,28.38,23.7,15.58,86.34,0.1564,0.8482,121.33
8303,43.47,14.09,33.72,21.72,18.12,93.21,0.1021,0.8992,117.91
8304,40.95,51.4,26.8,28.07,11.11,1.69,0.1527,0.9672,153.12
8305,45.12,32.32,30.04,20.61,12.76,71.73,0.1978,0.8159,114.91
8306,54.98,35.5,26.06,21.58,12.81,43.36,0.1091,0.9101,137.36
8307,40.09,31.84,20.74,23.06,16.72,59.46,0.138,0.8771,116.18
8308,41.32,36.07,25.92,18.07,13.29,53.32,0.1399,0.8786,118.33
8309,25.77,26.6,17.85,23.52,17.29,86.74,0.1151,0.8882,98.62
8310,43.38,36.4,25.52,18.42,17.75,19.44,0.1427,0.9065,128.25
8311,33.75,23.93,23.14,18.26,14.36,69.19,0.1109,0.8977,101.83
8312,38.42,39.32,29.42,18.15,15.55,25.88,0.1695,0.8789,123.81
8313,43.82,39.0,31.78,10.99,14.6,83.65,0.1928,0.8142,114.13
8314,27.07,42.38,19.62,21.7,21.1,87.45,0.1413,0.8624,113.73
8315,43.72,33.64,26.99,20.17,12.13,22.22,0.1975,0.8651,118.23
8316,42.01,53.04,27.07,20.37,10.49,36.18,0.1556,0.8778,134.27
8317,45.63,72.44,31.63,22.05,7.19,53.7,0.1034,0.9101,162.85
8318,34.89,18.95,29.5,19.95,15.65,7.58,0.1167,0.9455,112.46
8319,48.9,21.09,30.61,22.85,15.71,51.06,0.1102,0.9054,126.0
8320,42.44,32.69,26.96,17.57,11.6,60.3,0.1705,0.8476,111.24
8321,34.32,29.21,18.94,15.42,12.72,91.11,0.1731,0.83,91.8
8322,29.04,42.32,21.41,19.11,17.97,37.23,0.1399,0.8894,115.49
8323,35.67,42.33,27.15,20.74,17.47,24.78,0.183,0.8708,124.84
8324,46.97,39.46,18.69,21.28,14.28,53.62,0.1877,0.8369,117.73
8325,43.56,18.02,22.47,21.19,13.64,81.88,0.1262,0.879,104.49
8326,22.83,37.86,23.2,29.49,13.51,57.3,0.1852,0.8365,106.15
8327,37.34,73.41,24.49,11.51,16.07,86.6,0.1805,0.8247,134.27
8328,41.0,43.03,26.94,21.25,16.12,18.8,0.1409,0.9086,134.79
8329,55.28,34.08,26.59,18.44,17.38,87.23,0.1372,0.8666,131.52
8330,50.3,44.82,28.06,22.68,17.03,56.48,0.1977,0.8261,134.56
8331,38.57,24.76,20.38,21.85,12.65,29.01,0.1412,0.8957,105.88
8332,41.45,41.36,23.04,19.06,15.34,9.97,0.1298,0.9325,130.79
8333,29.1,34.71,27.31,15.67,16.43,8.59,0.1607,0.9211,113.49
8334,18.99,22.15,19.29,18.04,13.4,67.79,0.1875,0.8278,76.04
8335,36.82,38.61,28.75,18.81,14.96,94.99,0.1623,0.8392,115.78
8336,48.03,35.62,25.55,15.35,13.03,72.77,0.1888,0.8236,113.31
8337,41.45,48.34,18.45,23.93,12.43,74.11,0.1802,0.831,120.17
8338,34.01,36.91,29.21,25.41,11.27,20.75,0.189,0.8736,119.52
8339,47.3,38.01,26.17,17.09,11.54,32.03,0.1778,0.8649,121.19
8340,54.35,37.14,34.05,12.8,13.81,80.16,0.1602,0.8471,128.89
8341,28.09,36.92,30.72,17.72,13.13,50.58,0.1057,0.9095,115.12
8342,39.58,55.21,16.89,13.99,17.66,3.43,0.136,0.956,137.02
8343,35.74,46.61,23.65,22.43,12.8,27.01,0.105,0.924,130.5
8344,40.35,24.05,25.77,17.13,14.53,88.16,0.192,0.8127,99.02
8345,36.35,33.29,26.38,13.63,15.61,81.97,0.1945,0.8133,101.87
8346,62.33,19.93,20.36,15.12,12.46,19.41,0.1153,0.9245,120.37
8347,39.04,63.55,25.42,14.41,13.85,25.38,0.1624,0.8846,138.25
8348,42.4,26.49,23.61,22.94,6.88,94.42,0.1825,0.8193,100.21
8349,41.34,25.82,20.76,16.83,18.21,40.89,0.1079,0.9124,112.19
8350,29.97,72.64,22.52,19.33,15.9,14.89,0.1968,0.8818,141.41
8351,41.63,27.58,22.63,20.28,23.41,50.56,0.161,0.8621,116.84
8352,28.22,23.94,34.21,15.48,14.61,47.68,0.1365,0.8848,103.05
8353,54.43,45.55,30.86,13.83,16.94,97.31,0.1562,0.8443,136.44
8354,47.23,34.88,26.45,19.0,17.88,64.9,0.1565,0.8576,124.73
8355,35.39,24.48,16.58,24.84,15.55,46.0,0.1117,0.9066,105.91
8356,38.66,40.05,32.04,17.81,10.53,37.64,0.157,0.8754,121.77
8357,48.21,44.98,14.87,27.68,21.4,61.78,0.1671,0.8498,133.54
8358,42.18,49.43,18.57,18.51,14.36,53.73,0.123,0.8931,127.77
8359,26.79,38.74,17.4,15.76,13.94,67.25,0.1029,0.9056,102.0
8360,41.35,49.91,20.31,17.63,15.45,55.38,0.1508,0.868,125.55
8361,48.68,49.11,33.41,11.39,20.02,90.98,0.1084,0.8936,145.3
8362,21.33,29.08,28.9,21.79,17.56,1.4,0.1262,0.9761,115.83
8363,41.1,69.3,26.29,18.75,17.7,56.44,0.1487,0.8692,150.48
8364,33.32,45.41,25.05,16.87,14.35,79.49,0.1048,0.9001,121.52
8365,50.14,61.14,20.31,26.25,19.55,9.86,0.1916,0.9008,159.79
8366,36.38,33.11,29.1,17.69,14.31,10.25,0.1363,0.9284,121.24
8367,35.55,49.11,32.29,23.15,10.88,10.38,0.1457,0.9231,139.37
8368,46.62,39.03,29.5,19.42,14.8,94.23,0.1559,0.8458,126.32
8369,32.82,51.59,28.11,23.51,14.98,84.73,0.1512,0.8538,128.93
8370,40.67,29.6,30.05,21.25,12.05,11.81,0.1214,0.9328,124.64
8371,42.25,28.02,25.34,22.06,13.21,65.45,0.1147,0.8955,117.21
8372,38.45,57.31,15.06,18.06,12.9,58.64,0.1178,0.8954,126.95
8373,29.57,38.57,30.7,20.86,18.77,14.27,0.137,0.9189,127.24
8374,33.03,51.85,19.78,18.45,13.71,53.22,0.1712,0.8515,116.5
8375,38.95,19.9,25.14,15.05,16.91,4.94,0.1665,0.9356,108.49
8376,24.85,25.36,34.08,15.87,17.24,1.58,0.1607,0.9669,113.51
8377,40.68,28.39,24.88,17.85,17.74,29.62,0.1166,0.9134,118.33
8378,37.89,58.82,33.19,20.8,16.98,92.0,0.1094,0.8923,149.63
8379,44.58,57.93,25.76,22.24,15.95,56.5,0.118,0.8962,149.18
8380,45.2,36.25,20.82,23.94,7.82,4.11,0.1796,0.9364,125.49
8381,31.02,42.43,24.61,26.34,9.63,4.45,0.179,0.9341,125.2
8382,35.84,37.44,22.33,17.35,12.43,12.85,0.1681,0.9041,113.35
8383,32.58,23.49,30.45,25.54,13.23,27.89,0.19,0.8612,107.89
8384,35.79,35.85,24.1,15.3,13.0,16.13,0.1048,0.9354,116.02
8385,37.98,24.39,28.59,20.21,15.47,23.24,0.1649,0.8858,112.19
8386,48.96,30.05,26.95,15.24,15.42,16.64,0.1826,0.8862,121.08
8387,35.23,31.99,15.8,17.13,10.54,77.88,0.1521,0.8558,94.73
8388,47.09,67.74,21.29,14.3,17.54,41.05,0.1412,0.8853,148.71
8389,42.08,37.28,25.24,20.06,15.93,67.65,0.1682,0.8456,118.88
8390,51.09,29.74,23.22,16.53,14.14,31.38,0.171,0.8708,117.31
8391,37.17,44.74,25.8,17.56,15.04,45.59,0.1679,0.86,120.66
8392,33.49,26.87,27.81,17.48,18.53,61.33,0.196,0.8241,102.34
8393,41.15,101.32,30.41,17.79,15.31,7.73,0.1968,0.9074,186.92
8394,27.14,41.57,26.66,22.67,16.72,25.99,0.1629,0.8834,119.05
8395,41.26,13.02,25.6,24.71,10.95,96.36,0.1965,0.8046,92.97
8396,44.53,25.37,28.0,15.06,14.65,85.74,0.1927,0.8132,103.77
8397,48.79,71.94,21.93,19.98,13.64,92.91,0.1228,0.8789,154.92
8398,43.25,37.14,26.17,21.18,13.32,4.95,0.173,0.933,131.6
8399,38.86,28.97,27.1,20.05,14.47,56.85,0.1322,0.8835,114.36
8400,55.53,41.17,25.51,28.49,15.82,28.47,0.1799,0.8678,144.5
8401,39.93,18.53,24.91,19.1,15.62,84.65,0.13,0.8744,103.26
8402,31.53,23.73,28.42,14.83,15.99,60.12,0.1231,0.8901,101.92
8403,39.72,19.93,20.08,17.62,7.78,19.77,0.1971,0.8702,91.48
8404,29.25,30.21,20.82,20.7,16.0,7.83,0.1271,0.9399,109.95
8405,30.13,66.62,23.96,21.66,16.71,70.5,0.1703,0.8421,133.96
8406,41.93,44.45,30.37,18.26,11.51,93.04,0.1055,0.8959,131.27
8407,29.39,42.39,17.9,20.64,16.84,32.72,0.15,0.8854,112.59
8408,35.07,26.88,30.07,25.82,18.14,43.89,0.1516,0.8748,118.94
8409,30.65,47.81,32.08,27.68,15.5,73.56,0.1753,0.8359,128.49
8410,41.12,25.66,26.08,25.24,14.31,59.51,0.1684,0.8499,112.54
8411,34.31,32.25,19.75,24.28,14.99,62.24,0.1636,0.8527,107.08
8412,44.26,47.33,16.71,22.91,12.04,27.15,0.1285,0.9069,129.92
8413,43.61,33.88,35.55,19.36,13.75,11.48,0.1433,0.9214,134.67
8414,29.57,50.46,18.95,19.6,15.94,47.74,0.1596,0.8653,116.4
8415,47.37,32.3,22.46,23.66,19.26,55.8,0.1395,0.8777,127.3
8416,38.63,60.25,15.85,23.58,17.44,77.25,0.1882,0.8218,128.0
8417,30.2,41.36,14.67,22.06,9.36,8.83,0.1912,0.9051,106.49
8418,42.98,24.6,28.4,24.22,12.04,19.68,0.1509,0.9007,119.11
8419,54.09,28.16,22.08,12.6,13.33,23.44,0.1118,0.9224,120.15
8420,38.43,32.01,29.26,21.42,16.37,54.99,0.1241,0.8915,122.58
8421,26.81,51.33,23.28,14.89,15.17,41.85,0.1943,0.8414,110.63
8422,47.38,72.99,31.09,18.98,23.56,70.88,0.1799,0.833,161.6
8423,52.6,19.31,23.37,19.88,16.96,86.2,0.1723,0.8328,110.03
8424,31.36,29.99,29.79,18.61,16.38,62.56,0.1376,0.876,110.49
8425,33.63,57.16,20.03,16.77,16.72,87.25,0.1353,0.8684,125.32
8426,40.28,34.23,21.07,23.36,15.57,66.15,0.1558,0.8577,115.38
8427,24.53,32.89,20.21,22.27,18.53,59.25,0.1564,0.8608,101.94
8428,56.65,44.04,21.87,24.91,14.32,54.37,0.1604,0.8602,139.18
8429,39.59,20.42,16.76,18.74,11.64,50.67,0.1574,0.8652,92.71
8430,40.33,44.61,19.92,19.52,16.36,17.84,0.1318,0.9159,128.92
8431,42.86,39.56,20.11,30.48,18.19,49.79,0.1181,0.8993,135.97
8432,37.93,37.88,34.68,18.62,15.51,77.94,0.1971,0.813,117.59
8433,35.88,53.92,24.31,13.79,13.99,55.13,0.1092,0.9045,128.33
8434,32.47,34.05,22.99,23.47,22.75,43.34,0.1818,0.8503,115.41
8435,30.57,35.57,28.72,23.87,11.34,94.05,0.1197,0.8816,114.67
8436,43.25,37.62,22.7,24.6,15.01,3.02,0.1954,0.941,134.74
8437,50.82,15.43,26.5,24.31,17.11,13.55,0.1499,0.9128,122.47
8438,47.6,53.22,28.29,16.41,14.68,89.66,0.1338,0.869,139.23
8439,37.69,44.38,28.02,22.73,15.28,12.79,0.1919,0.8907,131.9
8440,38.46,43.44,24.83,22.0,14.14,56.1,0.1341,0.8823,126.05
8441,52.95,40.11,25.52,22.78,16.82,92.03,0.1528,0.8496,134.39
8442,33.61,60.27,26.78,19.53,15.64,68.83,0.18,0.8341,129.96
8443,26.65,38.11,27.64,24.18,16.04,44.65,0.1747,0.855,113.4
8444,42.01,32.13,26.7,22.03,12.99,9.04,0.1895,0.9051,122.97
8445,46.82,17.49,25.78,21.46,16.46,21.22,0.1367,0.9079,116.22
8446,20.1,21.06,20.29,18.08,10.0,70.83,0.1204,0.8883,79.52
8447,43.19,30.98,27.8,23.31,16.82,69.52,0.1435,0.8674,123.26
8448,30.97,36.43,18.94,19.49,22.89,58.94,0.1683,0.8504,109.47
8449,28.65,27.64,25.13,21.08,16.44,52.71,0.1262,0.8908,105.95
8450,37.69,31.93,25.72,19.68,14.92,29.7,0.1678,0.8753,113.73
8451,30.76,24.38,17.67,23.08,16.85,64.58,0.117,0.8937,100.77
8452,25.84,51.06,21.34,20.66,15.21,94.78,0.1994,0.8024,107.61
8453,40.87,31.23,31.41,16.29,20.04,65.85,0.1548,0.8587,120.07
8454,39.65,56.09,20.9,23.87,18.69,88.31,0.1078,0.8949,142.46
8455,26.26,31.52,27.9,23.34,14.43,71.88,0.1118,0.8959,110.59
8456,28.74,40.46,19.04,21.85,12.18,75.45,0.159,0.8502,103.95
8457,43.72,42.21,18.04,20.98,15.66,13.87,0.1555,0.9088,127.79
8458,44.23,37.32,28.74,16.79,15.65,10.62,0.1414,0.9247,131.99
8459,18.83,22.5,30.57,20.16,16.23,32.4,0.1606,0.8777,95.05
8460,29.89,30.53,25.06,17.31,18.28,38.24,0.1098,0.9125,110.48
8461,39.34,15.25,26.95,22.01,20.49,64.13,0.1123,0.8982,111.41
8462,43.39,67.52,31.69,22.83,13.92,40.36,0.1291,0.8956,160.62
8463,43.29,9.13,23.98,24.49,10.88,32.5,0.1824,0.8609,96.22
8464,44.82,49.02,25.37,20.61,11.92,99.42,0.124,0.8759,132.91
8465,34.24,36.55,23.86,22.02,12.96,59.67,0.1738,0.8451,109.55
8466,41.42,17.47,21.27,18.62,18.2,7.3,0.1579,0.9274,108.5
8467,36.85,38.84,17.43,15.39,9.56,3.0,0.1342,0.9596,113.3
8468,35.52,22.48,20.64,17.53,15.44,73.75,0.1126,0.8945,99.84
8469,27.91,41.61,30.78,22.5,11.36,46.8,0.1728,0.8549,114.68
8470,42.38,34.2,33.13,18.91,14.45,89.58,0.1435,0.8596,122.99
8471,26.81,38.36,19.61,13.77,13.57,74.68,0.1608,0.8489,95.18
8472,30.64,30.2,28.7,19.73,9.75,79.55,0.1446,0.8622,102.61
8473,45.49,59.58,23.8,18.7,16.78,22.29,0.169,0.8845,145.36
8474,38.67,23.31,32.62,19.32,12.14,35.32,0.1056,0.9176,115.68
8475,48.41,26.72,24.83,21.74,15.8,68.37,0.1049,0.9035,124.23
8476,37.31,32.68,21.68,28.28,20.61,84.48,0.1263,0.878,123.42
8477,35.56,33.6,26.01,15.48,12.13,81.2,0.18,0.8276,101.61
8478,49.18,22.26,17.58,25.95,16.73,34.38,0.1427,0.8895,117.14
8479,36.8,15.76,25.73,20.38,12.78,59.58,0.1977,0.8238,91.81
8480,42.25,40.35,23.49,24.47,10.32,1.34,0.1781,0.9672,136.25
8481,38.7,39.9,23.49,21.65,19.84,93.36,0.1612,0.8408,120.74
8482,40.96,69.16,21.84,20.16,15.53,28.56,0.1257,0.9075,152.16
8483,38.23,57.75,21.04,21.75,16.14,13.22,0.1264,0.9271,143.62
8484,47.02,35.94,26.46,14.22,10.78,77.82,0.134,0.8729,117.34
8485,40.54,26.72,25.39,18.02,12.89,71.42,0.1847,0.8282,102.33
8486,37.34,54.96,23.93,20.93,13.59,37.53,0.1799,0.8574,129.26
8487,42.03,24.93,26.85,14.72,14.81,40.43,0.1735,0.8597,106.04
8488,27.62,50.02,24.53,20.24,17.58,70.51,0.1525,0.8586,120.2
8489,48.1,19.72,23.79,16.49,16.45,3.36,0.137,0.9562,119.09
8490,27.95,76.84,21.55,21.8,13.63,95.3,0.1736,0.8278,133.92
8491,34.69,22.83,30.38,21.9,12.63,92.89,0.1333,0.8686,106.34
8492,36.38,23.56,36.34,25.32,13.84,40.45,0.1776,0.8564,115.99
8493,41.99,16.33,13.0,21.49,14.46,74.85,0.1152,0.8917,95.66
8494,52.96,29.86,23.77,15.64,13.58,57.08,0.1626,0.8566,116.33
8495,48.25,41.67,24.13,17.78,14.33,70.6,0.1098,0.8981,131.26
8496,28.22,27.56,25.81,14.87,18.43,90.86,0.1557,0.8472,97.33
8497,32.91,24.53,38.9,21.53,13.37,43.53,0.1099,0.9094,119.35
8498,28.8,19.6,25.28,18.12,12.38,43.63,0.1896,0.8436,87.89
8499,29.6,39.15,23.27,20.08,16.07,84.01,0.1403,0.8646,110.82
8500,35.28,46.22,28.06,19.37,12.73,3.31,0.1634,0.9482,134.31
8501,50.48,37.37,29.16,14.85,14.33,26.3,0.1342,0.9036,132.09
8502,38.03,46.17,21.97,21.23,11.15,14.83,0.1543,0.9074,125.73
8503,39.07,21.53,24.56,23.41,15.27,89.84,0.1719,0.8316,102.99
8504,41.83,27.17,24.78,17.12,14.2,56.9,0.1342,0.8817,110.31
8505,32.48,32.3,33.06,18.75,12.3,5.0,0.1213,0.9528,122.81
8506,39.43,58.34,25.69,22.85,13.31,42.3,0.1694,0.8614,137.51
8507,41.97,58.21,27.26,17.07,14.06,82.7,0.1129,0.8915,141.37
8508,59.67,48.07,22.01,19.57,20.59,10.25,0.1824,0.9041,153.62
8509,47.39,47.6,27.3,21.74,13.56,30.22,0.1556,0.8837,139.27
8510,53.17,25.53,24.25,23.83,20.57,89.53,0.1144,0.888,130.85
8511,40.23,36.48,23.71,20.65,15.91,7.42,0.1466,0.9322,127.69
8512,44.23,17.97,22.11,16.97,11.52,99.62,0.1357,0.8642,97.47
8513,42.09,47.6,26.06,21.1,15.64,31.67,0.1157,0.9124,139.13
8514,25.69,31.68,24.23,18.2,15.85,4.7,0.1039,0.9607,111.1
8515,20.3,79.2,20.17,19.61,18.39,16.66,0.1447,0.9098,143.44
8516,31.0,38.85,20.45,15.62,14.1,64.43,0.1652,0.8501,102.03
8517,49.95,25.87,26.04,16.5,18.22,14.2,0.1888,0.8884,121.34
8518,36.84,31.37,25.47,22.3,17.86,76.41,0.1333,0.8741,116.99
8519,46.23,27.19,28.15,20.96,11.58,40.09,0.1304,0.8948,119.99
8520,50.44,27.74,25.64,18.51,11.69,89.89,0.1529,0.8502,113.94
8521,29.73,34.69,19.53,16.62,9.86,8.83,0.1568,0.9222,101.84
8522,51.81,23.59,27.86,24.91,17.76,40.24,0.1142,0.9077,132.46
8523,30.7,34.19,20.7,22.02,11.1,59.35,0.1075,0.9043,107.35
8524,38.35,15.89,30.17,28.56,18.49,84.69,0.1178,0.8861,116.49
8525,31.36,37.32,29.81,16.74,19.11,53.99,0.1614,0.8595,115.47
8526,41.9,25.83,22.02,14.51,21.5,75.33,0.1391,0.8691,109.29
8527,38.71,20.41,20.85,21.48,16.88,63.14,0.1094,0.9012,106.62
8528,46.38,46.76,18.99,19.47,17.3,29.66,0.1781,0.8676,129.18
8529,48.0,17.25,18.51,19.21,14.89,40.94,0.1634,0.8674,102.23
8530,52.64,44.94,33.14,15.64,10.55,84.53,0.1835,0.8227,129.1
8531,46.01,42.22,20.97,20.1,11.53,11.72,0.1306,0.9279,130.68
8532,46.52,24.5,23.02,17.6,13.37,96.86,0.1567,0.844,105.51
8533,36.41,31.36,37.4,16.13,16.73,63.42,0.1705,0.8458,116.75
8534,38.58,38.92,30.77,17.61,13.64,42.7,0.192,0.8425,117.56
8535,42.51,38.4,30.12,13.96,13.35,86.84,0.1052,0.8977,124.2
8536,30.07,50.44,28.34,23.78,20.22,57.61,0.1918,0.8305,126.95
8537,48.99,46.91,30.21,19.63,12.82,70.01,0.1188,0.89,141.1
8538,38.93,52.95,13.23,19.49,11.46,10.97,0.1406,0.9242,125.75
8539,41.55,55.45,24.35,25.13,17.91,83.05,0.1126,0.8917,146.57
8540,27.85,36.63,21.57,17.72,18.01,91.53,0.1882,0.8149,99.25
8541,37.09,31.16,17.15,15.63,18.08,9.73,0.1277,0.9342,111.27
8542,46.9,33.34,17.69,22.21,13.22,23.32,0.1606,0.8887,118.52
8543,43.36,30.53,24.19,15.55,13.3,41.39,0.1472,0.8803,111.72
8544,46.64,62.46,17.97,11.47,19.52,51.5,0.1877,0.8386,132.54
8545,37.3,25.84,23.88,22.38,14.01,90.66,0.104,0.898,110.82
8546,41.03,55.1,22.74,20.84,15.61,99.88,0.1415,0.8583,133.3
8547,39.17,28.87,33.09,18.44,19.58,74.86,0.1256,0.882,122.71
8548,45.32,54.45,28.24,14.98,12.93,74.41,0.1259,0.8818,137.49
8549,42.09,46.81,29.33,22.1,13.05,78.42,0.1532,0.8545,131.06
8550,36.94,34.46,19.58,18.07,14.15,17.35,0.1239,0.9217,113.55
8551,19.52,38.82,31.4,23.02,15.99,42.1,0.1522,0.8756,112.74
8552,41.36,22.45,27.97,22.19,11.56,76.87,0.1135,0.8926,112.07
8553,26.58,44.09,24.53,16.73,11.42,90.39,0.1925,0.8113,100.07
8554,45.51,51.12,17.76,14.78,13.63,92.88,0.1822,0.8203,117.14
8555,46.66,59.77,26.96,21.66,17.06,1.16,0.1088,0.9818,168.97
8556,21.72,30.74,23.47,21.43,16.32,92.39,0.1812,0.8215,93.38
8557,42.4,84.39,21.61,21.29,13.97,94.8,0.1769,0.8247,151.46
8558,42.2,30.82,26.19,19.92,16.63,1.2,0.1069,0.9817,133.28
8559,43.01,29.23,23.1,23.86,11.46,2.18,0.1494,0.9624,125.74
8560,30.14,32.74,24.45,32.72,15.2,27.77,0.1153,0.9159,123.87
8561,43.81,32.86,18.87,26.76,14.95,6.74,0.1056,0.9531,130.81
8562,29.93,19.72,17.21,21.04,18.97,62.43,0.1672,0.8493,90.76
8563,45.52,22.26,32.28,23.09,16.14,45.13,0.1461,0.8785,122.36
8564,43.47,21.47,18.97,19.06,9.0,24.22,0.1573,0.8897,99.62
8565,37.36,38.45,19.2,11.33,11.22,79.3,0.1144,0.8911,104.75
8566,43.4,63.68,21.94,26.14,16.15,18.01,0.1423,0.909,155.73
8567,32.42,26.79,29.2,17.23,9.18,76.85,0.1128,0.8933,102.58
8568,35.53,33.25,21.7,14.72,14.83,97.33,0.1503,0.8502,102.05
8569,49.31,25.34,24.2,24.28,13.39,58.57,0.1406,0.8752,119.48
8570,49.0,45.58,20.43,29.57,14.86,82.71,0.1984,0.8093,129.03
8571,31.22,38.95,30.75,21.96,13.02,10.84,0.1019,0.9453,128.46
8572,35.05,50.63,14.48,19.08,17.69,31.15,0.1296,0.9023,123.55
8573,35.56,23.41,26.14,24.23,13.84,69.34,0.1612,0.8512,104.84
8574,40.5,34.48,34.61,21.39,16.38,70.33,0.1622,0.8497,125.21
8575,38.93,31.87,23.6,14.8,16.31,12.54,0.1556,0.912,114.46
8576,50.33,32.7,20.37,15.92,11.33,91.77,0.1858,0.8172,106.78
8577,52.27,52.11,14.13,18.05,15.85,95.0,0.1747,0.8269,126.03
8578,54.43,27.86,26.77,21.52,13.29,4.14,0.1932,0.9313,133.98
8579,57.28,29.24,29.59,23.2,16.18,81.27,0.1677,0.8394,130.51
8580,27.36,25.5,30.63,18.48,11.73,14.64,0.1263,0.9246,105.12
8581,38.49,82.96,32.38,24.16,14.06,13.09,0.1567,0.9099,174.75
8582,34.45,23.91,28.84,25.74,16.17,70.33,0.1762,0.8367,108.04
8583,32.82,44.39,16.88,19.38,15.97,9.0,0.183,0.9085,117.59
8584,51.27,20.23,31.03,14.36,12.25,45.38,0.109,0.9092,117.42
8585,43.37,42.12,20.77,22.9,15.85,39.05,0.1445,0.8842,128.22
8586,27.29,22.11,22.97,27.22,16.23,68.23,0.1232,0.8867,102.69
8587,60.75,37.19,28.61,18.19,10.76,79.83,0.1828,0.8256,128.39
8588,25.48,39.64,26.71,26.71,9.95,21.87,0.107,0.9273,119.15
8589,37.17,33.97,20.73,17.63,16.8,19.27,0.1363,0.9109,115.05
8590,40.7,46.42,26.85,19.41,11.46,90.74,0.1119,0.8902,128.93
8591,30.95,42.16,11.4,24.98,15.29,1.59,0.1661,0.9657,120.5
8592,44.4,26.63,29.41,18.96,14.51,56.59,0.1009,0.9112,122.02
8593,35.06,42.61,22.61,14.51,13.43,59.7,0.1839,0.836,107.2
8594,46.58,38.33,34.92,22.77,19.69,82.06,0.1514,0.8547,138.7
8595,43.19,51.33,23.33,14.95,11.9,22.52,0.1412,0.9032,130.68
8596,19.97,19.58,31.13,23.73,12.54,94.99,0.1371,0.8642,92.42
8597,27.6,36.61,29.57,23.13,16.96,7.83,0.1321,0.9375,125.49
8598,46.79,36.36,28.95,25.92,15.95,31.08,0.131,0.9013,138.77
8599,43.23,30.16,29.0,16.45,15.4,25.31,0.1949,0.8616,115.68
8600,31.79,53.47,27.48,16.52,15.84,22.46,0.146,0.8999,130.58
8601,34.65,26.34,28.23,19.97,13.28,17.55,0.1088,0.931,114.02
8602,39.3,46.54,28.71,18.32,11.81,19.41,0.1464,0.9041,130.8
8603,23.8,26.2,23.69,13.52,19.69,77.71,0.1728,0.8362,89.39
8604,58.17,59.49,21.78,18.85,11.59,96.56,0.1579,0.843,143.2
8605,32.16,41.16,22.56,20.19,9.03,77.49,0.1838,0.8259,103.32
8606,40.25,18.77,23.45,22.04,12.81,25.77,0.1376,0.9018,105.8
8607,53.37,55.15,26.01,20.82,17.42,25.76,0.1885,0.8655,149.53
8608,38.53,43.83,28.8,19.17,8.95,73.51,0.1673,0.8434,117.46
8609,42.58,36.3,25.39,26.3,12.47,33.68,0.155,0.8807,125.96
8610,32.34,27.1,29.75,18.62,17.73,80.05,0.175,0.8329,104.57
8611,35.61,24.87,25.07,17.49,11.22,2.44,0.1082,0.971,110.95
8612,32.6,42.84,35.9,19.19,15.54,38.15,0.1254,0.9001,131.48
8613,50.24,18.89,25.38,22.28,15.01,39.01,0.1375,0.8899,117.29
8614,34.66,26.7,24.75,18.11,15.18,33.53,0.1613,0.8759,104.58
8615,34.05,46.27,21.67,22.13,16.85,72.03,0.1159,0.892,125.75
8616,33.11,19.94,30.67,22.18,11.21,67.8,0.1989,0.8173,95.71
8617,43.06,20.3,30.28,17.41,17.74,99.54,0.1946,0.8052,103.7
8618,44.65,43.12,32.96,18.09,11.4,61.77,0.1436,0.8709,130.82
8619,24.02,31.46,31.54,27.52,13.55,83.6,0.1896,0.8173,104.69
8620,40.54,68.12,25.23,20.49,13.94,24.62,0.1872,0.8681,146.13
8621,42.41,30.98,19.13,9.61,16.27,65.62,0.1369,0.8751,103.62
8622,51.24,18.82,25.94,17.05,10.28,48.9,0.1544,0.8689,107.17
8623,30.21,55.07,30.23,22.41,19.86,85.55,0.1042,0.8991,141.86
8624,31.03,20.56,24.64,19.8,14.15,88.27,0.1511,0.8526,93.95
8625,45.13,23.37,22.86,20.0,17.37,26.14,0.151,0.8918,114.8
8626,39.51,30.6,23.48,22.84,11.31,6.91,0.1834,0.9176,117.21
8627,51.03,37.35,31.38,16.8,13.41,54.36,0.1074,0.9064,135.93
8628,48.81,40.76,23.24,20.61,8.21,34.28,0.1604,0.8759,124.05
8629,42.23,51.4,28.44,19.27,17.51,71.38,0.1826,0.8302,131.88
8630,39.47,12.49,29.54,20.91,11.93,1.58,0.1414,0.9709,111.02
8631,38.74,24.02,27.94,18.54,11.52,69.15,0.1559,0.8561,103.38
8632,39.76,53.45,21.8,18.7,16.62,54.35,0.1656,0.8557,128.63
8633,40.49,24.47,23.63,21.84,5.61,33.05,0.1063,0.9186,106.59
8634,51.37,34.29,17.06,16.29,14.33,57.79,0.1455,0.8713,116.18
8635,23.7,59.99,23.1,17.64,20.35,93.51,0.123,0.8785,127.2
8636,36.64,32.68,16.34,26.37,11.98,88.71,0.1914,0.8131,100.85
8637,41.64,31.52,30.15,22.09,12.33,87.43,0.1943,0.8109,111.68
8638,35.18,32.83,18.59,23.5,17.79,24.45,0.1764,0.876,112.03
8639,37.71,58.59,19.65,20.2,11.43,40.97,0.1125,0.9087,134.11
8640,36.47,18.43,23.53,20.59,19.27,8.19,0.1998,0.9038,106.92
8641,50.43,71.55,22.33,16.72,18.28,13.89,0.105,0.9384,168.25
8642,36.61,31.97,34.74,21.06,16.56,24.43,0.1937,0.8639,121.77
8643,34.23,30.53,30.91,21.07,12.1,88.49,0.1231,0.8799,113.37
8644,46.24,25.3,23.8,23.37,14.71,12.88,0.1219,0.9304,124.13
8645,35.72,22.23,32.8,18.94,14.18,35.75,0.1556,0.8783,108.79
8646,38.65,13.73,27.22,19.94,15.26,3.95,0.1585,0.9449,108.49
8647,31.15,56.96,24.84,30.66,15.93,27.0,0.1503,0.8913,142.2
8648,36.75,14.43,20.42,20.15,13.41,80.01,0.1856,0.8229,86.54
8649,39.72,34.29,21.99,16.68,13.38,92.63,0.1007,0.9007,113.55
8650,29.88,29.33,35.92,22.12,17.17,41.88,0.1288,0.8949,120.3
8651,39.2,39.35,27.36,20.62,21.97,28.69,0.1777,0.8692,129.06
8652,44.11,15.75,23.81,16.5,11.34,57.87,0.1537,0.864,96.34
8653,24.07,25.15,25.39,21.67,17.25,3.74,0.1157,0.9609,109.1
8654,34.78,42.32,25.69,24.06,16.59,34.0,0.1444,0.8885,127.45
8655,60.43,37.68,24.74,17.33,16.41,78.82,0.1048,0.9003,140.99
8656,38.36,26.84,12.71,25.05,15.71,2.96,0.1193,0.9644,114.44
8657,49.11,36.48,29.24,17.43,13.35,28.29,0.1661,0.8782,127.87
8658,39.78,69.72,33.91,16.73,15.43,20.2,0.1162,0.9229,162.04
8659,37.36,54.11,26.43,20.53,14.12,35.89,0.1544,0.879,134.09
8660,47.47,51.63,27.25,22.93,16.66,8.16,0.1539,0.926,153.65
8661,49.58,43.61,20.88,23.38,16.38,43.29,0.111,0.9086,139.76
8662,32.86,37.63,23.09,21.26,7.77,47.58,0.1934,0.8369,102.62
8663,31.22,26.63,26.9,15.47,15.55,10.52,0.1621,0.914,105.8
8664,29.05,35.79,25.88,16.46,15.7,82.28,0.1821,0.8252,101.39
8665,32.97,76.87,24.13,18.66,18.16,73.04,0.1535,0.8565,146.28
8666,49.09,50.56,30.26,22.18,15.03,26.92,0.1753,0.8732,145.93
8667,40.25,30.33,25.89,18.43,13.76,15.25,0.1534,0.9071,116.71
8668,49.47,15.14,27.84,23.94,17.81,99.83,0.1509,0.8488,113.91
8669,31.73,47.39,22.36,27.59,12.76,3.62,0.1174,0.9609,136.3
8670,31.98,50.9,29.33,16.26,10.42,52.34,0.1032,0.9109,126.52
8671,36.86,28.17,19.82,20.2,16.87,73.83,0.1242,0.8836,107.74
8672,42.37,26.79,25.0,22.33,18.92,93.85,0.1184,0.8829,119.57
8673,38.88,16.05,26.85,23.33,13.93,52.7,0.1664,0.8561,101.92
8674,45.58,57.84,22.92,20.88,12.75,58.09,0.119,0.8946,143.11
8675,43.31,29.65,25.21,19.55,18.62,89.24,0.1128,0.8897,121.3
8676,43.9,38.85,28.41,13.74,16.54,41.38,0.1856,0.849,120.08
8677,45.48,22.55,28.5,18.39,14.18,37.95,0.1305,0.8962,115.7
8678,48.77,19.61,24.89,22.43,15.76,89.19,0.1854,0.8187,107.63
8679,20.32,63.66,22.97,25.4,12.04,72.95,0.1802,0.8316,120.07
8680,39.9,29.95,27.12,15.52,15.99,66.99,0.1821,0.8332,107.05
8681,46.74,25.92,35.52,25.04,9.07,17.22,0.1179,0.9257,131.73
8682,60.19,111.75,27.9,24.02,12.42,43.28,0.1025,0.9156,216.35
8683,39.2,51.91,33.48,20.76,14.52,40.34,0.1316,0.8936,142.86
8684,22.42,26.23,26.1,16.85,15.48,91.52,0.1823,0.8208,87.89
8685,51.4,47.0,26.61,25.6,13.81,5.7,0.1984,0.918,150.94
8686,30.26,18.42,13.76,19.64,17.91,98.47,0.1476,0.8525,85.25
8687,43.68,30.81,24.17,21.9,15.53,91.45,0.1172,0.8848,120.41
8688,44.3,25.03,29.94,16.77,13.57,64.0,0.1249,0.8868,114.95
8689,41.01,41.38,26.38,14.26,14.37,43.1,0.1858,0.8473,116.41
8690,22.93,67.9,24.58,22.69,16.93,77.25,0.1115,0.8945,138.67
8691,37.09,17.77,25.26,21.57,16.16,83.6,0.1331,0.8717,102.75
8692,27.44,73.57,33.76,21.84,14.06,18.13,0.1837,0.8823,150.58
8693,43.63,47.24,21.84,15.72,19.37,87.69,0.1274,0.8759,129.46
8694,32.92,23.47,30.16,23.14,12.2,15.52,0.1557,0.9052,110.33
8695,23.01,23.65,33.14,22.9,19.53,41.12,0.1259,0.8978,109.73
8696,45.69,26.3,28.45,29.94,10.69,21.15,0.1059,0.9287,131.02
8697,29.86,24.75,20.59,18.96,11.28,54.48,0.134,0.8831,93.11
8698,41.08,25.06,28.13,13.17,11.61,93.2,0.1016,0.8997,107.11
8699,34.1,16.94,27.71,18.25,18.59,35.1,0.1919,0.8506,98.32
8700,46.94,32.37,32.67,18.43,13.25,81.99,0.1153,0.8893,127.77
8701,46.61,47.18,24.23,20.45,14.11,51.76,0.1613,0.8611,131.38
8702,41.9,27.82,14.28,22.68,10.83,81.62,0.1957,0.8124,95.47
8703,39.14,39.42,20.17,17.8,13.45,90.14,0.1921,0.8118,105.52
8704,36.47,54.9,24.07,24.23,14.27,44.0,0.1107,0.9085,139.86
8705,30.36,19.25,25.07,20.01,16.77,40.13,0.1748,0.8589,95.73
8706,35.29,26.8,29.04,11.49,16.05,22.02,0.1405,0.9043,107.31
8707,43.83,19.16,24.52,19.82,13.0,89.19,0.1082,0.8943,107.62
8708,55.64,19.98,22.31,17.5,10.94,74.73,0.1692,0.841,106.28
8709,44.57,60.33,20.93,20.53,14.24,46.69,0.1921,0.8388,134.7
8710,45.72,28.61,24.22,24.19,20.42,39.69,0.1198,0.9036,129.35
8711,39.14,42.12,25.88,15.31,15.93,11.13,0.1132,0.9387,129.9
8712,44.21,37.39,26.29,19.34,11.67,20.81,0.1296,0.9133,126.85
8713,22.82,46.46,28.41,26.55,10.35,29.03,0.1156,0.9146,123.11
8714,34.22,37.13,26.44,18.45,12.02,88.6,0.1194,0.8834,113.31
8715,45.63,36.53,17.48,17.45,14.08,67.09,0.141,0.8707,114.21
8716,45.77,19.34,18.34,27.47,18.63,19.29,0.1112,0.9273,120.13
8717,35.65,35.49,23.04,22.0,7.04,35.83,0.1087,0.9149,112.74
8718,29.53,35.33,23.23,25.69,15.85,19.58,0.1454,0.9045,117.26
8719,39.43,24.01,32.15,17.28,12.09,29.87,0.1398,0.8959,111.96
8720,36.52,15.3,20.64,18.3,17.08,16.44,0.1748,0.8915,96.15
8721,47.52,38.6,27.7,16.01,15.7,82.19,0.1764,0.8307,120.89
8722,45.63,57.11,33.05,22.05,21.38,6.75,0.1518,0.9325,167.12
8723,52.39,17.25,28.45,17.25,15.39,45.22,0.1854,0.8457,110.56
8724,48.88,32.72,29.84,16.42,19.77,29.31,0.1095,0.9189,135.67
8725,37.81,14.32,32.34,20.55,12.44,41.07,0.1116,0.9094,106.81
8726,42.79,45.39,27.19,21.37,14.11,89.51,0.1451,0.8581,129.44
8727,56.28,56.21,29.11,19.72,9.1,46.34,0.1943,0.8372,142.67
8728,36.8,33.66,25.44,20.47,15.47,44.11,0.153,0.8735,115.16
8729,41.4,44.94,34.46,26.22,14.23,42.57,0.1386,0.8864,142.92
8730,39.96,35.9,26.91,24.16,16.23,15.33,0.1198,0.9273,132.76
8731,40.13,23.74,21.46,19.81,14.5,56.31,0.1973,0.8265,98.89
8732,33.01,33.17,20.87,22.54,19.25,28.84,0.1346,0.9007,116.05
8733,50.47,34.62,22.55,23.46,14.26,61.63,0.1272,0.8857,128.75
8734,32.66,33.02,17.31,21.31,16.61,66.61,0.1379,0.8738,105.65
8735,54.86,40.61,32.42,16.96,19.88,81.64,0.1626,0.8441,139.05
8736,53.11,36.91,32.42,12.64,20.29,70.79,0.1061,0.9015,140.06
8737,42.01,32.38,29.63,27.3,16.2,61.99,0.1115,0.8996,132.72
8738,40.05,27.08,25.32,20.15,15.43,77.19,0.1988,0.8118,103.93
8739,33.78,42.74,19.81,21.9,16.24,66.5,0.137,0.8747,117.64
8740,40.57,41.57,22.18,16.48,19.88,35.0,0.1567,0.8781,123.53
8741,48.64,37.57,27.57,19.08,15.3,12.22,0.1371,0.9231,136.77
8742,34.53,25.12,23.06,16.82,15.45,75.6,0.1005,0.9054,104.09
8743,51.74,22.26,24.99,15.99,12.49,22.5,0.1752,0.8799,112.17
8744,48.2,45.86,18.56,21.32,12.67,86.34,0.148,0.8564,125.56
8745,39.15,24.5,20.08,21.34,16.71,70.18,0.1486,0.8624,105.02
8746,46.37,30.58,22.23,20.49,12.3,45.38,0.1518,0.8735,115.28
8747,32.7,18.79,30.56,20.4,15.96,96.35,0.12,0.8807,104.28
8748,39.18,41.79,26.13,22.13,14.15,75.35,0.1825,0.8282,118.73
8749,57.74,21.32,21.25,9.12,13.09,48.69,0.1804,0.847,103.77
8750,49.55,20.88,23.22,23.17,12.47,30.69,0.1256,0.9057,117.1
8751,43.99,23.56,32.0,29.05,22.23,27.23,0.1835,0.8669,130.75
8752,40.55,41.55,28.59,14.1,16.63,26.8,0.1948,0.8593,121.53
8753,39.41,32.1,20.0,12.37,10.88,46.62,0.1014,0.9149,104.99
8754,39.77,27.16,25.77,13.23,22.48,19.91,0.167,0.8898,114.27
8755,33.81,67.79,25.7,23.96,15.45,71.73,0.1726,0.8393,139.92
8756,45.22,43.13,28.83,15.28,12.84,83.58,0.1448,0.8605,125.03
8757,48.36,15.78,19.27,20.78,14.4,8.96,0.1066,0.9468,112.27
8758,37.98,24.68,22.7,21.98,19.82,74.7,0.1139,0.8929,113.55
8759,43.74,15.87,30.13,19.29,12.87,51.16,0.1963,0.8314,101.35
8760,34.18,28.91,28.87,18.09,13.75,9.08,0.1529,0.9233,114.29
8761,39.47,52.98,22.06,18.71,16.69,31.04,0.168,0.8735,130.94
8762,33.23,38.66,27.33,14.79,14.31,88.6,0.1481,0.8554,109.77
8763,38.18,31.88,22.74,23.24,19.12,71.96,0.1519,0.8585,116.03
8764,40.96,28.98,26.92,24.39,12.7,40.49,0.1195,0.9034,121.0
8765,44.84,39.78,28.91,20.82,12.94,71.51,0.1262,0.8826,130.0
8766,35.1,17.77,21.41,16.57,13.89,26.84,0.1341,0.9031,94.59
8767,43.81,33.35,23.2,19.76,14.2,19.29,0.132,0.9137,122.73
8768,32.35,37.44,25.5,19.19,16.04,91.97,0.1094,0.8924,116.47
8769,42.54,21.03,22.55,17.61,14.4,33.55,0.1701,0.8692,102.67
8770,57.69,24.54,21.95,20.09,12.84,21.98,0.1074,0.9269,127.1
8771,37.03,76.88,26.79,18.86,16.51,60.72,0.1549,0.8613,151.66
8772,29.33,43.23,30.4,24.54,12.65,88.25,0.1407,0.8628,120.92
8773,47.17,17.7,22.1,16.36,17.52,76.16,0.1481,0.8602,103.95
8774,42.29,25.93,21.25,19.12,9.23,44.67,0.1686,0.8601,101.34
8775,43.67,34.6,20.81,16.53,15.74,63.97,0.1599,0.8551,112.32
8776,50.18,88.12,24.55,19.79,14.8,20.98,0.1918,0.8713,172.02
8777,34.31,49.97,31.72,21.02,16.15,51.54,0.1966,0.8309,127.26
8778,34.55,54.13,23.01,18.94,16.52,84.02,0.1987,0.8083,118.94
8779,44.36,41.04,31.62,23.51,15.1,93.44,0.1441,0.8577,133.48
8780,48.32,23.61,22.58,26.66,21.25,73.45,0.1368,0.8719,124.17
8781,41.9,66.24,18.45,6.9,16.94,39.78,0.1427,0.8851,133.15
8782,39.43,49.26,33.54,23.55,20.52,27.45,0.1208,0.9122,151.69
8783,42.58,58.29,24.3,19.81,15.88,32.79,0.1444,0.8896,143.11
8784,45.87,69.11,29.73,19.96,13.19,75.27,0.1631,0.8465,150.56
8785,28.42,65.21,29.11,18.93,8.79,20.18,0.1696,0.8876,133.55
8786,32.08,34.77,28.22,22.43,16.11,40.83,0.1085,0.912,121.87
8787,39.29,39.04,23.86,20.25,16.92,96.45,0.1858,0.8153,113.62
8788,45.52,37.81,27.13,23.21,11.23,91.81,0.1281,0.874,126.65
8789,57.37,50.74,23.79,20.06,15.12,92.03,0.1697,0.833,139.18
8790,39.09,39.97,18.04,22.17,10.79,6.36,0.18,0.922,119.91
8791,41.96,37.09,23.18,23.12,17.49,93.5,0.1421,0.8596,122.79
8792,34.68,33.55,29.0,19.49,17.02,19.44,0.1255,0.9178,122.74
8793,45.26,32.98,30.32,23.06,9.49,75.61,0.1167,0.89,125.6
8794,31.22,39.48,30.34,21.97,10.6,19.96,0.1916,0.8734,116.69
8795,39.91,58.84,24.92,20.74,8.84,39.49,0.1134,0.9089,139.28
8796,32.4,23.92,31.34,17.22,16.11,41.96,0.1376,0.8876,107.39
8797,23.1,36.03,20.12,16.63,16.14,50.61,0.1867,0.8401,94.11
8798,61.55,40.18,38.3,21.54,17.61,89.38,0.1617,0.8418,150.84
8799,46.42,67.89,24.85,22.56,11.71,63.92,0.1134,0.8972,155.6
8800,46.47,29.44,25.47,18.69,13.64,20.41,0.1615,0.8926,119.35
8801,47.27,25.62,19.0,22.88,12.69,43.56,0.1815,0.8504,108.39
8802,51.4,64.02,22.65,17.2,12.24,15.32,0.1751,0.8938,149.73
8803,41.3,42.91,28.55,19.52,12.17,34.51,0.1851,0.8565,123.72
8804,46.95,29.56,27.59,17.68,11.14,43.07,0.1702,0.8601,114.31
8805,36.0,53.39,17.84,17.39,16.16,31.96,0.1711,0.8702,122.49
8806,38.62,16.52,26.56,16.77,19.37,77.42,0.1516,0.8564,100.92
8807,27.72,34.26,16.65,33.71,17.65,2.46,0.1219,0.9671,125.72
8808,41.62,39.37,31.15,24.5,13.78,93.41,0.1437,0.8581,129.07
8809,35.76,44.31,31.22,21.94,14.67,52.76,0.1038,0.9102,134.61
8810,38.94,25.15,19.84,18.41,16.18,80.41,0.1819,0.8262,97.93
8811,46.63,24.98,26.07,15.51,15.45,19.64,0.1994,0.8689,111.78
8812,42.42,64.81,17.94,13.91,12.29,35.72,0.1603,0.8746,132.39
8813,48.24,35.23,22.77,19.35,16.35,96.83,0.1661,0.8347,118.48
8814,35.27,37.3,26.26,23.68,16.55,54.37,0.14,0.878,122.09
8815,43.05,26.15,25.52,15.8,12.17,36.55,0.1328,0.8955,109.88
8816,34.88,24.25,26.55,22.26,15.37,99.86,0.1824,0.8173,100.79
8817,38.59,27.89,25.9,20.77,14.33,69.24,0.1206,0.8886,113.29
8818,37.55,56.46,26.82,20.58,16.42,81.04,0.1806,0.8271,130.55
8819,31.89,27.29,21.88,30.61,13.02,20.21,0.1625,0.8922,111.26
8820,36.7,31.84,24.1,21.1,20.79,2.36,0.1242,0.9674,130.14
8821,44.62,66.71,25.2,20.87,10.82,91.56,0.1708,0.8321,139.97
8822,32.67,82.27,24.12,17.67,20.44,31.07,0.1859,0.86,152.37
8823,34.69,19.47,38.53,17.36,12.5,76.68,0.1266,0.8803,107.88
8824,49.95,14.96,25.46,15.59,16.67,43.55,0.1284,0.8941,109.65
8825,51.34,26.32,18.1,14.74,11.75,88.39,0.1038,0.8987,109.86
8826,46.66,23.67,19.56,19.03,12.74,26.65,0.104,0.925,112.53
8827,53.66,42.36,26.23,22.08,12.3,53.45,0.1748,0.8483,132.86
8828,50.92,34.81,24.4,12.53,13.44,37.19,0.1065,0.9157,124.63
8829,39.29,33.24,24.12,19.45,12.14,68.86,0.1076,0.9008,115.52
8830,55.91,49.71,17.2,16.83,21.49,54.15,0.1713,0.8509,137.11
8831,52.48,14.94,18.16,23.11,18.09,73.88,0.1604,0.8497,107.72
8832,39.42,27.33,19.4,18.43,14.13,44.28,0.1506,0.8753,103.91
8833,42.01,33.41,20.1,23.35,17.98,78.18,0.1585,0.8495,116.25
8834,34.71,52.89,18.32,17.64,21.79,51.28,0.1718,0.8524,123.88
8835,39.23,34.19,28.5,21.89,18.17,12.42,0.159,0.9104,129.25
8836,27.56,41.26,25.87,20.0,19.55,73.45,0.1917,0.8206,110.16
8837,35.31,30.73,29.27,21.91,18.77,43.56,0.1234,0.8983,122.15
8838,46.35,34.4,31.7,24.03,19.36,78.6,0.1624,0.8457,131.79
8839,31.81,31.13,26.2,27.43,17.96,90.71,0.1231,0.8792,118.27
8840,37.49,31.92,21.08,20.48,11.9,90.66,0.1895,0.8141,100.04
8841,44.47,36.07,29.0,19.88,19.61,78.51,0.1847,0.8245,122.87
8842,37.68,62.42,18.3,25.7,15.17,12.66,0.1948,0.8894,141.67
8843,49.21,41.31,22.23,17.29,15.96,96.3,0.1077,0.893,130.37
8844,49.58,32.24,23.87,21.9,8.8,52.88,0.1875,0.8377,114.25
8845,35.06,43.52,25.94,17.65,12.69,91.49,0.1124,0.8895,119.95
8846,36.5,37.65,30.92,19.44,18.74,68.9,0.1934,0.8216,117.7
8847,40.36,44.27,20.6,17.11,17.99,21.87,0.1893,0.8713,122.27
8848,34.68,29.9,18.25,22.67,17.41,63.35,0.1746,0.8421,103.5
8849,53.07,42.61,32.68,19.09,10.69,37.56,0.1028,0.9185,145.26
8850,36.7,42.92,30.05,15.13,15.72,2.7,0.107,0.9696,136.25
8851,47.29,19.84,40.03,14.98,14.85,84.76,0.1819,0.8242,112.9
8852,28.02,30.0,17.32,20.52,17.19,98.09,0.1959,0.8045,90.96
8853,33.82,32.68,25.76,24.3,14.6,53.04,0.1324,0.8853,116.12
8854,31.32,30.73,17.69,12.59,12.71,32.47,0.1338,0.898,94.32
8855,30.05,23.19,33.23,18.91,13.13,22.14,0.1496,0.8979,106.41
8856,35.87,13.02,15.7,17.57,7.37,26.16,0.1017,0.9271,83.0
8857,42.94,52.81,20.22,23.56,14.17,83.92,0.1555,0.85,130.64
8858,52.27,14.71,26.48,16.15,14.51,16.41,0.1487,0.9077,112.67
8859,38.38,77.23,25.69,19.91,10.82,93.11,0.1318,0.8699,149.66
8860,40.65,31.84,24.81,14.92,13.49,43.17,0.1668,0.8628,108.47
8861,42.71,26.8,27.26,24.79,22.94,65.99,0.1028,0.9061,130.93
8862,34.17,18.83,30.27,16.28,12.54,42.9,0.1341,0.8899,99.74
8863,39.81,18.02,27.14,24.65,18.04,99.72,0.1175,0.8823,112.63
8864,56.7,24.5,22.98,20.22,15.11,37.89,0.1667,0.8675,121.02
8865,43.11,37.77,20.84,16.42,15.65,38.3,0.1242,0.901,120.54
8866,56.7,61.57,26.5,22.43,17.69,87.28,0.1479,0.8561,158.3
8867,40.19,18.83,27.25,23.02,7.96,12.49,0.1155,0.9348,109.6
8868,35.04,40.41,28.02,26.83,16.74,18.59,0.1283,0.9171,134.84
8869,48.35,16.69,23.49,22.25,11.94,97.62,0.177,0.8236,101.07
8870,50.11,24.36,16.42,22.64,17.05,10.29,0.1467,0.9228,120.49
8871,36.03,42.79,28.13,23.38,16.12,5.32,0.2,0.9199,134.73
8872,42.92,23.3,22.43,6.49,9.94,75.97,0.1169,0.8897,93.49
8873,39.49,64.9,25.76,21.54,19.62,47.13,0.1272,0.893,152.98
8874,28.95,47.34,25.35,24.03,17.2,53.43,0.1834,0.8408,120.13
8875,29.42,42.67,18.27,20.92,15.4,52.05,0.1096,0.9055,114.71
8876,38.36,28.0,24.87,17.97,21.8,88.09,0.1376,0.8659,113.42
8877,49.2,24.75,26.7,17.19,12.63,38.53,0.1233,0.9016,117.62
8878,46.8,29.16,29.05,19.83,14.37,80.53,0.166,0.8413,117.12
8879,32.67,38.68,15.58,19.47,18.2,57.74,0.1711,0.8487,105.74
8880,31.02,38.67,17.28,20.83,17.69,15.91,0.1652,0.8985,112.76
8881,33.01,25.22,22.16,20.01,16.51,72.37,0.1273,0.8813,103.04
8882,32.34,26.18,23.43,22.53,12.41,10.38,0.111,0.9414,110.03
8883,32.95,18.85,16.63,14.76,16.07,25.71,0.1195,0.9148,90.8
8884,23.8,87.11,21.74,23.2,23.84,56.04,0.1601,0.8594,154.43
8885,20.46,24.44,18.53,25.07,18.53,45.34,0.1808,0.8494,90.91
8886,19.52,17.84,19.26,13.29,17.18,52.14,0.1135,0.9021,78.56
8887,27.6,12.94,25.22,18.25,25.17,50.95,0.1357,0.8836,96.47
8888,49.33,26.76,22.16,23.38,18.41,55.67,0.1257,0.8898,124.6
8889,68.84,41.17,19.0,21.68,16.85,30.0,0.1178,0.9121,152.82
8890,56.16,33.56,28.82,15.4,14.16,41.6,0.1497,0.878,130.04
8891,41.99,32.45,21.17,22.37,13.6,74.53,0.1426,0.8661,113.97
8892,33.79,46.86,31.76,12.5,11.42,86.9,0.1669,0.8378,114.22
8893,36.55,44.2,15.82,22.01,14.79,3.88,0.1499,0.9484,126.49
8894,41.12,24.43,28.21,25.39,13.31,40.01,0.1928,0.8445,111.87
8895,56.54,38.85,24.81,19.89,14.53,38.65,0.1853,0.852,131.73
8896,32.07,35.98,23.47,23.22,15.75,54.02,0.1309,0.8861,115.63
8897,40.02,27.62,23.82,21.33,13.34,1.14,0.165,0.9728,122.7
8898,40.78,61.99,24.76,17.0,17.84,30.6,0.165,0.8763,142.28
8899,39.29,25.65,25.74,17.74,14.45,62.31,0.1603,0.8556,105.13
8900,23.93,27.79,31.37,18.76,13.57,23.77,0.1594,0.8889,102.6
8901,37.79,28.93,24.24,19.01,17.24,6.5,0.1088,0.9524,121.17
8902,29.18,50.7,31.09,24.66,15.32,24.1,0.1924,0.8654,130.63
8903,58.3,54.07,23.43,25.96,11.71,84.54,0.1568,0.8485,147.19
8904,44.57,60.07,25.4,23.47,10.53,27.88,0.141,0.897,147.14
8905,48.93,47.71,23.83,25.91,13.81,46.72,0.1815,0.8477,135.78
8906,32.92,33.63,16.25,21.11,19.82,12.52,0.1252,0.9292,114.96
8907,36.41,51.42,20.98,9.32,16.52,73.4,0.1046,0.9021,121.46
8908,56.34,40.67,32.84,20.01,16.83,43.3,0.1322,0.8912,148.55
8909,48.19,33.31,20.68,16.9,14.4,19.56,0.1591,0.8956,119.54
8910,43.37,29.07,28.97,22.69,16.08,96.77,0.1921,0.8088,113.38
8911,50.75,32.68,14.15,19.43,17.47,84.04,0.1745,0.8316,111.83
8912,55.69,28.92,22.98,21.25,14.5,37.9,0.1359,0.892,127.86
8913,52.14,41.32,27.14,20.2,10.82,13.1,0.1794,0.8969,136.0
8914,48.4,32.15,24.71,17.8,12.6,62.15,0.194,0.8254,111.96
8915,49.17,42.55,26.85,16.64,12.6,78.34,0.1417,0.8654,127.92
8916,37.36,42.87,12.52,18.05,22.52,87.78,0.1993,0.8059,107.44
8917,41.57,35.1,19.85,21.75,15.94,42.73,0.1423,0.8833,118.55
8918,45.45,29.22,21.84,25.5,14.27,21.9,0.1853,0.874,119.11
8919,42.55,24.34,19.91,21.75,10.95,22.18,0.1261,0.9139,109.21
8920,44.02,33.52,24.36,30.2,17.43,2.78,0.1352,0.961,143.7
8921,38.87,39.36,15.91,22.54,16.4,79.13,0.1864,0.8226,109.47
8922,18.16,20.28,23.28,20.87,15.41,51.13,0.1035,0.9111,89.29
8923,45.41,17.19,34.69,24.56,16.37,92.58,0.1274,0.8745,120.87
8924,40.86,33.33,23.15,14.29,11.58,17.98,0.1732,0.8893,109.57
8925,41.02,24.47,16.78,17.43,15.0,31.85,0.1542,0.8831,101.27
8926,57.61,52.41,30.02,22.46,15.33,85.89,0.1569,0.8479,150.77
8927,42.85,58.99,22.01,17.1,17.31,62.05,0.1331,0.8802,139.31
8928,33.56,23.36,17.23,25.73,17.96,36.15,0.1562,0.8774,103.39
8929,45.5,17.71,23.98,18.03,6.8,27.51,0.1318,0.9041,101.28
8930,40.68,44.06,22.23,23.27,14.32,58.82,0.1067,0.9052,130.87
8931,48.93,37.97,25.57,20.43,17.69,39.16,0.1013,0.9188,138.36
8932,35.23,40.97,25.11,27.79,20.07,27.22,0.1282,0.907,135.3
8933,33.48,47.57,27.55,22.96,11.87,38.33,0.161,0.8716,125.01
8934,35.68,29.61,25.75,22.36,14.83,70.94,0.1204,0.8882,113.89
8935,26.17,32.35,36.31,18.57,16.99,42.54,0.168,0.8623,112.43
8936,36.5,48.44,21.55,17.73,16.84,48.01,0.1454,0.8771,123.73
8937,52.72,41.84,18.14,20.28,11.3,67.02,0.1637,0.85,122.63
8938,34.19,79.37,20.28,22.24,11.69,48.97,0.1435,0.8781,147.32
8939,29.14,39.36,30.61,21.36,8.61,95.29,0.1797,0.8217,106.08
8940,35.78,38.78,16.54,14.2,13.64,7.93,0.1083,0.9485,112.81
8941,41.76,49.79,29.72,18.65,12.5,67.8,0.1071,0.9016,137.43
8942,34.03,79.98,35.65,21.3,8.57,86.37,0.1957,0.8101,145.43
8943,40.57,46.58,31.84,16.15,16.31,27.81,0.1311,0.9044,136.97
8944,42.01,31.2,22.75,21.63,14.19,41.88,0.1259,0.8972,118.24
8945,40.01,26.87,28.28,18.24,16.74,38.86,0.17,0.8639,112.44
8946,39.29,37.35,29.39,22.37,16.11,91.2,0.1716,0.8314,120.13
8947,54.11,22.54,22.8,19.12,17.46,32.38,0.1186,0.9097,123.74
8948,41.41,45.31,19.52,20.19,14.05,55.05,0.1131,0.9011,126.6
8949,33.67,39.42,24.64,20.7,14.97,17.21,0.1818,0.8854,118.13
8950,46.04,43.06,29.4,22.11,14.46,5.21,0.1912,0.9242,143.31
8951,39.52,17.19,31.63,23.41,17.86,66.72,0.1245,0.8861,114.85
8952,40.57,59.99,25.46,15.26,17.15,55.26,0.1165,0.8981,142.28
8953,48.11,22.35,23.92,19.93,16.47,9.52,0.1698,0.9132,119.43
8954,50.73,21.16,24.38,20.56,10.95,95.72,0.1667,0.8345,106.63
8955,30.89,15.62,34.58,32.48,20.99,43.59,0.1669,0.8624,116.03
8956,53.86,27.48,25.93,23.61,13.58,48.51,0.172,0.8542,123.4
8957,39.48,37.22,28.57,20.49,14.11,47.82,0.1733,0.8537,119.41
8958,39.54,33.59,30.77,15.07,20.02,51.53,0.1781,0.8468,117.7
8959,31.92,46.24,23.7,19.27,15.29,48.76,0.1065,0.9096,124.09
8960,45.97,58.31,21.78,29.24,13.88,83.78,0.197,0.8101,137.05
8961,28.63,60.31,25.94,14.02,17.18,47.49,0.1404,0.8817,128.8
8962,44.31,31.59,21.13,19.16,11.96,56.06,0.1369,0.8798,112.75
8963,53.21,33.01,22.46,25.28,9.92,31.43,0.1245,0.9059,130.35
8964,37.48,33.13,14.67,28.88,12.8,54.41,0.1225,0.8932,113.41
8965,48.65,29.67,30.1,19.23,20.28,61.02,0.1511,0.8646,127.9
8966,40.66,78.66,20.57,22.49,12.37,74.13,0.1512,0.8582,149.98
8967,28.86,39.66,31.11,23.94,13.93,84.55,0.1225,0.8816,121.23
8968,40.96,42.88,20.22,22.79,15.52,64.75,0.1479,0.8656,123.23
8969,38.52,45.95,18.18,21.25,16.71,14.86,0.1544,0.9074,127.59
8970,47.17,56.88,16.33,25.59,16.1,10.47,0.1355,0.9282,150.44
8971,37.09,31.93,13.87,24.83,12.27,59.35,0.1751,0.8441,101.29
8972,43.99,42.96,32.77,22.0,19.68,26.5,0.1784,0.8716,140.68
8973,31.55,44.28,28.86,26.98,14.66,79.33,0.1169,0.8887,130.05
8974,43.44,18.76,25.84,20.76,18.53,92.97,0.1635,0.8388,106.79
8975,40.19,28.8,31.93,20.93,11.54,43.2,0.1683,0.8616,114.92
8976,38.98,32.77,20.44,19.19,16.37,61.86,0.1998,0.8203,104.8
8977,40.25,52.0,19.96,10.56,16.79,69.35,0.1831,0.8309,115.96
8978,37.66,141.46,25.77,21.04,12.66,77.62,0.1878,0.822,196.11
8979,41.13,29.39,22.22,20.8,17.17,49.11,0.1762,0.8502,111.14
8980,38.42,28.9,31.2,15.36,10.76,6.38,0.1541,0.9331,116.3
8981,32.21,41.77,40.4,17.33,11.93,19.36,0.1448,0.9052,130.04
8982,29.63,17.55,30.5,24.11,17.11,5.94,0.1412,0.9406,111.84
8983,36.05,17.14,26.61,14.72,10.58,52.0,0.1824,0.8427,88.56
8984,37.46,33.13,25.28,19.94,17.14,58.54,0.1356,0.8797,116.96
8985,15.96,28.18,33.31,23.48,11.77,3.29,0.1671,0.9472,106.75
8986,40.15,54.72,25.39,15.63,17.28,30.56,0.1395,0.8955,137.16
8987,57.62,30.15,27.87,20.38,9.7,92.26,0.1,0.9015,131.37
8988,45.52,20.76,20.01,21.58,14.08,6.1,0.1361,0.9421,114.88
8989,38.63,23.29,22.47,23.51,16.58,48.9,0.113,0.9041,112.55
8990,33.48,56.3,27.5,21.21,20.64,67.42,0.1029,0.9056,144.11
8991,26.42,26.14,30.94,21.88,12.64,29.9,0.1209,0.9099,107.39
8992,47.11,30.49,24.06,18.09,9.55,89.99,0.1992,0.8049,104.07
8993,43.4,31.01,27.42,21.72,11.55,15.55,0.1138,0.9307,125.73
8994,30.12,27.73,19.89,23.18,16.85,69.62,0.1681,0.8446,99.47
8995,47.71,39.55,27.12,14.46,20.85,42.14,0.1977,0.8384,125.5
8996,46.72,71.1,30.51,21.85,12.99,26.12,0.157,0.8875,162.55
8997,34.63,43.64,25.25,31.03,17.87,45.38,0.1902,0.8415,128.27
8998,37.66,48.61,24.25,17.86,15.26,55.16,0.1542,0.8651,124.27
8999,42.0,23.8,22.71,20.67,16.35,24.23,0.1396,0.9022,113.25
9000,44.42,40.61,22.73,16.97,14.31,91.75,0.1521,0.8504,118.23
9001,31.24,60.5,31.78,24.97,11.77,11.54,0.1201,0.934,149.68
9002,44.54,31.9,22.3,22.02,18.87,56.46,0.1825,0.8395,117.21
9003,40.47,34.94,24.85,19.71,13.65,48.64,0.1112,0.9057,121.02
9004,48.89,47.5,20.35,23.23,12.67,86.47,0.1066,0.8965,136.84
9005,46.1,64.54,24.77,23.79,15.58,45.63,0.1872,0.8438,147.5
9006,40.46,56.27,29.99,15.34,14.61,59.99,0.1796,0.8397,131.56
9007,47.33,21.08,19.39,21.84,21.15,92.56,0.1848,0.8179,106.97
9008,27.92,40.04,20.23,21.43,15.3,5.89,0.1005,0.9579,119.67
9009,37.01,27.46,32.52,20.05,15.02,52.51,0.1276,0.8897,117.49
9010,32.22,30.78,22.34,20.04,18.06,92.47,0.1222,0.8796,108.58
9011,35.56,20.78,29.24,23.25,15.12,10.73,0.1063,0.9432,116.9
9012,35.46,31.46,22.62,14.34,16.95,88.52,0.1708,0.8333,100.7
9013,29.9,24.91,21.2,18.04,16.06,3.02,0.1998,0.9396,103.45
9014,47.62,32.83,36.25,20.48,17.96,82.44,0.1914,0.8161,126.61
9015,46.01,42.62,24.02,17.9,18.2,87.31,0.1723,0.8323,123.81
9016,35.14,39.19,28.33,19.68,12.39,2.0,0.1029,0.9755,131.43
9017,21.48,49.87,24.4,18.67,11.73,23.22,0.1702,0.8822,111.29
9018,35.96,28.81,24.07,24.23,11.53,42.82,0.1607,0.8681,108.16
9019,39.61,17.81,31.29,20.03,16.16,46.08,0.1768,0.8521,106.42
9020,50.86,66.29,23.13,26.94,19.39,63.17,0.1969,0.8221,153.41
9021,35.49,43.58,20.19,20.03,9.7,8.59,0.1751,0.914,117.9
9022,47.83,44.39,23.59,24.4,20.58,2.86,0.173,0.9493,152.64
9023,35.96,43.43,25.29,22.26,17.68,20.13,0.1744,0.8845,127.91
9024,44.55,38.8,22.64,25.78,11.43,79.01,0.1191,0.8866,126.96
9025,46.46,52.04,21.74,18.75,13.92,32.59,0.1175,0.9103,139.2
9026,44.63,26.92,18.7,20.9,12.24,71.97,0.1927,0.8204,101.23
9027,32.34,47.99,22.34,14.8,18.7,40.6,0.1097,0.9112,124.08
9028,37.09,40.36,17.74,14.3,17.23,67.26,0.194,0.8221,104.18
9029,44.7,36.89,20.15,23.46,13.99,2.01,0.1391,0.9667,134.55
9030,27.36,28.77,28.92,17.09,14.94,5.82,0.101,0.9579,112.15
9031,46.32,38.7,30.3,24.02,17.39,73.31,0.1431,0.8661,135.74
9032,30.3,32.2,25.21,19.86,14.22,93.65,0.1634,0.8385,102.12
9033,29.19,49.29,17.47,23.63,12.54,13.94,0.1609,0.9055,119.64
9034,35.74,29.09,22.6,23.24,14.66,37.14,0.1212,0.9042,113.32
9035,34.52,23.18,30.72,10.27,15.92,79.58,0.1477,0.8592,98.47
9036,41.45,43.87,27.27,18.85,11.86,12.71,0.1541,0.9124,130.76
9037,42.14,81.31,19.1,15.83,14.09,31.09,0.1253,0.9057,156.19
9038,40.56,38.78,29.04,7.5,14.84,25.08,0.1317,0.9067,118.53
9039,32.14,33.03,23.11,17.3,15.06,51.11,0.1622,0.8608,103.84
9040,49.67,71.58,21.87,13.44,18.8,15.76,0.1491,0.9087,159.35
9041,40.52,42.06,26.63,19.86,16.69,51.52,0.1236,0.8937,130.26
9042,47.44,32.98,24.54,16.97,16.46,66.48,0.185,0.8308,114.99
9043,21.65,69.52,33.76,22.03,11.67,49.35,0.1588,0.8648,137.2
9044,44.28,26.06,28.51,20.36,13.52,12.59,0.199,0.8872,117.76
9045,35.42,30.63,24.63,23.65,15.81,4.11,0.1437,0.9491,123.51
9046,46.07,40.09,28.15,23.44,14.79,98.48,0.155,0.8452,128.92
9047,54.29,108.37,20.49,23.36,17.58,70.72,0.1103,0.8976,201.16
9048,30.65,24.17,32.78,21.23,16.97,87.34,0.1327,0.8709,109.57
9049,46.87,22.24,26.94,18.63,8.82,1.35,0.1912,0.9646,119.11
9050,35.21,38.32,36.37,18.04,15.73,80.73,0.17,0.8375,120.32
9051,25.03,63.51,21.36,17.26,16.45,93.49,0.1065,0.8948,128.49
9052,47.42,50.23,14.72,19.2,8.8,22.22,0.1713,0.883,123.95
9053,54.56,26.74,23.84,23.52,16.04,29.31,0.1459,0.8919,129.05
9054,56.89,22.11,14.27,23.87,23.27,59.96,0.1827,0.8369,117.51
9055,42.4,26.93,36.52,13.89,13.47,17.62,0.1573,0.9001,119.91
9056,28.44,36.49,24.69,20.77,13.58,4.01,0.1993,0.9302,115.32
9057,38.34,39.68,18.48,20.27,15.67,77.88,0.1318,0.875,115.88
9058,39.13,31.77,22.02,15.79,18.11,81.8,0.1727,0.8344,105.82
9059,48.77,31.46,16.85,23.04,17.75,60.91,0.1329,0.8809,121.45
9060,39.8,31.36,20.29,27.71,12.57,46.27,0.1492,0.875,115.27
9061,23.39,44.58,33.29,18.26,15.98,58.7,0.1863,0.8346,113.09
9062,45.04,40.24,27.5,19.86,13.89,40.61,0.1532,0.876,128.35
9063,40.58,44.89,27.91,22.11,13.25,26.68,0.1628,0.8826,131.28
9064,47.23,40.13,26.61,29.92,17.58,10.31,0.1777,0.9064,146.36
9065,41.99,16.57,25.08,23.59,22.27,28.71,0.1754,0.8708,112.76
9066,45.51,35.15,17.73,17.37,14.36,55.51,0.1824,0.8402,109.32
9067,40.12,26.77,26.45,16.94,13.2,3.54,0.1581,0.9481,117.08
9068,42.27,65.9,36.67,20.01,11.72,85.25,0.1547,0.8503,150.14
9069,32.63,22.12,29.78,19.7,18.39,51.09,0.1888,0.8379,102.75
9070,42.83,16.29,26.88,23.08,21.52,57.66,0.1924,0.8299,108.39
9071,38.52,48.01,23.82,20.01,10.5,25.91,0.1129,0.9193,129.49
9072,43.92,38.62,21.22,20.87,14.0,99.2,0.145,0.855,118.52
9073,30.54,36.99,42.0,16.98,8.4,44.15,0.1056,0.9127,123.13
9074,51.19,41.15,28.92,19.42,16.91,21.27,0.1135,0.9235,145.55
9075,41.99,33.74,25.17,21.97,13.02,95.43,0.1277,0.8733,118.66
9076,46.35,29.11,23.9,28.71,12.08,2.07,0.1314,0.968,135.65
9077,40.04,37.42,20.61,19.85,13.14,96.22,0.1598,0.8412,110.25
9078,44.83,22.9,32.79,21.1,10.97,32.42,0.1531,0.8833,117.11
9079,22.04,63.33,26.29,18.02,18.64,74.64,0.1053,0.9011,133.64
9080,39.14,26.96,27.94,16.89,17.39,33.27,0.1007,0.9227,118.4
9081,33.66,21.52,18.94,22.05,19.06,61.12,0.1814,0.8374,96.49
9082,37.12,40.87,27.68,21.91,13.42,57.1,0.1106,0.9025,127.24
9083,48.09,25.15,24.86,14.76,16.14,82.78,0.1164,0.8881,114.56
9084,27.2,56.44,26.89,14.55,16.33,60.04,0.1931,0.8276,117.03
9085,45.92,15.76,23.48,23.82,16.51,88.51,0.1848,0.8196,102.86
9086,43.69,18.09,24.46,16.93,13.57,83.53,0.1945,0.8126,94.85
9087,50.24,30.16,27.52,20.57,16.78,43.23,0.1863,0.8467,123.0
9088,23.41,36.87,20.3,21.17,17.61,57.5,0.1869,0.8349,99.65
9089,44.72,26.04,20.07,20.67,15.72,82.55,0.1235,0.8813,112.12
9090,42.02,31.47,16.19,19.01,15.73,89.83,0.1786,0.8252,102.66
9091,39.57,69.9,25.69,22.57,20.39,9.82,0.1392,0.928,165.3
9092,51.55,26.44,27.13,24.77,17.34,81.04,0.1903,0.8179,120.42
9093,23.14,18.38,20.12,20.0,12.59,54.29,0.1482,0.8709,82.05
9094,41.0,31.88,18.62,14.44,14.04,61.67,0.18,0.8383,100.58
9095,48.18,22.25,24.6,15.47,19.96,39.2,0.1972,0.8418,109.83
9096,27.0,44.05,28.26,25.66,22.99,8.2,0.1931,0.9069,134.19
9097,44.76,42.7,16.6,16.87,13.29,94.62,0.1249,0.8763,117.61
9098,42.6,33.18,22.66,23.8,16.64,93.71,0.1555,0.8464,117.55
9099,22.96,40.71,30.6,14.63,16.18,20.42,0.1328,0.9116,114.03
9100,48.77,22.82,21.12,14.98,16.42,39.24,0.1488,0.8806,109.29
9101,32.87,51.07,22.08,21.74,12.58,59.67,0.1069,0.9047,126.95
9102,52.63,27.89,28.56,17.11,16.74,56.63,0.1431,0.874,124.93
9103,44.59,68.51,24.13,25.29,12.61,13.2,0.1578,0.9091,159.2
9104,42.4,30.76,27.09,19.91,9.73,2.09,0.1658,0.9594,124.6
9105,48.1,29.23,29.2,16.41,17.52,98.03,0.1535,0.8468,118.95
9106,47.15,32.35,32.43,14.98,20.51,98.37,0.1013,0.8988,132.51
9107,24.33,44.24,30.62,27.46,13.8,55.62,0.1407,0.8767,123.13
9108,26.36,62.42,34.3,19.23,15.04,44.69,0.1564,0.8702,136.93
9109,38.85,40.38,34.82,19.64,12.27,95.9,0.1931,0.8082,117.97
9110,31.41,82.27,28.1,19.13,15.57,47.6,0.1935,0.8368,147.68
9111,53.28,25.19,25.73,20.85,14.63,47.76,0.113,0.9046,126.35
9112,32.07,32.25,23.82,20.91,12.44,13.17,0.1585,0.9088,110.42
9113,40.74,22.47,21.52,20.13,13.22,37.16,0.1394,0.8898,105.05
9114,44.66,28.61,16.36,13.06,9.03,65.14,0.1788,0.8373,93.54
9115,59.55,26.88,22.47,22.94,9.87,73.31,0.1939,0.8186,116.01
9116,49.19,19.46,30.81,18.98,9.07,99.57,0.1565,0.8433,107.53
9117,34.71,50.88,21.06,24.23,12.91,79.25,0.1673,0.8407,120.89
9118,44.2,44.34,32.05,26.57,14.07,68.41,0.1978,0.8179,131.87
9119,45.59,29.83,24.85,19.94,16.04,19.03,0.1612,0.8951,121.96
9120,44.98,39.8,30.52,20.71,17.93,36.62,0.1762,0.8612,132.58
9121,32.16,29.67,30.3,18.71,10.65,72.87,0.1457,0.8639,104.95
9122,56.25,32.0,21.74,14.73,18.02,48.13,0.164,0.8613,122.94
9123,30.21,42.85,33.79,25.76,14.03,76.47,0.1863,0.824,120.83
9124,45.44,34.76,34.48,18.43,16.95,66.52,0.1861,0.8298,124.52
9125,32.94,35.24,27.89,20.86,16.94,47.17,0.158,0.8671,116.07
9126,43.13,16.29,13.86,13.11,15.7,34.17,0.1989,0.8462,86.38
9127,38.43,48.6,20.79,15.6,16.21,16.86,0.1438,0.91,127.06
9128,29.58,58.95,17.33,11.01,17.09,44.66,0.1302,0.8919,119.48
9129,20.2,52.77,24.26,20.58,22.57,67.73,0.1453,0.8666,121.65
9130,47.09,28.27,21.81,16.38,23.45,8.18,0.1502,0.9277,127.09
9131,35.53,51.73,27.22,18.11,14.0,32.4,0.1917,0.8539,125.17
9132,41.11,41.61,18.79,20.56,19.27,14.32,0.106,0.9371,132.46
9133,54.4,24.76,13.19,13.85,15.18,29.9,0.151,0.8875,107.73
9134,44.99,31.01,29.87,17.8,16.88,80.88,0.1149,0.8901,125.1
9135,16.82,33.63,30.24,20.93,12.91,40.17,0.1124,0.9092,104.13
9136,30.2,13.78,13.46,20.52,18.56,87.32,0.1893,0.8158,78.73
9137,25.27,37.83,22.3,11.26,16.79,73.45,0.1484,0.8611,97.7
9138,33.33,22.33,22.96,21.71,18.69,37.29,0.1062,0.9159,109.02
9139,37.83,22.94,22.0,15.46,12.99,17.05,0.146,0.9083,101.02
9140,60.44,37.25,31.41,20.75,6.88,1.2,0.1668,0.9715,152.25
9141,48.05,30.49,25.76,20.82,21.07,43.06,0.1118,0.9081,132.76
9142,42.85,23.46,16.11,25.49,13.0,50.86,0.1394,0.8804,106.45
9143,43.55,37.19,28.59,19.99,14.7,45.36,0.1992,0.8341,120.12
9144,43.8,24.83,25.64,18.16,20.68,37.32,0.1829,0.8552,113.83
9145,25.98,24.8,25.34,15.91,11.96,72.98,0.1452,0.8643,89.88
9146,28.72,56.03,28.3,21.42,16.73,10.33,0.1705,0.9102,137.63
9147,43.64,37.32,15.36,14.12,21.27,11.69,0.1334,0.9264,122.02
9148,40.04,39.95,24.88,16.95,15.95,55.16,0.1869,0.8365,115.25
9149,42.42,65.52,27.56,8.06,21.36,4.04,0.1907,0.933,153.87
9150,52.84,31.89,22.09,13.99,15.28,40.33,0.1566,0.8734,118.87
9151,34.46,27.16,22.73,23.73,18.19,20.43,0.1008,0.9329,117.79
9152,37.04,27.33,22.75,16.51,14.64,22.0,0.1814,0.8765,103.68
9153,41.97,73.38,29.42,18.65,12.71,48.96,0.153,0.8701,153.25
9154,26.38,33.69,19.53,16.23,15.65,54.12,0.1098,0.9044,100.84
9155,28.22,24.12,23.98,24.11,8.24,41.94,0.1061,0.9134,99.26
9156,50.9,36.92,22.56,18.44,12.13,14.28,0.1492,0.9117,128.51
9157,37.65,27.29,32.17,20.12,14.47,47.57,0.1675,0.8587,113.09
9158,36.08,29.71,25.6,16.82,16.13,80.16,0.1506,0.8562,106.46
9159,41.93,67.15,24.88,27.96,20.29,68.08,0.1278,0.8825,160.81
9160,26.64,36.81,14.51,14.55,14.19,52.32,0.1782,0.8461,90.29
9161,37.55,20.98,18.19,17.82,12.81,15.05,0.1078,0.935,100.37
9162,35.4,29.35,28.61,25.63,15.86,61.14,0.1189,0.8934,120.48
9163,42.94,16.69,24.02,19.33,13.06,50.98,0.1759,0.8491,98.53
9164,23.12,25.84,28.04,21.76,10.07,82.7,0.1779,0.829,90.21
9165,33.59,52.27,29.02,22.5,12.96,16.1,0.1504,0.9073,136.4
9166,36.32,26.21,30.95,22.13,11.69,39.45,0.1103,0.9114,116.02
9167,36.12,100.72,19.34,24.39,17.29,10.98,0.1029,0.9445,186.88
9168,48.41,12.31,33.75,23.12,12.84,52.89,0.1407,0.8781,114.54
9169,33.7,29.31,26.71,12.22,17.27,90.45,0.134,0.8686,103.55
9170,64.61,36.62,27.2,22.91,12.96,94.46,0.1641,0.8375,137.6
9171,45.98,35.86,15.88,18.48,15.98,3.99,0.158,0.9449,124.89
9172,36.11,43.84,28.12,21.99,16.71,37.54,0.1382,0.8904,130.68
9173,44.84,31.36,20.79,15.29,12.96,33.22,0.1729,0.8673,108.63
9174,45.81,57.78,25.6,23.06,12.01,63.69,0.1364,0.8765,143.98
9175,37.52,21.4,34.27,18.26,17.28,71.14,0.116,0.8922,114.86
9176,49.21,31.82,26.94,18.12,12.41,19.61,0.1234,0.9189,127.28
9177,32.19,22.41,26.06,23.41,10.68,19.2,0.1727,0.8873,101.82
9178,44.69,28.71,27.04,17.77,12.44,29.16,0.1744,0.871,113.8
9179,39.16,31.58,21.27,20.02,12.98,3.52,0.1704,0.9442,118.03
9180,42.32,44.82,17.23,20.55,18.21,57.78,0.1022,0.9096,130.19
9181,41.83,23.34,28.08,21.01,9.22,70.07,0.185,0.8287,102.32
9182,40.14,31.31,25.59,18.71,19.4,1.49,0.1407,0.9721,131.38
9183,55.81,35.29,31.51,18.67,12.61,43.86,0.1876,0.8451,130.05
9184,35.32,37.08,20.44,18.0,15.76,46.22,0.1372,0.8851,112.06
9185,33.68,22.44,18.59,23.5,17.44,61.41,0.1981,0.8222,95.08
9186,39.29,38.43,28.56,20.6,14.3,75.47,0.1556,0.8535,120.49
9187,50.43,55.82,21.71,23.86,12.06,86.8,0.1195,0.8839,144.85
9188,40.31,55.56,17.25,23.01,20.28,16.5,0.1551,0.9036,141.32
9189,39.43,31.32,22.09,22.68,14.16,40.2,0.1131,0.9086,117.83
9190,35.55,43.08,19.78,18.01,13.78,60.28,0.1053,0.9059,117.96
9191,36.11,32.8,17.34,20.33,21.03,49.45,0.1104,0.906,115.61
9192,48.56,53.59,27.13,12.26,13.63,66.83,0.129,0.8819,136.85
9193,39.5,45.91,27.87,13.95,8.72,57.19,0.1363,0.8797,119.59
9194,42.04,22.01,23.46,7.5,19.8,33.43,0.1671,0.8716,100.07
9195,34.42,32.92,34.22,18.69,11.73,91.89,0.1265,0.8755,115.55
9196,46.21,26.91,23.75,25.14,20.88,82.42,0.1947,0.813,116.17
9197,49.79,33.69,28.2,22.55,15.58,73.13,0.1146,0.8929,133.77
9198,32.58,22.07,17.31,17.19,14.83,39.35,0.1624,0.8696,90.42
9199,32.78,33.38,19.24,25.45,11.05,6.12,0.119,0.9493,115.72
9200,33.24,32.91,30.37,19.05,16.69,97.52,0.1017,0.8986,118.85
9201,48.29,33.27,30.91,25.9,11.94,68.09,0.1652,0.8481,127.48
9202,32.31,38.74,23.92,13.49,16.66,29.43,0.1285,0.9047,113.2
9203,37.25,18.89,28.07,20.14,15.33,46.01,0.1097,0.9083,108.7
9204,32.12,47.83,26.59,15.94,18.98,25.56,0.1751,0.8753,123.83
9205,53.53,48.97,27.77,19.5,12.41,74.38,0.1593,0.8505,137.93
9206,35.75,61.41,19.96,12.74,11.15,64.8,0.1026,0.9067,127.86
9207,53.31,33.67,37.87,17.24,13.15,52.44,0.1042,0.91,141.26
9208,39.79,38.84,41.3,23.69,16.04,38.17,0.1026,0.9183,146.61
9209,36.05,53.18,21.91,22.17,19.36,31.35,0.1095,0.9173,140.06
9210,46.39,26.43,24.35,22.1,13.57,81.49,0.1809,0.8267,109.81
9211,39.69,42.61,28.96,19.54,14.37,39.86,0.1294,0.8957,130.02
9212,51.28,26.07,29.78,17.61,15.44,48.19,0.1634,0.8618,120.8
9213,38.27,43.04,22.49,18.97,12.37,18.19,0.1016,0.9348,126.33
9214,36.39,40.95,28.65,21.71,11.07,86.65,0.1188,0.8846,122.76
9215,36.35,24.46,24.19,22.26,14.77,25.37,0.1793,0.8726,106.48
9216,49.94,42.93,19.28,13.68,17.54,17.82,0.1722,0.8903,127.64
9217,42.01,29.37,23.45,20.45,14.08,62.83,0.1444,0.8696,112.49
9218,34.1,32.81,26.51,21.49,17.63,14.29,0.1819,0.8923,118.26
9219,28.52,48.48,27.07,17.27,10.23,97.82,0.1013,0.8989,118.27
9220,41.69,53.85,20.91,22.19,14.72,56.41,0.1343,0.8819,135.24
9221,32.49,41.32,23.63,15.57,8.46,5.54,0.1114,0.9546,115.96
9222,25.86,35.18,29.18,21.27,16.0,14.82,0.1885,0.887,113.08
9223,48.71,46.4,27.98,9.19,12.15,93.37,0.1875,0.8149,117.7
9224,30.14,30.73,24.95,17.86,17.37,55.26,0.1032,0.9097,110.12
9225,25.7,50.07,24.63,17.22,5.63,36.14,0.1756,0.8621,106.27
9226,38.9,27.34,31.03,25.33,18.15,69.83,0.1329,0.877,123.45
9227,37.6,32.08,30.91,18.65,10.58,37.86,0.1341,0.8934,115.98
9228,33.01,24.14,22.85,15.9,13.29,15.16,0.1666,0.8994,98.2
9229,41.75,33.84,10.44,24.02,12.16,74.74,0.1398,0.8686,106.16
9230,37.63,64.18,16.65,20.21,17.17,37.09,0.1692,0.8662,135.0
9231,57.59,64.38,17.64,21.14,15.67,98.11,0.1587,0.8416,148.47
9232,38.46,67.13,24.39,17.4,17.49,27.5,0.1828,0.867,142.94
9233,29.82,27.08,27.96,25.64,16.17,8.73,0.1111,0.9451,119.72
9234,42.4,103.38,28.64,18.64,13.53,58.56,0.1567,0.8609,177.86
9235,43.06,56.18,20.47,18.77,12.06,10.94,0.1119,0.9398,141.47
9236,37.32,52.61,22.12,21.58,16.72,79.78,0.117,0.8884,133.58
9237,26.69,38.67,24.42,21.97,16.58,37.7,0.1796,0.8574,110.04
9238,52.37,18.74,24.39,29.45,12.9,97.39,0.1733,0.8273,114.04
9239,29.9,27.24,22.55,24.41,12.09,90.12,0.1154,0.8869,103.06
9240,47.07,29.62,37.78,20.96,15.94,52.0,0.143,0.8767,132.7
9241,49.86,32.98,26.57,15.81,18.92,36.11,0.1576,0.8763,126.31
9242,37.52,29.5,19.54,15.74,15.03,98.97,0.1343,0.8657,101.58
9243,47.04,34.61,24.97,20.2,14.3,36.42,0.1343,0.8944,126.21
9244,47.74,42.38,22.84,27.3,14.18,12.43,0.1356,0.9235,142.62
9245,31.42,36.07,23.61,25.45,10.66,73.97,0.1677,0.8428,107.22
9246,51.77,32.31,20.55,22.0,18.53,83.06,0.1145,0.8898,129.16
9247,42.63,31.54,20.78,14.1,14.32,33.08,0.147,0.8873,109.47
9248,22.68,61.7,15.34,15.88,12.39,28.43,0.1694,0.8756,112.06
9249,41.59,29.99,23.8,18.49,9.94,43.44,0.1724,0.858,106.23
9250,35.53,47.79,25.13,19.73,17.27,20.65,0.1184,0.9209,133.95
9251,43.57,35.3,22.11,18.35,17.46,89.42,0.113,0.8894,121.67
9252,34.88,16.6,29.5,24.71,15.5,85.5,0.1875,0.8184,99.17
9253,34.93,88.54,24.78,25.53,16.85,70.86,0.1356,0.8741,166.63
9254,31.71,57.3,25.21,18.4,14.59,82.78,0.131,0.874,128.66
9255,41.8,86.57,26.19,18.2,11.39,25.9,0.1758,0.8743,161.01
9256,44.16,49.84,24.83,18.48,18.81,48.34,0.152,0.8714,136.04
9257,39.98,35.78,25.27,18.15,17.58,37.25,0.1595,0.8738,119.5
9258,37.65,44.05,18.03,21.56,12.33,82.58,0.1535,0.8525,113.91
9259,40.77,28.92,30.59,18.8,17.75,15.68,0.1693,0.8965,122.67
9260,48.46,24.9,18.24,24.28,18.36,19.74,0.1094,0.928,124.56
9261,31.68,80.92,29.59,19.1,15.29,61.97,0.1499,0.8652,152.77
9262,29.31,31.23,26.71,16.89,13.56,39.12,0.1364,0.8906,104.83
9263,30.39,37.01,22.28,20.03,16.29,15.72,0.125,0.9235,116.36
9264,26.89,42.26,26.95,19.3,15.26,11.78,0.1054,0.9417,123.03
9265,31.89,31.87,23.55,20.12,13.17,47.88,0.1846,0.8441,101.8
9266,49.13,51.46,29.92,19.01,18.68,74.12,0.1418,0.867,145.83
9267,26.4,33.63,21.41,11.97,17.47,6.26,0.1951,0.916,101.57
9268,37.99,143.11,24.92,17.41,15.87,74.42,0.1357,0.8726,208.82
9269,45.33,16.33,21.28,23.49,14.18,61.8,0.1778,0.8401,101.34
9270,40.09,26.79,20.15,17.88,18.91,33.66,0.1356,0.8956,110.91
9271,46.98,53.85,24.43,12.62,13.09,4.01,0.1836,0.9358,141.26
9272,35.36,18.68,31.98,20.38,16.59,97.0,0.1745,0.8263,101.62
9273,36.06,37.86,27.43,23.6,13.25,38.26,0.104,0.9171,126.75
9274,36.88,30.65,24.26,26.58,19.44,93.45,0.1519,0.85,117.14
9275,44.43,33.4,24.45,22.85,13.6,52.95,0.1154,0.9001,124.86
9276,61.84,56.82,17.01,24.14,14.07,57.28,0.1798,0.8413,146.28
9277,39.94,37.1,20.74,23.24,14.37,33.63,0.1912,0.8528,115.47
9278,38.11,25.92,21.13,20.6,12.4,41.15,0.1292,0.895,105.76
9279,32.3,52.61,25.79,15.45,20.6,66.33,0.1518,0.8612,126.38
9280,53.92,38.43,29.89,19.59,16.95,47.26,0.1676,0.8589,136.37
9281,36.91,20.15,24.21,22.75,15.35,40.11,0.187,0.8491,101.35
9282,35.06,26.78,26.05,20.23,13.4,3.86,0.1443,0.9505,115.5
9283,38.32,33.84,25.19,24.67,16.68,37.53,0.1921,0.8477,117.57
9284,54.58,47.6,25.73,20.95,11.75,19.88,0.1842,0.8784,141.08
9285,35.51,33.25,25.07,18.62,11.08,93.17,0.178,0.8243,101.83
9286,39.8,51.3,26.96,21.69,12.66,26.41,0.1144,0.9177,139.87
9287,19.87,36.01,21.46,16.93,17.39,7.08,0.1547,0.9298,103.82
9288,47.84,26.69,29.43,20.27,17.57,17.51,0.1706,0.8919,126.47
9289,37.71,35.81,19.67,18.89,15.32,13.6,0.1011,0.9411,119.9
9290,47.3,46.86,17.15,15.81,14.38,18.71,0.1726,0.8883,125.69
9291,45.07,32.51,25.95,22.94,14.88,24.94,0.1441,0.8981,126.95
9292,41.27,22.52,24.63,16.24,17.01,95.37,0.1836,0.8178,99.51
9293,36.4,37.87,23.37,21.07,8.8,76.81,0.1638,0.8451,107.75
9294,40.51,24.34,23.03,18.51,16.23,23.28,0.1044,0.9277,113.74
9295,29.28,63.75,28.29,21.27,17.29,68.11,0.1333,0.8774,140.28
9296,41.8,55.2,20.8,20.16,17.29,64.86,0.1031,0.9062,140.68
9297,44.43,31.88,19.99,17.62,15.96,33.39,0.1008,0.9226,119.81
9298,40.66,42.02,27.6,19.85,16.68,37.66,0.198,0.8429,123.73
9299,40.29,33.79,29.0,20.3,19.75,90.28,0.1262,0.8763,125.42
9300,35.15,63.87,20.98,25.05,13.04,48.6,0.1158,0.9018,142.56
9301,38.72,18.38,31.34,27.39,14.86,94.34,0.1873,0.8147,106.47
9302,31.22,37.84,23.67,16.06,14.43,19.08,0.1309,0.9147,112.71
9303,35.64,23.91,23.22,17.32,18.54,4.68,0.1294,0.9512,112.84
9304,56.52,41.45,25.91,10.71,14.02,49.71,0.1885,0.8393,124.73
9305,40.71,16.48,25.41,15.33,12.37,59.36,0.1577,0.8596,94.82
9306,43.88,39.92,29.05,16.25,12.91,52.49,0.1209,0.8955,127.18
9307,39.79,76.01,36.87,11.51,10.41,65.45,0.129,0.8825,154.07
9308,40.52,28.14,19.89,13.57,14.37,36.03,0.1097,0.914,106.47
9309,41.08,19.15,23.16,18.86,14.69,14.32,0.1658,0.9017,105.44
9310,38.07,45.57,23.26,17.92,11.08,28.72,0.1175,0.9135,124.15
9311,44.75,30.84,34.64,18.21,13.18,8.17,0.1432,0.9311,131.87
9312,34.27,51.05,16.64,16.52,13.91,7.96,0.1654,0.9212,121.96
9313,28.13,54.33,24.14,31.2,17.57,38.18,0.1446,0.8848,137.48
9314,41.57,52.88,27.64,21.49,12.46,89.81,0.1454,0.8577,133.84
9315,48.95,34.64,30.43,19.8,11.54,49.9,0.1908,0.8372,121.69
9316,34.81,72.6,23.37,25.13,14.06,17.78,0.1806,0.885,150.42
9317,46.27,48.09,31.35,19.28,17.23,36.75,0.1373,0.8918,144.67
9318,45.38,26.21,20.83,14.45,14.4,97.79,0.1601,0.8403,101.9
9319,52.48,26.98,22.69,16.98,16.37,4.07,0.1424,0.9498,128.7
9320,54.91,58.97,16.13,26.4,12.79,60.56,0.1638,0.8534,144.4
9321,44.64,45.74,29.13,18.61,16.02,61.41,0.1908,0.8287,127.74
9322,39.04,26.23,20.51,12.97,16.61,88.27,0.1566,0.8472,97.74
9323,27.07,30.34,23.98,23.07,12.27,42.2,0.1141,0.9067,105.83
9324,47.81,34.12,32.32,21.33,12.72,42.73,0.184,0.849,125.91
9325,49.05,48.59,20.15,17.61,8.92,96.94,0.1732,0.8276,119.45
9326,37.94,32.01,30.84,20.72,16.49,3.37,0.1177,0.9623,132.8
9327,42.82,59.22,30.26,25.29,12.67,61.14,0.1625,0.8542,145.44
9328,31.79,40.45,24.43,22.87,14.24,70.48,0.1911,0.8228,110.08
9329,35.21,60.38,24.71,19.11,14.46,10.02,0.1899,0.901,138.64
9330,29.43,22.13,21.96,24.7,16.45,71.64,0.1985,0.8153,93.48
9331,42.15,63.78,24.51,26.05,13.28,66.3,0.1683,0.8462,143.65
9332,36.8,55.88,21.79,16.07,14.5,2.62,0.1975,0.9448,137.05
9333,50.0,36.07,33.14,28.78,18.65,85.15,0.1094,0.8941,148.99
9334,41.88,28.37,25.67,20.43,19.74,64.05,0.1215,0.8899,121.1
9335,42.82,58.93,30.07,22.69,16.67,92.74,0.1525,0.8496,145.44
9336,40.09,29.14,21.51,20.43,18.7,63.03,0.1373,0.876,113.77
9337,52.64,34.93,31.79,22.36,16.02,43.07,0.1061,0.9128,143.98
9338,51.62,42.84,29.37,22.15,14.39,62.0,0.1126,0.8987,144.13
9339,38.63,22.22,27.34,17.95,17.1,86.47,0.1321,0.8717,107.43
9340,42.39,32.53,28.04,20.96,13.34,42.71,0.1819,0.8508,116.78
9341,51.32,24.21,25.26,24.51,12.1,42.86,0.1901,0.8439,115.96
9342,30.59,18.78,28.71,17.89,12.42,11.25,0.189,0.8972,97.25
9343,42.42,80.56,28.83,24.04,11.84,56.79,0.1278,0.8874,166.54
9344,37.2,26.93,27.98,14.21,15.7,44.94,0.1751,0.8545,104.27
9345,51.78,44.92,28.07,22.73,15.25,38.42,0.1316,0.895,145.66
9346,44.24,80.89,25.96,31.12,7.95,4.88,0.1622,0.9376,178.3
9347,26.1,27.17,17.33,21.76,14.23,60.79,0.1838,0.8354,89.04
9348,36.67,21.14,24.25,14.63,17.58,6.48,0.1232,0.9462,108.13
9349,51.23,70.82,21.01,23.55,19.64,9.75,0.1432,0.9261,172.49
9350,47.14,24.11,18.36,26.28,17.99,6.18,0.1485,0.9364,125.36
9351,31.66,29.7,26.98,22.16,10.79,29.13,0.1376,0.8982,108.94
9352,32.17,27.86,33.26,18.45,15.67,52.17,0.1858,0.8397,106.99
9353,40.62,37.24,13.69,16.32,14.55,59.94,0.1082,0.9035,110.61
9354,39.56,16.89,20.38,20.34,18.99,35.18,0.1958,0.8474,98.44
9355,37.95,44.89,24.9,22.32,11.08,69.84,0.1916,0.8227,116.12
9356,36.77,42.16,27.45,12.74,16.17,78.34,0.1366,0.8703,117.74
9357,35.3,49.47,23.41,25.43,18.85,60.68,0.1835,0.8358,127.42
9358,58.04,49.07,27.69,8.2,9.31,34.82,0.11,0.9145,139.29
9359,37.07,41.97,31.15,23.97,13.93,5.54,0.191,0.9221,136.56
9360,34.73,30.97,26.37,23.14,11.69,93.71,0.1746,0.8275,105.01
9361,44.05,35.83,27.01,24.31,16.97,97.86,0.1648,0.8356,123.82
9362,39.19,26.97,17.15,14.65,15.86,10.68,0.1442,0.9231,105.06
9363,32.63,37.82,13.79,24.15,17.56,42.41,0.1,0.9181,115.63
9364,38.0,25.52,22.03,29.59,12.6,22.78,0.1741,0.8802,112.43
9365,39.52,36.97,25.31,19.44,14.34,55.02,0.176,0.8462,114.73
9366,43.44,29.35,26.2,21.07,14.21,49.22,0.1609,0.8631,115.9
9367,42.5,25.24,26.12,14.35,15.98,22.23,0.1299,0.9113,113.17
9368,31.88,53.27,22.13,16.9,15.84,90.99,0.1099,0.8921,124.91
9369,44.87,48.07,26.74,18.87,11.25,89.41,0.104,0.8983,134.55
9370,47.14,35.81,24.72,14.71,15.47,69.91,0.1129,0.8955,123.45
9371,31.39,17.43,25.53,15.72,9.43,72.23,0.115,0.8928,88.84
9372,33.79,24.62,25.79,18.32,16.64,35.54,0.1275,0.9004,107.29
9373,38.6,33.94,22.14,22.25,10.23,39.34,0.1762,0.8585,109.16
9374,41.76,42.29,23.0,14.29,16.89,49.31,0.1312,0.8884,122.8
9375,42.06,42.57,34.55,19.8,12.79,64.31,0.1999,0.8186,124.25
9376,39.66,38.4,28.84,13.67,16.62,44.0,0.1185,0.9021,123.75
9377,28.55,35.43,23.78,19.79,17.82,27.9,0.1853,0.8646,108.39
9378,48.1,32.11,25.54,25.63,12.07,87.03,0.1228,0.8806,126.32
9379,32.07,27.22,23.35,21.07,18.72,28.66,0.1322,0.9027,110.53
9380,50.8,67.87,25.85,24.87,11.86,62.79,0.1246,0.8876,160.88
9381,49.34,52.9,25.89,20.11,15.39,71.38,0.1614,0.8499,139.07
9382,31.09,44.19,21.86,21.46,12.57,62.72,0.1751,0.842,110.45
9383,42.82,22.23,26.83,16.62,9.9,75.48,0.1037,0.9023,106.85
9384,50.89,21.81,25.96,22.8,15.77,20.95,0.1444,0.9031,123.94
9385,44.71,34.55,22.26,17.5,17.87,39.86,0.1666,0.8658,118.52
9386,26.42,28.5,29.09,15.12,13.75,56.26,0.1144,0.8994,101.53
9387,39.7,22.19,21.85,19.82,17.26,87.22,0.1614,0.843,101.85
9388,46.67,36.49,20.14,13.98,11.82,96.83,0.1352,0.8654,111.72
9389,53.45,16.48,29.03,22.54,16.72,86.1,0.1033,0.8998,124.36
9390,38.92,33.75,20.26,27.73,6.1,13.36,0.1969,0.8861,112.32
9391,26.67,42.91,27.71,18.87,18.72,3.85,0.1812,0.9379,126.49
9392,57.51,42.36,33.98,19.05,13.29,28.98,0.1061,0.9216,153.16
9393,39.02,17.0,30.42,22.01,11.45,41.32,0.1466,0.8808,105.61
9394,51.56,16.68,22.41,22.38,13.28,13.37,0.18,0.8958,113.15
9395,37.94,32.15,21.77,20.52,20.65,68.27,0.1964,0.8192,108.97
9396,44.4,27.19,29.73,13.51,16.37,90.16,0.1454,0.8576,112.51
9397,34.52,21.51,26.14,24.83,14.37,40.54,0.1905,0.8459,102.65
9398,34.67,14.8,16.85,24.3,22.86,98.92,0.1662,0.8338,94.63
9399,54.48,24.59,28.29,15.11,17.04,29.92,0.1118,0.9167,127.89
9400,47.52,33.6,23.89,8.81,16.01,41.01,0.1828,0.8516,110.56
9401,39.78,31.84,25.6,30.89,18.32,6.46,0.1766,0.9229,135.15
9402,47.48,21.63,25.91,17.09,18.7,71.4,0.1329,0.8764,114.64
9403,34.58,23.43,26.64,14.36,13.12,2.3,0.1916,0.9503,106.56
9404,40.01,30.54,35.62,8.38,11.78,43.56,0.1219,0.8995,113.63
9405,40.82,25.12,32.77,17.97,12.04,23.4,0.1703,0.8819,113.52
9406,33.93,39.82,17.68,22.21,15.19,63.37,0.1744,0.8423,108.51
9407,32.88,43.77,27.43,27.67,14.77,22.25,0.1297,0.9114,133.54
9408,24.89,41.96,17.17,18.48,13.14,56.34,0.1338,0.8824,102.04
9409,32.26,22.6,31.65,12.73,12.2,9.21,0.1924,0.9029,100.62
9410,54.62,40.0,30.69,21.73,18.72,8.72,0.1578,0.9221,152.84
9411,25.78,40.41,21.4,21.16,13.23,88.72,0.1158,0.8869,108.19
9412,39.72,63.42,24.34,17.21,11.61,78.66,0.1203,0.8857,138.43
9413,41.22,77.1,29.37,18.73,13.95,96.79,0.111,0.8895,160.44
9414,38.0,57.48,24.11,20.62,12.32,23.52,0.1097,0.9238,140.89
9415,46.99,29.14,22.21,23.22,12.61,29.96,0.1492,0.8888,119.26
9416,37.8,25.7,25.22,22.22,14.96,99.83,0.1682,0.8315,104.69
9417,47.63,32.3,32.0,21.06,16.7,68.32,0.1935,0.8219,123.03
9418,44.39,27.84,17.37,20.2,23.97,30.87,0.1087,0.9183,122.85
9419,29.17,80.88,20.75,27.77,20.3,26.52,0.1359,0.9022,161.39
9420,49.29,51.29,22.01,22.17,11.13,84.3,0.1462,0.8588,133.89
9421,37.49,44.9,34.32,24.44,14.42,40.61,0.1659,0.8657,134.68
9422,25.67,48.26,31.76,23.51,16.44,5.04,0.1619,0.9368,136.43
9423,43.77,60.57,20.56,21.41,16.19,36.87,0.137,0.8919,144.92
9424,37.7,44.82,24.55,25.96,13.18,18.55,0.1348,0.913,133.49
9425,53.03,32.42,29.37,16.96,17.53,10.27,0.1718,0.9096,135.82
9426,48.76,47.1,29.08,23.3,12.19,88.76,0.1,0.9023,144.76
9427,32.78,46.94,25.7,14.74,13.23,69.78,0.1555,0.8562,114.2
9428,47.59,22.39,25.2,20.26,13.97,67.41,0.1601,0.8531,110.41
9429,34.43,91.44,34.86,12.28,13.07,60.46,0.1583,0.8584,159.73
9430,26.74,27.38,24.31,14.97,19.35,72.2,0.1184,0.8896,100.31
9431,35.08,64.86,17.05,18.31,16.38,94.81,0.1149,0.8861,134.41
9432,29.37,32.82,25.83,27.28,16.52,7.7,0.1606,0.9245,121.88
9433,39.89,55.64,26.51,19.34,13.29,4.5,0.1672,0.9381,145.09
9434,55.44,35.76,24.48,22.94,22.81,56.56,0.1672,0.8529,137.69
9435,40.63,19.65,18.75,26.04,11.12,41.22,0.161,0.8691,100.98
9436,43.69,53.68,26.91,19.11,17.62,9.16,0.122,0.9386,151.12
9437,31.97,63.1,20.14,26.89,20.87,95.62,0.1328,0.8682,141.5
9438,35.68,34.9,25.01,19.84,16.27,76.84,0.1097,0.8963,118.04
9439,44.36,49.33,22.63,15.89,15.61,49.14,0.1881,0.8401,124.18
9440,39.45,26.53,30.0,24.41,14.03,95.55,0.1957,0.8058,108.31
9441,34.23,35.89,17.2,22.51,16.92,77.2,0.1176,0.8887,112.65
9442,48.02,54.54,19.19,18.81,14.89,8.6,0.1156,0.9432,146.62
9443,41.12,40.78,25.34,16.18,19.96,66.78,0.1668,0.8473,121.49
9444,56.44,42.95,25.02,24.03,13.3,47.73,0.1724,0.8545,138.22
9445,45.27,52.78,23.83,15.56,12.82,59.58,0.1633,0.8544,128.39
9446,30.92,68.73,26.72,11.33,12.13,24.82,0.1834,0.8705,130.43
9447,40.93,55.04,25.93,24.66,19.74,47.22,0.1129,0.905,150.49
9448,30.37,39.97,29.47,23.53,16.53,33.56,0.1882,0.8552,119.62
9449,56.04,34.79,25.78,22.72,19.25,44.89,0.1822,0.8486,134.57
9450,32.09,37.79,33.72,18.88,14.07,11.29,0.1427,0.9223,125.94
9451,48.91,20.94,19.57,22.74,10.75,13.74,0.1349,0.9212,113.23
9452,47.63,38.96,33.08,16.98,18.17,46.38,0.1594,0.8665,134.15
9453,34.54,22.14,25.14,20.72,17.7,24.98,0.1496,0.8942,107.52
9454,42.63,30.14,15.89,27.12,12.94,27.92,0.1882,0.8625,111.02
9455,42.05,47.25,12.93,19.87,12.06,64.97,0.1076,0.9022,121.03
9456,46.66,29.9,22.16,21.9,12.95,2.29,0.1547,0.96,128.23
9457,41.42,61.49,28.42,14.66,14.33,46.46,0.1743,0.8539,136.9
9458,34.66,34.44,29.55,18.1,15.36,57.71,0.1351,0.8805,116.32
9459,44.49,56.66,20.51,19.11,16.46,35.32,0.1599,0.8752,137.61
9460,44.51,31.34,21.84,24.42,13.79,53.55,0.1204,0.8954,121.69
9461,32.55,33.53,31.01,28.25,21.19,83.02,0.1777,0.829,121.47
9462,21.56,55.52,17.07,21.37,21.12,44.78,0.127,0.8946,122.23
9463,44.73,32.61,21.08,13.09,15.89,49.11,0.198,0.8317,105.96
9464,42.99,40.66,28.3,15.28,16.02,86.03,0.1083,0.8949,128.2
9465,43.45,29.53,21.18,24.64,13.19,46.34,0.1234,0.8967,118.35
9466,50.55,13.98,26.66,17.2,18.57,94.4,0.1064,0.8947,113.6
9467,47.01,27.57,23.56,23.11,15.64,90.16,0.1983,0.8056,110.28
9468,50.35,62.82,22.05,21.43,10.83,4.67,0.1083,0.9592,160.64
9469,46.26,40.03,20.15,20.18,13.21,18.99,0.1368,0.911,127.39
9470,41.15,50.04,22.28,21.11,15.22,50.02,0.1306,0.8885,133.09
9471,30.16,50.77,36.45,20.73,18.34,14.25,0.1288,0.9238,144.53
9472,52.33,47.8,21.83,14.71,7.84,87.6,0.1967,0.8085,116.83
9473,38.32,66.25,26.03,18.86,16.12,45.02,0.1875,0.8441,139.76
9474,35.15,30.81,27.17,28.54,14.97,16.96,0.1326,0.9169,125.29
9475,45.1,63.4,38.41,15.6,13.47,68.16,0.1675,0.8459,148.86
9476,25.31,45.77,32.74,15.48,13.72,70.33,0.1143,0.894,118.93
9477,34.09,41.83,16.56,18.19,18.05,51.59,0.1551,0.8665,111.54
9478,34.97,15.38,27.96,27.58,14.99,15.44,0.1865,0.8866,107.17
9479,34.74,41.1,28.93,16.37,7.66,81.47,0.1932,0.8149,104.96
9480,55.48,50.52,31.27,18.06,14.82,89.18,0.1397,0.8635,146.92
9481,39.34,38.42,17.54,15.93,16.65,92.25,0.1248,0.8771,112.17
9482,34.89,57.72,24.7,17.91,12.99,22.26,0.1227,0.9162,135.79
9483,39.61,58.77,23.17,18.88,9.75,60.29,0.1638,0.8536,128.21
9484,46.83,31.31,27.12,21.97,18.57,70.44,0.1389,0.8712,127.01
9485,24.75,36.57,22.96,13.49,13.6,8.71,0.1232,0.9392,104.6
9486,40.92,31.47,23.26,20.99,15.67,56.42,0.1616,0.8579,113.49
9487,36.38,29.57,17.96,16.06,9.18,5.76,0.1631,0.9323,101.75
9488,42.16,36.42,28.74,21.79,18.56,80.52,0.1071,0.8976,132.55
9489,30.83,38.44,24.24,14.03,11.23,88.45,0.1977,0.8071,95.87
9490,38.56,15.17,23.55,18.89,19.0,63.63,0.1453,0.8685,100.02
9491,38.91,34.45,23.47,16.32,13.07,92.81,0.1804,0.8221,103.77
9492,29.84,41.15,22.95,20.41,16.19,27.95,0.1337,0.9023,117.79
9493,54.91,36.86,29.52,26.29,17.55,71.06,0.1696,0.8425,139.13
9494,43.32,34.02,27.54,22.37,11.23,18.54,0.1343,0.9133,126.49
9495,47.37,23.36,14.93,22.5,16.74,7.54,0.1197,0.9442,117.93
9496,37.17,20.76,17.5,19.72,17.03,43.03,0.1507,0.8761,98.28
9497,41.72,28.29,15.72,19.22,9.5,95.06,0.1084,0.8925,102.15
9498,30.39,16.95,12.81,19.44,13.59,82.89,0.1536,0.8523,79.41
9499,34.88,34.4,30.66,18.99,10.71,70.36,0.1169,0.8917,115.6
9500,32.81,24.99,28.48,17.5,8.65,66.98,0.1037,0.905,101.76
9501,42.37,37.94,32.73,17.07,14.31,26.59,0.1763,0.873,126.07
9502,53.66,27.97,23.29,16.99,14.08,4.03,0.1606,0.9437,128.33
9503,47.23,16.08,29.68,18.85,12.89,46.19,0.1684,0.8591,107.15
9504,54.49,23.64,27.62,16.19,12.38,31.49,0.1985,0.85,114.17
9505,46.35,37.71,15.19,20.82,10.09,36.59,0.1571,0.8763,114.05
9506,43.36,47.81,30.6,13.94,15.0,8.12,0.1299,0.9377,141.32
9507,32.62,31.37,22.62,21.42,16.82,26.97,0.1081,0.9218,115.08
9508,42.59,38.71,27.16,19.9,16.07,58.34,0.1471,0.8695,125.58
9509,36.21,32.52,22.56,26.62,10.0,90.64,0.1015,0.9004,115.18
9510,46.66,32.1,17.34,25.19,17.25,82.02,0.1189,0.8859,122.74
9511,29.13,25.3,26.62,15.76,18.11,30.46,0.1576,0.882,101.35
9512,39.14,34.56,33.04,19.93,22.12,77.44,0.1873,0.8226,122.39
9513,40.14,27.39,18.9,21.32,12.8,69.05,0.1895,0.8251,99.47
9514,54.29,60.72,26.06,17.57,16.89,15.21,0.1664,0.8993,157.87
9515,31.81,26.72,31.28,16.37,19.79,59.18,0.1605,0.8572,107.98
9516,49.35,37.56,12.35,20.95,16.8,79.41,0.1518,0.8554,117.2
9517,46.59,22.85,19.97,22.64,24.14,14.54,0.1392,0.9171,124.9
9518,37.95,32.32,24.98,20.12,14.22,7.3,0.1586,0.9271,120.14
9519,43.28,23.37,22.71,19.32,13.63,7.54,0.1439,0.933,114.1
9520,38.0,27.87,21.78,19.26,9.51,52.64,0.1828,0.8419,98.01
9521,40.12,51.7,18.8,15.47,14.85,4.32,0.1216,0.9559,134.72
9522,46.02,34.37,25.39,22.81,15.13,48.15,0.1353,0.8855,127.28
9523,60.36,48.75,20.46,20.82,15.89,53.33,0.1372,0.881,146.5
9524,47.71,32.17,18.65,20.5,16.61,21.17,0.165,0.889,120.59
9525,41.98,46.96,18.95,21.91,14.47,97.03,0.1865,0.8143,117.48
9526,51.39,48.55,31.15,30.53,15.94,74.84,0.1516,0.8575,152.26
9527,28.64,46.55,20.91,27.53,14.2,40.11,0.1918,0.8452,116.49
9528,36.76,51.2,27.31,21.8,16.75,86.84,0.1002,0.9026,138.84
9529,40.54,42.54,22.05,17.53,10.95,45.02,0.1964,0.8367,111.79
9530,31.69,29.49,16.69,23.45,12.92,72.29,0.1994,0.8141,93.0
9531,35.67,19.86,21.07,19.11,15.98,60.18,0.1106,0.9012,100.66
9532,26.75,25.81,22.08,20.53,17.19,46.76,0.1622,0.8638,97.06
9533,29.77,40.94,25.22,23.39,14.57,26.99,0.1094,0.9209,123.3
9534,38.04,54.62,25.67,22.05,13.96,2.89,0.1262,0.9628,148.59
9535,32.48,42.57,18.84,20.77,14.33,4.14,0.1073,0.9619,124.07
9536,43.37,30.9,31.77,22.33,12.39,64.69,0.1843,0.8325,117.18
9537,42.14,29.51,32.15,24.38,14.31,87.17,0.1794,0.8255,117.62
9538,42.86,35.49,25.22,14.73,18.17,83.38,0.1316,0.8733,119.17
9539,35.96,44.62,26.54,22.19,14.68,55.23,0.1583,0.8615,124.05
9540,48.66,35.5,20.8,16.4,14.16,4.88,0.1129,0.9566,129.64
9541,44.01,28.66,17.26,21.77,14.45,7.42,0.1274,0.9411,118.7
9542,41.8,24.92,24.71,15.28,20.44,18.96,0.1692,0.89,113.16
9543,41.86,26.28,23.0,20.13,17.61,22.5,0.1046,0.9283,119.64
9544,38.34,26.5,32.98,20.51,17.58,38.68,0.1323,0.8942,121.54
9545,50.55,34.11,37.08,19.63,16.62,20.89,0.1256,0.9158,144.7
9546,49.13,25.32,20.81,22.65,16.68,30.96,0.1622,0.878,118.17
9547,37.08,27.98,25.62,18.73,17.6,7.24,0.1596,0.9269,117.73
9548,41.32,46.05,29.24,19.04,20.24,41.64,0.1717,0.8601,134.07
9549,36.83,44.26,27.25,19.66,15.6,53.31,0.1994,0.8271,118.77
9550,59.72,68.99,26.99,17.35,15.64,72.64,0.1926,0.8202,154.76
9551,37.96,40.11,31.44,18.19,19.16,7.71,0.139,0.9347,137.27
9552,49.56,19.93,31.95,22.89,15.46,92.35,0.1251,0.8768,122.56
9553,61.43,18.9,26.74,23.08,18.1,44.96,0.1793,0.8509,126.15
9554,42.54,36.82,36.19,16.86,13.95,42.02,0.1666,0.8639,126.44
9555,26.06,34.33,29.29,22.71,10.88,95.96,0.125,0.8759,107.97
9556,52.08,31.67,21.43,14.14,11.12,52.92,0.1198,0.8963,116.91
9557,35.91,21.83,29.92,18.72,20.17,26.81,0.1216,0.9122,115.43
9558,34.5,23.83,21.42,15.46,23.52,3.65,0.1827,0.939,111.49
9559,54.23,53.82,25.73,20.31,15.15,87.71,0.1764,0.8281,140.15
9560,29.59,52.63,29.15,20.03,13.39,76.53,0.1224,0.8844,128.05
9561,51.48,38.91,21.86,25.6,16.07,65.04,0.1592,0.8551,131.62
9562,38.21,44.91,28.98,25.27,13.01,45.02,0.1508,0.8746,131.53
9563,25.18,22.12,26.15,18.22,21.01,79.24,0.135,0.8715,98.19
9564,47.07,39.72,19.14,20.19,12.7,27.89,0.1391,0.8984,124.73
9565,21.99,26.99,16.08,16.47,11.08,22.74,0.1714,0.8821,81.69
9566,39.63,57.58,16.3,17.38,15.41,93.1,0.1398,0.862,126.13
9567,26.92,42.47,23.38,13.84,17.07,7.9,0.1842,0.9125,112.87
9568,37.38,18.85,21.96,22.26,14.88,90.82,0.1808,0.8226,94.85
9569,45.58,21.47,33.4,17.07,19.23,23.63,0.118,0.9179,125.53
9570,43.38,33.87,24.04,17.01,15.25,94.36,0.1723,0.8294,110.78
9571,41.66,24.34,21.78,18.11,13.88,39.0,0.1851,0.8517,102.01
9572,48.07,54.69,25.96,18.06,22.98,39.03,0.1803,0.8556,145.25
9573,40.0,16.67,25.44,16.42,16.22,5.61,0.1052,0.9569,109.81
9574,38.27,34.03,22.15,23.2,13.03,82.69,0.1044,0.8996,117.57
9575,42.28,18.56,25.16,20.18,11.84,86.77,0.1504,0.8539,100.78
9576,34.71,30.09,23.74,17.28,11.6,71.55,0.1878,0.8252,96.9
9577,46.9,21.31,22.59,19.72,6.13,73.94,0.1277,0.8803,102.69
9578,40.57,34.03,22.53,19.24,18.77,31.52,0.1141,0.9137,123.48
9579,45.73,24.28,27.67,19.28,14.61,67.56,0.1009,0.9074,119.38
9580,38.58,26.53,21.88,22.34,17.25,2.36,0.1948,0.9487,120.08
9581,43.99,53.56,17.6,21.5,15.64,72.99,0.1294,0.879,133.86
9582,45.32,29.26,24.33,27.67,7.78,91.84,0.1592,0.8434,113.32
9583,23.84,11.7,24.55,16.1,14.29,24.51,0.1775,0.8751,79.19
9584,28.31,32.75,21.47,26.74,14.53,8.19,0.1448,0.9302,115.17
9585,35.53,61.62,37.21,21.37,19.28,70.84,0.1732,0.8392,146.87
9586,38.95,40.42,28.78,19.65,17.85,93.46,0.148,0.8538,124.35
9587,50.2,50.64,23.88,16.37,14.49,89.17,0.1628,0.8408,130.82
9588,43.63,27.41,21.33,17.66,14.89,93.03,0.179,0.8234,102.87
9589,44.19,45.15,18.5,20.51,12.74,67.03,0.1831,0.8322,117.41
9590,52.33,29.14,19.08,15.7,12.28,40.12,0.1525,0.8769,112.71
9591,51.01,39.77,23.53,19.62,12.74,44.18,0.1169,0.9033,132.49
9592,31.93,55.94,29.14,27.5,14.39,91.9,0.1482,0.8542,135.73
9593,49.86,22.77,29.29,21.07,15.34,67.18,0.1655,0.8483,117.34
9594,40.84,17.06,26.54,21.8,14.16,61.89,0.1936,0.8259,99.43
9595,35.88,29.58,28.45,15.89,16.02,66.58,0.1811,0.8343,104.97
9596,37.65,39.93,26.27,21.95,13.69,84.07,0.1723,0.8338,116.29
9597,35.0,67.64,27.9,13.76,17.08,6.42,0.1309,0.943,152.18
9598,41.13,36.25,24.71,10.86,20.9,17.56,0.1902,0.8794,117.7
9599,39.34,44.97,21.31,21.82,18.75,23.41,0.1491,0.8966,131.07
9600,49.89,26.6,24.7,20.53,11.91,22.01,0.1102,0.9249,123.6
9601,55.46,26.9,21.99,25.53,13.27,52.99,0.1133,0.9018,129.1
9602,36.76,40.2,26.56,12.86,18.78,30.92,0.1046,0.9214,124.53
9603,29.63,66.06,19.73,23.28,10.1,37.52,0.1373,0.8911,132.6
9604,45.34,35.34,25.05,19.09,14.12,50.17,0.1395,0.8808,122.37
9605,47.53,38.93,33.03,22.81,15.14,53.82,0.1382,0.8798,138.51
9606,43.04,26.65,35.13,14.32,14.18,45.72,0.1143,0.9046,120.59
9607,27.69,27.93,29.8,21.87,14.33,56.51,0.1601,0.8591,104.49
9608,33.66,54.8,31.19,13.77,15.97,29.33,0.1648,0.8779,131.15
9609,41.18,19.55,20.64,25.51,15.17,62.19,0.1183,0.8935,109.06
9610,35.07,25.8,22.12,17.69,12.56,37.58,0.1936,0.8464,95.86
9611,32.02,31.81,27.08,19.17,20.24,96.01,0.1905,0.8107,105.65
9612,57.16,36.56,34.9,21.43,14.97,91.48,0.127,0.8752,144.41
9613,32.0,33.76,32.53,16.36,16.1,77.48,0.1633,0.8453,110.53
9614,49.65,48.02,20.09,22.95,14.08,82.9,0.1148,0.8895,137.69
9615,43.3,114.19,26.03,24.63,15.11,97.26,0.1283,0.8722,194.73
9616,44.87,22.93,29.43,13.71,12.73,19.55,0.1578,0.8964,110.86
9617,49.1,39.03,32.08,18.15,11.25,64.6,0.1764,0.8398,125.65
9618,34.49,26.75,23.82,17.64,17.04,15.9,0.1869,0.8852,106.0
9619,37.6,50.75,24.41,15.86,12.26,25.5,0.1853,0.8681,122.3
9620,43.78,73.1,26.39,19.77,14.13,43.2,0.1863,0.8467,150.01
9621,25.21,34.23,19.32,21.57,20.35,13.54,0.1655,0.9038,109.06
9622,53.2,52.29,24.53,16.62,18.86,34.83,0.14,0.8912,147.49
9623,40.93,23.77,28.24,26.47,12.69,59.34,0.1218,0.8915,117.77
9624,32.46,58.1,23.25,19.96,16.29,12.96,0.1832,0.8951,134.33
9625,48.75,69.78,33.9,20.55,10.72,62.1,0.1055,0.9051,166.26
9626,40.73,33.21,27.56,20.78,18.85,38.58,0.151,0.8794,124.12
9627,34.23,45.77,18.08,14.35,15.26,37.7,0.1311,0.8959,114.41
9628,47.57,21.26,22.21,13.69,18.5,89.42,0.1165,0.8861,109.19
9629,21.4,27.31,15.35,24.83,15.84,39.68,0.1424,0.8854,92.73
9630,43.36,43.51,24.12,25.23,13.75,70.92,0.1608,0.8507,127.58
9631,50.48,90.44,20.28,23.85,14.17,91.7,0.1138,0.8881,176.94
9632,33.34,16.9,25.24,18.19,13.84,74.24,0.186,0.8255,88.74
9633,29.75,37.82,23.92,16.98,16.33,66.37,0.1095,0.8999,112.31
9634,43.39,58.02,27.0,17.78,12.7,27.95,0.1421,0.8961,142.39
9635,34.59,72.78,32.09,11.68,15.03,73.0,0.1894,0.823,136.76
9636,57.98,32.31,31.44,18.78,15.35,21.58,0.1412,0.9044,140.97
9637,35.76,58.77,33.18,19.59,10.24,8.39,0.1799,0.9125,143.76
9638,38.44,47.06,24.47,19.37,11.67,55.63,0.1873,0.8358,117.87
9639,44.17,71.24,23.53,17.18,9.97,92.24,0.1038,0.8977,149.1
9640,25.45,32.34,21.18,20.87,14.12,29.89,0.1828,0.8638,98.44
9641,40.48,36.4,21.89,24.09,14.73,31.71,0.1268,0.904,124.37
9642,48.96,27.32,27.11,15.96,17.19,57.08,0.1066,0.9059,123.7
9643,39.35,31.11,18.49,17.86,12.38,16.44,0.1747,0.8916,106.27
9644,30.82,31.04,23.14,4.87,11.0,68.18,0.1879,0.8271,83.43
9645,36.53,25.27,18.65,24.99,13.39,48.2,0.1987,0.8319,98.85
9646,24.68,71.81,25.15,17.77,16.16,18.0,0.1797,0.8851,137.7
9647,37.67,35.9,19.88,20.4,20.14,47.37,0.1628,0.8629,115.61
9648,48.88,28.88,18.09,17.91,15.3,12.01,0.188,0.8952,115.55
9649,35.01,29.82,24.38,20.33,11.89,62.96,0.1801,0.8374,101.68
9650,45.59,18.85,17.25,22.14,16.21,11.13,0.14,0.9241,110.94
9651,28.14,44.7,26.28,17.32,15.31,75.83,0.1862,0.8245,108.64
9652,55.04,24.77,22.45,21.81,15.1,68.68,0.1005,0.9074,126.28
9653,49.05,27.39,25.51,12.9,10.98,7.28,0.1505,0.9309,117.14
9654,36.06,55.17,15.67,22.87,16.19,8.76,0.1372,0.9321,136.05
9655,29.42,28.24,31.66,16.52,13.59,32.61,0.152,0.884,105.57
9656,35.93,42.07,19.2,22.27,13.57,13.77,0.1656,0.9032,120.15
9657,42.26,28.07,33.95,21.93,17.7,33.49,0.1888,0.8549,123.02
9658,48.69,28.55,22.83,30.74,16.74,21.33,0.1047,0.9294,137.14
9659,23.12,27.21,31.51,23.56,11.59,68.1,0.1321,0.8785,102.77
9660,49.64,32.53,29.77,24.84,19.51,13.61,0.1598,0.9069,141.75
9661,42.05,20.08,22.75,21.11,18.15,4.52,0.16,0.9407,116.77
9662,30.69,47.48,28.45,20.63,12.47,22.96,0.1578,0.8912,124.52
9663,19.61,107.66,23.4,12.37,8.44,38.01,0.1597,0.8729,149.69
9664,41.1,44.41,23.84,25.55,16.07,3.0,0.1953,0.9412,142.1
9665,41.76,24.2,28.71,27.81,15.8,74.45,0.1541,0.8553,118.27
9666,35.07,45.86,17.22,19.95,12.21,74.72,0.1075,0.899,117.15
9667,47.3,18.88,22.05,17.2,20.47,47.96,0.1089,0.908,114.3
9668,56.27,25.74,27.29,17.62,14.67,50.09,0.1721,0.853,120.77
9669,36.8,29.37,29.54,19.24,14.89,72.61,0.1881,0.8244,107.05
9670,34.03,53.17,25.86,16.81,16.02,74.82,0.1652,0.8448,123.24
9671,53.73,46.28,21.63,21.0,18.68,65.79,0.1147,0.8954,144.44
9672,38.23,19.77,27.38,23.79,15.87,10.83,0.1992,0.8931,111.67
9673,45.27,48.48,23.34,19.46,15.24,59.26,0.129,0.8852,134.37
9674,35.14,28.03,36.01,21.84,10.66,59.08,0.1895,0.8315,109.5
9675,49.12,44.64,25.91,23.87,14.94,39.73,0.1107,0.9109,144.36
9676,30.04,25.83,16.75,18.49,19.03,17.55,0.173,0.8903,98.07
9677,41.16,33.55,22.56,26.51,13.0,93.51,0.1438,0.858,117.35
9678,42.37,25.16,20.51,27.73,15.39,78.82,0.1801,0.8287,108.69
9679,38.54,33.59,18.06,25.31,5.75,44.73,0.1255,0.8959,108.62
9680,34.91,21.78,19.04,21.01,19.27,29.4,0.1604,0.881,102.21
9681,54.34,24.88,24.14,15.94,14.68,42.11,0.1198,0.9021,120.86
9682,46.47,27.14,20.83,22.27,14.51,48.45,0.1383,0.8828,115.86
9683,33.08,23.74,26.36,21.56,16.56,77.91,0.1085,0.897,108.81
9684,24.93,30.08,26.37,27.34,15.89,5.59,0.1673,0.9315,116.08
9685,51.83,36.19,23.9,18.59,16.25,68.79,0.1727,0.8408,123.4
9686,32.59,59.5,24.82,17.05,11.51,63.92,0.1665,0.8491,123.52
9687,40.49,22.37,34.06,27.28,18.98,66.88,0.1853,0.8303,118.89
9688,40.73,23.11,32.54,19.08,18.48,71.58,0.1083,0.8993,120.45
9689,42.29,35.47,25.91,20.08,16.01,95.68,0.1214,0.8795,122.92
9690,26.49,18.19,25.96,17.44,19.67,80.2,0.1726,0.8352,90.0
9691,37.21,38.59,27.56,20.78,15.09,57.74,0.1119,0.9011,125.45
9692,39.87,35.22,26.97,20.01,13.6,43.9,0.1586,0.869,117.9
9693,39.56,43.52,27.09,19.97,15.83,85.4,0.1307,0.8734,127.49
9694,45.72,85.66,17.19,20.58,18.61,99.15,0.129,0.871,163.53
9695,41.32,35.83,25.26,20.14,13.76,97.31,0.109,0.8914,121.51
9696,43.56,28.2,28.72,15.01,13.56,55.52,0.1275,0.8883,114.63
9697,35.21,51.43,23.94,24.6,11.83,65.6,0.1956,0.8216,120.79
9698,53.66,34.83,20.69,23.42,14.97,82.25,0.1867,0.8208,121.12
9699,37.69,32.78,24.42,22.29,15.63,41.6,0.139,0.8868,117.78
9700,42.63,71.54,25.34,17.14,11.9,70.48,0.1044,0.9032,152.24
9701,40.91,47.26,18.03,24.47,9.03,38.3,0.16,0.8725,121.89
9702,43.61,23.92,22.25,19.72,13.9,62.43,0.1623,0.8537,105.35
9703,49.6,24.21,28.58,18.38,15.78,15.6,0.1352,0.9175,125.29
9704,33.27,20.52,27.0,19.27,20.12,77.51,0.1813,0.8282,99.54
9705,46.61,22.54,26.42,19.42,17.36,10.12,0.1731,0.9094,120.35
9706,45.9,54.96,32.67,15.32,22.18,14.38,0.1325,0.9213,157.58
9707,41.39,28.56,25.75,23.1,13.56,82.86,0.1365,0.8687,114.98
9708,41.81,17.13,25.73,20.65,16.41,56.26,0.1191,0.8954,109.0
9709,30.76,42.03,30.85,23.49,14.68,50.87,0.1312,0.8875,125.86
9710,37.28,37.45,24.93,17.72,22.51,88.2,0.1884,0.8163,114.18
9711,24.74,29.25,27.45,21.62,16.82,33.86,0.1049,0.9191,110.19
9712,37.55,27.13,15.96,19.64,7.95,33.89,0.1965,0.8485,91.83
9713,39.49,35.25,27.55,18.31,13.15,53.75,0.1297,0.8873,118.68
9714,28.81,36.04,23.26,21.4,10.5,84.48,0.1772,0.8288,99.47
9715,42.39,41.1,24.6,22.74,18.92,21.45,0.1267,0.9144,136.94
9716,49.66,17.39,32.4,17.58,12.58,30.02,0.1438,0.8927,115.7
9717,41.72,22.56,26.89,26.31,16.28,73.05,0.1406,0.8686,116.18
9718,39.96,29.26,27.01,19.01,14.55,98.87,0.1512,0.8488,110.17
9719,35.8,20.53,22.59,28.75,13.81,70.01,0.1654,0.8469,102.87
9720,42.97,42.36,24.06,17.01,12.12,56.77,0.1223,0.8923,123.6
9721,31.87,45.85,31.8,18.64,13.53,87.67,0.1309,0.8725,123.63
9722,20.71,27.46,27.2,11.66,15.16,41.43,0.1896,0.8457,86.41
9723,52.64,45.63,33.32,19.98,14.02,68.19,0.1198,0.8898,147.34
9724,47.69,38.32,20.65,24.83,16.54,24.74,0.128,0.9097,134.67
9725,31.21,38.42,17.45,15.96,9.79,40.13,0.1734,0.8601,97.04
9726,28.43,11.07,23.85,22.58,10.63,72.16,0.1212,0.8871,85.66
9727,40.85,32.38,29.85,17.38,17.27,61.13,0.1548,0.8612,118.61
9728,40.52,27.55,26.22,21.25,11.91,90.51,0.1287,0.8738,111.35
9729,46.53,33.08,18.75,23.48,10.32,21.46,0.1402,0.9052,119.63
9730,37.32,29.52,22.57,28.92,15.86,49.51,0.1825,0.8446,113.33
9731,49.24,21.67,28.0,24.88,14.46,6.18,0.1252,0.9464,130.85
9732,38.27,30.61,29.89,18.79,17.55,96.95,0.1008,0.8997,121.57
9733,49.7,29.65,21.48,13.83,7.12,60.85,0.1639,0.8532,103.91
9734,38.55,50.21,31.55,22.01,9.78,19.01,0.1901,0.8764,133.29
9735,33.09,33.09,28.49,25.76,16.56,85.35,0.1594,0.8457,115.83
9736,37.0,27.85,21.54,20.21,16.61,11.97,0.1549,0.9138,112.59
9737,45.23,21.26,34.28,18.29,17.32,88.52,0.1068,0.8958,122.18
9738,42.83,104.18,22.3,23.22,16.83,4.95,0.1137,0.956,200.15
9739,40.42,52.11,23.21,19.36,15.18,94.09,0.1233,0.8781,131.96
9740,31.65,37.39,29.27,18.9,13.19,30.44,0.1004,0.9249,120.6
9741,39.52,19.84,23.65,21.26,9.38,37.39,0.1406,0.8886,100.99
9742,34.78,19.07,32.69,23.01,20.81,63.19,0.1541,0.8608,112.21
9743,34.57,68.29,30.65,15.71,12.08,94.27,0.15,0.8516,137.36
9744,47.96,66.68,27.03,13.01,18.52,20.09,0.1289,0.9146,158.41
9745,33.87,39.07,29.2,15.24,13.17,36.45,0.1154,0.9092,118.7
9746,33.41,25.32,22.5,16.76,14.28,68.09,0.1982,0.8177,91.8
9747,42.51,28.1,23.21,27.81,12.54,7.9,0.1562,0.9259,124.23
9748,32.67,24.72,18.19,18.15,15.2,34.72,0.1221,0.9052,98.61
9749,35.57,80.36,26.87,22.08,16.47,63.64,0.1785,0.8384,152.05
9750,55.4,32.26,35.86,17.73,9.83,44.3,0.1472,0.8782,132.67
9751,38.66,48.43,22.09,17.28,16.51,97.89,0.121,0.8793,125.73
9752,45.41,51.25,15.6,24.35,19.94,97.6,0.1733,0.8272,129.49
9753,60.12,20.94,28.62,12.8,16.55,92.8,0.1736,0.8288,115.23
9754,41.6,36.12,26.63,25.24,17.41,95.57,0.1857,0.8157,119.91
9755,44.2,31.28,27.74,19.98,14.47,95.29,0.1034,0.8974,123.54
9756,42.5,58.59,23.26,20.44,13.43,84.27,0.1485,0.8566,135.53
9757,37.4,44.55,16.3,24.33,15.74,94.97,0.1438,0.8575,118.61
9758,41.01,34.25,20.29,25.67,11.73,1.88,0.1922,0.9559,127.09
9759,38.57,37.13,15.35,16.45,14.17,78.51,0.14,0.867,105.48
9760,32.71,26.6,29.6,13.9,9.96,54.07,0.191,0.8338,94.03
9761,46.66,23.94,27.84,13.38,11.56,47.45,0.1973,0.8337,102.87
9762,25.52,25.86,23.52,20.08,18.53,13.56,0.1962,0.8859,100.56
9763,40.06,42.67,19.5,16.3,7.56,36.24,0.1928,0.8486,106.99
9764,37.77,50.54,23.5,14.86,17.24,39.09,0.1227,0.9016,129.75
9765,31.71,45.06,16.41,22.08,21.03,22.56,0.1747,0.8801,119.96
9766,44.98,18.7,22.24,22.35,15.74,94.58,0.1457,0.8558,106.14
9767,31.83,39.84,36.14,18.96,12.12,61.43,0.1816,0.837,116.24
9768,36.74,44.73,25.97,18.94,16.84,96.67,0.1933,0.8077,115.68
9769,45.82,69.2,36.91,21.0,10.68,59.09,0.165,0.8533,156.67
9770,24.6,20.51,15.89,15.09,12.59,53.33,0.1841,0.8403,74.51
9771,48.62,53.77,24.05,22.24,11.01,39.4,0.142,0.8859,141.47
9772,39.71,66.21,19.54,23.05,11.02,20.46,0.181,0.8795,140.32
9773,37.53,22.58,22.08,25.29,17.64,18.9,0.1174,0.9238,115.57
9774,28.97,45.39,24.95,12.7,14.45,73.0,0.1013,0.9053,114.48
9775,40.72,17.77,22.73,22.05,16.86,81.4,0.1568,0.8498,102.09
9776,40.2,34.64,19.47,22.33,15.69,4.55,0.1618,0.9398,124.36
9777,44.37,23.1,22.29,26.41,10.39,11.35,0.144,0.9214,116.62
9778,36.24,45.98,20.16,19.22,14.13,73.89,0.1276,0.8804,119.49
9779,32.2,34.31,26.49,19.23,12.14,17.98,0.1416,0.9095,113.11
9780,42.51,30.44,29.52,19.09,13.57,38.63,0.1074,0.9142,123.53
9781,35.38,44.68,30.95,18.4,14.74,79.41,0.1325,0.8738,125.96
9782,44.04,24.88,25.86,16.41,14.08,87.36,0.1743,0.8304,104.02
9783,31.75,35.28,24.79,15.91,15.62,91.53,0.1769,0.826,101.9
9784,46.35,46.23,17.4,17.25,15.38,34.62,0.1515,0.8824,125.85
9785,51.92,30.65,24.59,21.81,11.99,60.38,0.1228,0.8902,125.48
9786,38.67,36.89,26.14,16.41,15.32,48.59,0.1285,0.891,118.89
9787,50.79,31.61,23.37,22.52,20.21,71.37,0.1361,0.8735,129.72
9788,46.03,62.03,19.15,19.87,13.36,74.28,0.1479,0.8612,138.16
9789,42.69,61.57,28.82,22.18,10.61,23.23,0.1295,0.9103,151.0
9790,39.89,33.87,20.89,22.8,14.25,94.3,0.1275,0.8738,115.08
9791,35.65,33.4,29.42,18.89,17.38,49.18,0.1482,0.874,117.77
9792,49.58,23.36,29.03,24.7,16.95,23.38,0.136,0.9057,130.08
9793,47.97,86.32,14.39,24.61,16.11,28.67,0.1725,0.873,165.35
9794,31.64,47.87,29.19,15.29,19.75,14.81,0.1999,0.8802,126.51
9795,40.92,50.19,24.02,17.21,19.35,17.98,0.1038,0.9337,141.62
9796,33.49,61.92,16.72,18.68,18.39,85.6,0.1572,0.8478,126.5
9797,43.8,34.33,21.96,24.1,14.19,84.03,0.1218,0.8824,122.12
9798,45.99,31.44,29.9,25.19,23.43,44.39,0.149,0.8766,136.71
9799,27.49,63.55,25.02,21.2,13.0,50.15,0.1475,0.874,131.32
9800,39.33,28.18,21.77,25.69,17.68,7.55,0.1676,0.9219,122.3
9801,43.4,32.55,25.5,18.61,13.04,24.79,0.176,0.8758,116.56
9802,40.73,39.64,24.29,26.01,17.3,24.5,0.17,0.8804,130.28
9803,54.27,22.7,18.97,23.79,16.75,84.2,0.1347,0.87,118.73
9804,27.42,48.23,18.85,20.7,14.01,44.08,0.1049,0.9132,118.0
9805,50.84,43.61,26.04,22.62,8.76,4.87,0.1293,0.9503,144.32
9806,32.93,28.19,28.15,24.78,21.53,27.52,0.1816,0.8678,117.67
9807,22.85,55.77,22.97,18.23,19.83,45.67,0.1435,0.8802,122.93
9808,42.56,21.89,26.21,17.48,19.47,17.78,0.1698,0.8919,113.82
9809,39.0,30.19,21.1,22.19,10.63,7.71,0.1621,0.9238,113.73
9810,40.74,63.62,34.36,19.23,17.98,16.87,0.1679,0.8949,157.44
9811,44.17,33.2,24.91,20.01,14.56,24.48,0.1751,0.8769,120.0
9812,44.4,19.34,15.83,26.2,13.75,49.72,0.1867,0.8408,100.48
9813,35.75,38.57,19.86,16.79,12.52,76.87,0.121,0.8856,109.36
9814,46.49,31.27,23.46,23.51,19.36,24.22,0.1047,0.9266,133.53
9815,23.87,43.16,30.17,21.1,15.97,82.06,0.1516,0.8545,114.73
9816,39.24,54.27,28.26,15.56,15.05,83.68,0.1908,0.816,124.36
9817,49.03,34.07,21.7,14.9,16.11,67.13,0.1138,0.8957,121.65
9818,42.29,13.55,17.11,10.68,15.59,52.68,0.1933,0.8328,82.64
9819,40.4,43.77,23.85,18.23,18.02,14.49,0.1864,0.8891,128.27
9820,37.25,23.37,21.59,15.71,8.76,55.75,0.1964,0.8278,88.3
9821,42.78,42.92,23.97,20.16,13.79,43.88,0.1291,0.8933,128.3
9822,37.76,49.48,24.67,20.73,10.82,15.66,0.1412,0.9137,131.08
9823,45.02,53.54,26.34,13.16,15.74,12.36,0.1832,0.8969,137.94
9824,35.85,49.14,24.26,11.66,10.29,26.93,0.1277,0.9076,119.08
9825,52.21,30.93,14.19,22.21,11.31,73.25,0.1976,0.8152,106.66
9826,44.38,33.4,26.28,18.37,15.96,62.4,0.113,0.8981,124.28
9827,54.5,41.52,27.15,16.57,14.12,16.15,0.1336,0.9176,141.18
9828,36.9,48.49,22.08,18.9,16.07,45.4,0.146,0.8784,125.11
9829,49.8,23.56,18.01,21.77,11.4,28.06,0.1202,0.9121,113.58
9830,29.88,50.59,27.66,23.87,14.28,90.3,0.1058,0.8963,131.12
9831,45.78,16.93,23.6,19.94,14.85,7.59,0.1882,0.9121,110.44
9832,39.07,15.19,20.89,20.98,10.89,30.85,0.1318,0.9009,96.42
9833,40.95,18.08,25.54,23.68,12.91,24.52,0.1567,0.8898,107.81
9834,45.83,43.1,30.24,23.6,15.53,40.8,0.1183,0.9041,143.13
9835,45.95,44.89,22.45,24.54,13.9,10.32,0.1736,0.9085,137.85
9836,46.71,37.94,23.71,14.84,12.46,24.13,0.1104,0.9227,125.17
9837,42.81,27.93,23.37,8.79,15.7,91.3,0.171,0.832,98.68
9838,44.33,42.3,18.75,16.84,13.48,19.9,0.1649,0.8912,120.94
9839,38.23,26.76,24.53,23.74,15.86,29.81,0.1592,0.8815,113.82
9840,34.85,30.72,33.12,19.77,16.65,40.3,0.1683,0.864,116.74
9841,41.33,25.05,16.11,25.04,16.8,26.22,0.1259,0.9096,113.1
9842,22.84,45.34,23.84,14.99,15.38,63.9,0.1601,0.8549,104.62
9843,43.35,27.75,29.01,16.91,14.45,97.27,0.1035,0.8969,117.91
9844,46.96,40.86,19.17,21.69,14.87,53.69,0.1258,0.8907,127.87
9845,44.96,36.26,25.94,20.81,18.96,82.63,0.163,0.8433,123.91
9846,35.11,66.4,29.39,20.87,12.91,9.1,0.1444,0.9275,152.75
9847,23.64,35.99,17.44,19.36,19.09,42.42,0.1021,0.9164,105.86
9848,45.25,57.56,32.73,19.53,13.48,27.4,0.1592,0.8843,149.06
9849,33.69,48.37,24.39,26.66,16.44,31.91,0.1834,0.8609,128.74
9850,29.7,22.33,22.83,19.57,15.59,84.87,0.1001,0.9032,99.38
9851,47.59,28.01,17.37,24.34,17.04,53.93,0.1689,0.853,114.61
9852,29.16,31.39,21.73,19.85,6.56,37.31,0.1223,0.9032,98.17
9853,38.63,43.52,16.26,24.39,16.69,32.73,0.1106,0.9155,127.7
9854,54.22,47.74,14.48,19.59,14.46,7.44,0.1537,0.9288,139.78
9855,34.66,45.46,25.83,19.17,16.89,89.41,0.1636,0.84,119.28
9856,31.47,25.47,25.56,19.56,15.87,35.32,0.1056,0.9176,108.22
9857,44.06,34.74,16.6,23.26,17.78,61.13,0.1035,0.9072,123.77
9858,42.62,29.61,25.96,14.04,12.05,58.79,0.1848,0.8359,103.87
9859,26.74,40.57,18.45,18.33,9.53,46.23,0.1066,0.9107,103.49
9860,40.42,18.26,25.73,22.65,10.15,80.54,0.1028,0.9018,105.69
9861,49.43,34.66,27.49,19.5,13.49,31.84,0.1295,0.9018,130.38
9862,51.2,17.29,14.41,16.86,12.57,52.3,0.1797,0.8449,94.91
9863,37.92,22.68,24.78,19.55,16.54,26.91,0.1596,0.8846,107.46
9864,43.97,67.24,28.14,22.94,18.68,84.39,0.1799,0.8263,149.53
9865,44.34,68.92,19.2,24.7,17.17,62.34,0.1069,0.9037,157.53
9866,48.07,26.98,23.23,15.65,13.21,37.21,0.1442,0.8859,112.63
9867,39.27,42.63,28.99,26.77,14.7,2.22,0.1718,0.9563,145.71
9868,50.36,42.44,23.1,17.18,16.78,63.37,0.1712,0.8452,126.66
9869,34.16,60.44,30.12,19.54,19.08,72.3,0.1693,0.8421,137.55
9870,46.24,38.62,32.1,15.88,18.2,60.78,0.1891,0.8306,125.46
9871,31.98,23.01,31.83,20.94,18.2,98.69,0.128,0.8721,109.87
9872,25.68,25.21,22.31,18.0,16.21,12.52,0.1153,0.9348,100.41
9873,44.9,41.01,19.63,17.74,18.37,30.22,0.1209,0.9097,128.85
9874,63.64,16.85,28.02,21.64,17.4,42.72,0.1402,0.885,130.58
9875,42.56,17.62,24.25,19.44,10.34,39.63,0.1171,0.9058,103.46
9876,38.33,49.08,24.44,17.35,15.95,74.47,0.1883,0.8232,119.49
9877,49.94,100.71,34.61,18.05,12.45,13.77,0.1406,0.9178,198.01
9878,36.44,27.27,24.16,22.4,12.44,8.05,0.1971,0.9057,111.14
9879,25.88,32.82,21.38,14.85,15.47,4.07,0.182,0.9358,103.32
9880,47.54,33.89,8.75,21.24,14.98,69.22,0.155,0.8569,108.32
9881,52.44,38.59,19.5,15.6,14.31,79.35,0.148,0.859,120.64
9882,41.03,24.86,23.44,22.19,11.16,48.27,0.1275,0.8921,109.45
9883,42.5,33.59,29.48,25.44,14.51,38.6,0.186,0.8514,123.9
9884,35.13,48.16,31.93,16.62,11.43,18.59,0.1377,0.911,130.52
9885,38.7,27.77,25.45,16.5,15.93,48.23,0.1495,0.8735,108.63
9886,41.78,35.15,22.94,27.85,14.9,11.52,0.1161,0.9363,133.53
9887,40.36,52.96,22.35,23.17,16.88,12.22,0.1065,0.9403,146.41
9888,40.29,34.55,26.79,18.8,12.02,44.88,0.1385,0.8849,117.2
9889,14.87,18.93,21.07,19.68,18.55,2.96,0.1355,0.9595,89.34
9890,41.32,14.09,29.3,15.3,15.61,71.89,0.1964,0.8171,94.48
9891,29.38,22.17,30.82,11.61,25.15,92.61,0.1267,0.8751,104.25
9892,43.81,56.18,31.11,19.84,12.43,33.44,0.1285,0.9012,147.23
9893,48.46,31.54,17.7,18.07,19.92,64.85,0.1515,0.8623,116.99
9894,44.48,40.21,26.73,22.59,12.7,91.45,0.1169,0.8851,129.85
9895,30.82,58.79,23.94,20.05,18.11,23.58,0.1941,0.865,131.24
9896,33.33,21.26,16.19,18.61,16.51,54.8,0.1952,0.8295,87.85
9897,39.47,101.58,24.66,18.43,10.52,58.64,0.1145,0.8983,174.86
9898,46.83,33.57,23.05,13.27,14.15,82.98,0.1541,0.8517,111.46
9899,47.96,43.37,22.68,15.47,17.85,61.39,0.1286,0.8845,130.32
9900,42.89,26.4,33.03,15.62,14.37,78.66,0.1671,0.8411,111.29
9901,32.29,23.79,17.35,22.98,17.98,28.42,0.1722,0.8735,99.92
9902,49.39,35.35,24.64,22.34,16.69,70.07,0.1141,0.8944,132.75
9903,39.79,27.42,25.91,20.9,18.29,50.99,0.1682,0.8557,113.23
9904,36.82,36.3,11.77,26.92,16.56,56.22,0.1677,0.8526,109.45
9905,36.11,14.93,25.28,20.99,12.2,70.04,0.1345,0.8755,95.87
9906,27.82,20.2,26.11,20.27,15.21,81.76,0.155,0.8514,93.33
9907,48.8,28.46,29.16,17.96,15.56,23.8,0.1149,0.9199,128.73
9908,39.0,22.2,11.07,18.95,15.02,25.85,0.1456,0.896,95.19
9909,34.46,118.07,24.73,16.55,12.79,99.9,0.1339,0.8658,178.87
9910,44.86,37.65,22.53,24.79,14.28,6.68,0.1519,0.9327,134.41
9911,46.3,38.95,26.74,21.92,16.77,11.84,0.1183,0.9344,140.79
9912,26.14,22.61,26.69,19.32,15.14,51.73,0.1292,0.8887,97.67
9913,52.41,26.48,26.28,19.17,7.91,55.14,0.1563,0.8633,114.16
9914,57.77,28.61,25.63,25.09,18.89,71.8,0.1988,0.8149,127.12
9915,40.82,55.38,24.64,22.8,13.66,91.48,0.1451,0.8573,134.85
9916,41.91,19.85,25.61,16.89,10.1,91.8,0.1348,0.8674,99.2
9917,59.15,30.52,15.74,14.19,15.0,64.19,0.1179,0.893,120.21
9918,31.26,41.76,40.27,19.09,13.15,75.79,0.1668,0.8428,122.65
9919,35.83,13.89,28.26,21.06,12.33,65.77,0.1599,0.8542,95.12
9920,44.65,18.0,33.33,13.14,15.53,17.23,0.1579,0.9004,112.24
9921,49.18,19.96,25.03,13.01,19.18,94.5,0.1035,0.8975,113.41
9922,40.3,32.5,27.73,18.39,16.39,84.62,0.1725,0.8333,112.77
9923,33.49,29.17,16.95,23.03,10.91,10.68,0.1557,0.9169,104.11
9924,50.3,50.77,33.34,20.86,14.21,98.55,0.1053,0.8948,151.66
9925,39.94,14.4,31.73,20.4,13.72,84.5,0.1544,0.8509,102.26
9926,40.01,29.65,20.26,18.66,16.58,89.52,0.1683,0.8353,104.55
9927,47.44,56.01,21.98,23.72,9.23,52.65,0.1123,0.9029,142.99
9928,52.05,18.65,24.11,22.82,16.76,90.65,0.1941,0.8095,108.79
9929,41.92,33.42,27.0,27.43,12.22,34.16,0.1842,0.8576,121.78
9930,43.83,47.26,23.92,19.44,13.29,16.52,0.1023,0.9364,138.34
9931,48.37,61.46,28.47,24.75,17.75,5.21,0.1178,0.9533,172.35
9932,38.19,21.2,26.22,18.48,16.01,26.93,0.1665,0.8796,105.64
9933,35.61,40.62,26.37,18.64,16.63,87.24,0.1184,0.8848,122.0
9934,37.06,35.58,25.16,21.31,17.91,64.83,0.178,0.8381,114.84
9935,32.64,23.1,31.9,19.18,14.17,35.53,0.1308,0.8978,108.63
9936,31.3,21.38,29.24,18.14,12.02,23.47,0.186,0.8709,97.6
9937,57.77,21.1,23.16,22.2,15.78,26.34,0.1074,0.9228,129.2
9938,32.84,154.54,29.6,17.77,17.48,67.89,0.1411,0.8703,219.52
9939,42.17,56.1,20.67,28.29,15.2,17.07,0.1947,0.8776,142.55
9940,39.31,35.97,22.3,21.7,18.97,14.32,0.1216,0.9279,128.3
9941,48.39,24.97,29.41,22.18,14.02,63.82,0.1543,0.8602,119.55
9942,40.93,43.82,27.85,21.54,14.38,88.07,0.1243,0.8788,130.52
9943,51.1,21.51,26.29,27.51,11.58,77.96,0.134,0.8729,120.45
9944,38.97,39.86,27.36,25.73,12.16,9.51,0.1077,0.945,136.16
9945,41.96,48.91,33.2,24.26,15.64,78.4,0.102,0.9031,148.09
9946,46.01,32.82,24.73,25.98,11.16,90.39,0.1138,0.8885,125.0
9947,41.59,27.53,25.01,19.93,14.83,69.84,0.1285,0.8812,113.57
9948,44.22,28.48,31.87,24.4,14.88,77.0,0.1678,0.8413,121.02
9949,42.27,51.58,19.73,21.26,16.75,87.96,0.1651,0.8391,127.19
9950,28.69,34.34,22.68,24.84,17.88,53.36,0.1507,0.8693,111.64
9951,46.12,67.85,28.39,20.51,16.49,54.64,0.1436,0.8747,156.88
9952,49.42,16.85,21.85,20.86,21.5,60.92,0.1476,0.8678,113.23
9953,38.96,21.07,25.26,15.89,15.35,21.5,0.1536,0.8961,104.43
9954,38.36,36.19,19.12,14.49,20.22,43.7,0.1689,0.8607,110.49
9955,42.35,41.93,26.32,24.03,7.77,53.52,0.1719,0.8507,121.14
9956,55.57,34.07,17.05,20.83,16.06,5.33,0.1884,0.9245,132.74
9957,37.72,61.33,18.4,21.76,13.85,48.37,0.1364,0.8845,135.39
9958,44.98,23.99,26.52,21.21,16.03,63.81,0.1198,0.8915,118.33
9959,38.6,35.23,29.39,16.89,15.98,75.28,0.1366,0.8714,118.59
9960,44.78,54.0,25.2,15.42,17.51,5.63,0.1497,0.9385,147.26
9961,29.79,71.39,31.92,24.34,17.19,55.2,0.1548,0.8646,150.98
9962,54.37,32.25,27.04,21.97,15.54,76.31,0.1839,0.8264,124.92
9963,42.94,102.43,22.22,25.14,11.48,19.34,0.1153,0.9246,188.82
9964,37.77,36.32,31.66,15.76,16.79,34.75,0.1719,0.8665,119.83
9965,37.99,69.01,27.76,20.3,11.36,8.94,0.1552,0.9226,153.55
9966,42.23,30.49,27.42,23.17,12.39,40.35,0.1461,0.8819,119.69
9967,56.02,32.91,31.99,27.2,16.43,27.05,0.188,0.8639,142.16
9968,52.37,55.91,23.15,21.83,15.56,36.2,0.1549,0.8783,148.28
9969,37.85,48.56,28.32,21.56,12.06,18.85,0.1826,0.8815,130.78
9970,40.75,34.76,22.53,17.27,11.09,28.24,0.1774,0.87,109.96
9971,41.16,23.06,25.01,19.29,15.36,40.1,0.1326,0.893,110.62
9972,24.39,100.05,19.76,14.75,14.35,2.44,0.1642,0.9559,165.67
9973,38.16,31.38,26.41,17.45,13.36,32.81,0.1379,0.8946,113.39
9974,41.68,36.01,28.79,24.12,16.96,16.26,0.1407,0.913,134.72
9975,32.74,16.2,24.6,16.95,14.91,93.52,0.1889,0.8134,85.74
9976,53.82,27.98,26.75,20.17,18.06,37.52,0.1337,0.894,131.22
9977,30.99,49.94,13.89,18.02,16.77,40.01,0.1915,0.8456,109.6
9978,31.88,33.04,27.26,21.19,10.37,88.85,0.1836,0.8207,101.55
9979,45.53,101.1,18.44,17.6,9.52,81.57,0.1972,0.811,155.87
9980,42.23,39.32,30.16,21.45,17.48,8.05,0.1155,0.9447,142.32
9981,36.38,27.62,29.64,21.6,18.38,6.88,0.1096,0.9509,127.06
9982,48.06,69.4,20.56,17.41,16.79,84.84,0.1035,0.8999,154.99
9983,41.95,93.4,22.3,15.21,12.47,12.4,0.1932,0.8911,165.15
9984,54.79,60.01,31.88,15.95,19.32,46.38,0.1001,0.9161,166.69
9985,25.77,36.94,31.7,22.76,16.6,15.56,0.1008,0.9386,125.56
9986,35.83,32.52,27.22,13.43,18.08,44.31,0.1234,0.8978,114.1
9987,53.23,18.16,22.42,16.69,17.09,21.43,0.1619,0.8906,113.64
9988,43.84,40.35,15.86,20.05,13.76,64.0,0.1082,0.9019,120.73
9989,39.16,41.01,28.7,24.99,15.19,9.38,0.1466,0.9255,137.94
9990,36.77,22.18,22.05,22.95,14.4,67.6,0.151,0.8614,101.94
9991,42.8,36.1,28.22,18.16,20.97,53.21,0.162,0.8595,125.71
9992,30.84,54.79,29.13,17.67,16.08,61.06,0.1514,0.8643,128.36
9993,28.52,31.27,23.93,19.45,16.69,35.74,0.2,0.8435,101.11
9994,44.51,39.86,26.07,25.77,15.09,93.41,0.1776,0.8247,124.77
9995,46.84,15.67,31.58,15.22,11.23,11.05,0.121,0.9346,112.65
9996,47.53,72.54,23.87,15.25,12.27,89.62,0.1142,0.8883,152.31
9997,36.57,26.78,22.15,19.68,14.84,55.33,0.1077,0.9058,108.7
9998,36.25,31.09,27.05,21.72,9.61,84.84,0.1216,0.8824,110.93
9999,39.97,38.83,23.94,16.32,13.2,80.59,0.1005,0.9039,119.55
10000,32.05,32.36,25.6,23.17,15.71,25.32,0.1165,0.9172,118.22
